recording,baseline_id,start_iso,n_frames,duration_s,mean_V,sd_V,median_V,min_V,max_V,cv_percent,linear_drift_V_per_min,raw_force_mean_N,raw_force_sd_N,original_mean_V,original_sd_V
2026-08-08_165945_733163_1_R9_NOCONTACT,baseline-c342b333520d438d9221602432ae6aa6,2026-08-08T08:59:45.752388+00:00,120,15.8758081,0.910535281601,0.0400713274794,0.910467168663,0.776273372018,1.00738802524,4.40085390309,0.0393247188167,-0.00754810658507,0.000457000842795,0.617162490618,0.0232718856423
2026-08-08_170033_095779_1_R8_NOCONTACT,baseline-c342b333520d438d9221602432ae6aa6,2026-08-08T09:00:33.112409+00:00,120,15.8715629,0.963648138799,0.0366365380913,0.962904911181,0.859811421455,1.04057819575,3.80185843943,0.00648597334695,-0.00694392408938,0.00042236473082,0.651166204489,0.0230560852672
2026-08-08_170110_241265_1_R7_NOCONTACT,baseline-c342b333520d438d9221602432ae6aa6,2026-08-08T09:01:10.328063+00:00,125,16.5519875,0.928368587244,0.0413828591568,0.92516885887,0.829787234043,1.05112390351,4.45758933741,0.143332589287,-0.00662835515923,0.000457359532765,0.62978180522,0.025358514746
2026-08-08_170144_520372_1_R6_NOCONTACT,baseline-c342b333520d438d9221602432ae6aa6,2026-08-08T09:01:44.616672+00:00,119,15.7563316,0.908983991983,0.0413797354135,0.908573187625,0.795889933821,1.0454055718,4.55230628685,-0.061421309953,-0.00670612759226,0.000393506910424,0.620058691429,0.0251016600428
2026-08-08_170226_232257_1_R5_NOCONTACT,baseline-c342b333520d438d9221602432ae6aa6,2026-08-08T09:02:26.250241+00:00,130,17.1981777,0.90728753304,0.0448867593729,0.904287821021,0.796260477112,1.06270148291,4.94735767199,-0.229678650126,-0.0065709369995,0.000417041481582,0.616645345299,0.0267008299373
2026-08-08_170312_681393_1_R4_NOCONTACT,baseline-c342b333520d438d9221602432ae6aa6,2026-08-08T09:03:12.809117+00:00,119,15.7429843,0.878278968468,0.0429250117698,0.877917102055,0.777441736346,1.00452803901,4.88740062223,0.0341635688733,-0.00661434789162,0.000390365250798,0.599045336893,0.025049889667
2026-08-08_170412_350589_1_R3_NOCONTACT,baseline-c342b333520d438d9221602432ae6aa6,2026-08-08T09:04:12.439046+00:00,124,16.4090177,0.856013312284,0.0413444496412,0.855251823737,0.74381782601,0.972657610589,4.82988395717,-0.00817478307717,-0.00669016898145,0.000391073735833,0.581883287244,0.0227180148822
2026-08-08_170446_985345_1_R2_NOCONTACT,baseline-c342b333520d438d9221602432ae6aa6,2026-08-08T09:04:46.984345+00:00,123,16.2718161,0.854968294312,0.0438248914732,0.856382978723,0.712584429435,1.01144422953,5.12590838337,0.0773112100793,-0.00649672481405,0.000357944471861,0.585161938265,0.0266508668167
2026-08-08_173847_719544_1_R1_NOCONTACT_v2,baseline-73cfb3c3e0794019ad697f9a5acae3d3,2026-08-08T09:38:47.721543+00:00,128,16.9436162,0.917737518283,0.052481219751,0.916932482722,0.770759112086,1.03841041999,5.71854356017,-0.116321415345,-0.000662274412438,0.000416518659367,0.472383049723,0.0274740605057
2026-08-08_174143_480272_1_R1_NOCONTACT_v2_2,baseline-73cfb3c3e0794019ad697f9a5acae3d3,2026-08-08T09:41:43.560305+00:00,125,16.5287355,0.871981974583,0.0442219919729,0.871477937267,0.763496848452,1.01169590643,5.07143418807,-0.0447408325618,-0.000764497678639,0.000414550554888,0.447948103149,0.0245438208489
2026-08-08_174209_473656_1_R1_NOCONTACT_v2_3,baseline-73cfb3c3e0794019ad697f9a5acae3d3,2026-08-08T09:42:09.560409+00:00,119,15.7444893,0.879877056082,0.0495412052411,0.87586390218,0.751461988304,0.992158426369,5.63046904095,-0.0777968471434,-0.000823473636971,0.000409736336414,0.448149600931,0.0260492885972
