time_s,force_N,global_max,recording
19.0716377,6.77857467169,1.25719375171,2026-08-08_152554_893849_1_R1_TEST2
19.2056577,9.80628567647,1.04151822417,2026-08-08_152554_893849_1_R1_TEST2
19.3435661,13.72971146,0.721579790073,2026-08-08_152554_893849_1_R1_TEST2
19.4739782,12.4831914227,2.27103315977,2026-08-08_152554_893849_1_R1_TEST2
19.6047956,8.07385831079,1.05659084681,2026-08-08_152554_893849_1_R1_TEST2
19.7441622,7.10556472183,0.944231296246,2026-08-08_152554_893849_1_R1_TEST2
19.8723542,7.77643673868,1.27993970951,2026-08-08_152554_893849_1_R1_TEST2
20.000505,10.7796070139,1.19032611674,2026-08-08_152554_893849_1_R1_TEST2
20.1454869,13.7230432034,1.07358180323,2026-08-08_152554_893849_1_R1_TEST2
20.2719827,10.6702916383,2.68621540148,2026-08-08_152554_893849_1_R1_TEST2
20.4026876,8.11251265786,0.929295697451,2026-08-08_152554_893849_1_R1_TEST2
20.5435017,7.91259576157,1.41271581255,2026-08-08_152554_893849_1_R1_TEST2
20.6799949,10.0362384104,1.02041655248,2026-08-08_152554_893849_1_R1_TEST2
20.8026724,13.4825349208,0.759153928191,2026-08-08_152554_893849_1_R1_TEST2
20.9441048,12.2923301078,2.65004110715,2026-08-08_152554_893849_1_R1_TEST2
21.0787105,8.91506800667,1.1238695533,2026-08-08_152554_893849_1_R1_TEST2
21.2003259,8.08427632089,0.982323924363,2026-08-08_152554_893849_1_R1_TEST2
21.3529203,8.64448915812,1.44779391614,2026-08-08_152554_893849_1_R1_TEST2
21.472408,11.6243094198,1.08070704303,2026-08-08_152554_893849_1_R1_TEST2
21.6056968,13.0270860898,2.46752534941,2026-08-08_152554_893849_1_R1_TEST2
21.7441769,9.50231845126,1.29980816662,2026-08-08_152554_893849_1_R1_TEST2
21.8730147,8.13095227581,1.23869553302,2026-08-08_152554_893849_1_R1_TEST2
22.0029851,9.14725358771,1.12866538778,2026-08-08_152554_893849_1_R1_TEST2
22.1497478,12.6162424016,0.957111537408,2026-08-08_152554_893849_1_R1_TEST2
22.2715138,12.2944224849,2.64647848726,2026-08-08_152554_893849_1_R1_TEST2
22.4001999,9.43995605621,1.14510824884,2026-08-08_152554_893849_1_R1_TEST2
22.5446052,9.0819867542,1.36256508633,2026-08-08_152554_893849_1_R1_TEST2
22.6724572,11.6618813171,0.980816662099,2026-08-08_152554_893849_1_R1_TEST2
22.8224719,13.8442886723,1.40490545355,2026-08-08_152554_893849_1_R1_TEST2
22.9440729,11.2273499841,2.40997533571,2026-08-08_152554_893849_1_R1_TEST2
23.0722418,9.20524593515,1.22266374349,2026-08-08_152554_893849_1_R1_TEST2
23.217714,9.47549610646,1.18183063853,2026-08-08_152554_893849_1_R1_TEST2
23.3436411,11.9363514728,0.947519868457,2026-08-08_152554_893849_1_R1_TEST2
23.4715162,13.7771253053,0.979446423678,2026-08-08_152554_893849_1_R1_TEST2
23.6207689,10.306060182,2.73239243628,2026-08-08_152554_893849_1_R1_TEST2
23.7447732,7.57767978032,0.910797478761,2026-08-08_152554_893849_1_R1_TEST2
23.8723286,7.31428761575,1.35448067964,2026-08-08_152554_893849_1_R1_TEST2
24.0189875,9.81637294474,1.07275966018,2026-08-08_152554_893849_1_R1_TEST2
24.1439915,12.5626551068,0.818032337627,2026-08-08_152554_893849_1_R1_TEST2
24.2722333,10.4646141182,3.2844614963,2026-08-08_152554_893849_1_R1_TEST2
24.4159774,6.83097260171,0.964373801041,2026-08-08_152554_893849_1_R1_TEST2
24.5436431,6.49121248789,1.43381748424,2026-08-08_152554_893849_1_R1_TEST2
24.6720223,8.43889518071,1.14154562894,2026-08-08_152554_893849_1_R1_TEST2
24.8158525,12.6002293092,0.80487804878,2026-08-08_152554_893849_1_R1_TEST2
24.9439666,11.3249711948,1.75760482324,2026-08-08_152554_893849_1_R1_TEST2
25.0722797,5.8142865923,1.9066867635,2026-08-08_152554_893849_1_R1_TEST2
25.2158812,3.16504507855,1.16552480132,2026-08-08_152554_893849_1_R1_TEST2
25.3440878,4.58750827485,1.64798574952,2026-08-08_152554_893849_1_R1_TEST2
25.471891,9.42862411647,0.933269388874,2026-08-08_152554_893849_1_R1_TEST2
25.6159768,10.6160876324,2.78117292409,2026-08-08_152554_893849_1_R1_TEST2
25.7442891,6.16761143449,1.14236777199,2026-08-08_152554_893849_1_R1_TEST2
25.8724644,5.46440486725,1.4223074815,2026-08-08_152554_893849_1_R1_TEST2
26.0201187,7.50383633079,1.14250479583,2026-08-08_152554_893849_1_R1_TEST2
26.1447497,11.4835590824,0.89284735544,2026-08-08_152554_893849_1_R1_TEST2
26.2801357,10.3546109659,2.88421485338,2026-08-08_152554_893849_1_R1_TEST2
26.4161396,6.37832540237,1.33200876953,2026-08-08_152554_893849_1_R1_TEST2
26.5443486,6.77315755118,1.30693340641,2026-08-08_152554_893849_1_R1_TEST2
26.6776722,10.3469117573,0.934502603453,2026-08-08_152554_893849_1_R1_TEST2
26.8160513,11.2394759923,2.70348040559,2026-08-08_152554_893849_1_R1_TEST2
26.9443717,7.39865375077,1.29391614141,2026-08-08_152554_893849_1_R1_TEST2
27.0724855,7.03073210197,1.42998081666,2026-08-08_152554_893849_1_R1_TEST2
27.2159036,10.3375139825,0.858591394903,2026-08-08_152554_893849_1_R1_TEST2
27.3442815,12.2369107561,1.60838585914,2026-08-08_152554_893849_1_R1_TEST2
27.472271,8.83275340273,2.05357632228,2026-08-08_152554_893849_1_R1_TEST2
27.6155765,7.30195686369,1.49150452179,2026-08-08_152554_893849_1_R1_TEST2
27.748197,10.1684669057,1.21759386133,2026-08-08_152554_893849_1_R1_TEST2
27.8732456,10.9471519829,3.24732803508,2026-08-08_152554_893849_1_R1_TEST2
28.0162353,7.78106138462,1.4704028501,2026-08-08_152554_893849_1_R1_TEST2
28.1496539,9.21407773985,1.18635242532,2026-08-08_152554_893849_1_R1_TEST2
28.272382,12.3652308137,0.776395307501,2026-08-08_152554_893849_1_R1_TEST2
28.4252606,10.7870090254,2.50767333516,2026-08-08_152554_893849_1_R1_TEST2
28.5443316,8.20951017483,1.43203617429,2026-08-08_152554_893849_1_R1_TEST2
28.6727418,9.64248898144,1.10633050151,2026-08-08_152554_893849_1_R1_TEST2
28.8156082,12.4593905701,1.16374349137,2026-08-08_152554_893849_1_R1_TEST2
28.9454584,10.1833770919,2.13907919978,2026-08-08_152554_893849_1_R1_TEST2
29.0718644,8.6009521742,1.59879419019,2026-08-08_152554_893849_1_R1_TEST2
29.216042,11.5203511008,0.922307481502,2026-08-08_152554_893849_1_R1_TEST2
29.3437141,11.6690991965,2.59454645108,2026-08-08_152554_893849_1_R1_TEST2
29.4723095,8.64738919714,1.35242532201,2026-08-08_152554_893849_1_R1_TEST2
29.6164912,8.96536545878,1.19936969033,2026-08-08_152554_893849_1_R1_TEST2
29.7441858,11.645432911,0.920663195396,2026-08-08_152554_893849_1_R1_TEST2
29.8721267,10.1788526911,2.69320361743,2026-08-08_152554_893849_1_R1_TEST2
30.0161337,7.36556284187,1.47314332694,2026-08-08_152554_893849_1_R1_TEST2
30.1467393,8.17262591588,1.40764593039,2026-08-08_152554_893849_1_R1_TEST2
30.2716702,11.368611778,1.02822691148,2026-08-08_152554_893849_1_R1_TEST2
30.4251772,9.31689471464,2.72978898328,2026-08-08_152554_893849_1_R1_TEST2
30.5435386,7.59760209499,1.55261715539,2026-08-08_152554_893849_1_R1_TEST2
30.6717167,9.23681039516,0.979994519046,2026-08-08_152554_893849_1_R1_TEST2
30.8169217,11.3734105882,1.88352973417,2026-08-08_152554_893849_1_R1_TEST2
19.3434943,6.91919622045,1.91159539474,2026-08-08_161644_548982_1_R5_TEST4
19.4718598,2.16850187671,0.862527412281,2026-08-08_161644_548982_1_R5_TEST4
19.6014467,1.21741769164,0.956140350877,2026-08-08_161644_548982_1_R5_TEST4
19.7567713,4.83561027615,0.806058114035,2026-08-08_161644_548982_1_R5_TEST4
19.8760941,7.15790910436,1.47395833333,2026-08-08_161644_548982_1_R5_TEST4
19.9995291,2.81324549595,1.1795504386,2026-08-08_161644_548982_1_R5_TEST4
20.1507413,1.02707055778,0.677631578947,2026-08-08_161644_548982_1_R5_TEST4
20.2720947,2.37464878649,1.10786732456,2026-08-08_161644_548982_1_R5_TEST4
20.4079105,6.63724353024,1.03412828947,2026-08-08_161644_548982_1_R5_TEST4
20.543504,3.9766464943,1.41296600877,2026-08-08_161644_548982_1_R5_TEST4
20.6817002,1.18625842557,0.783668386408,2026-08-08_161644_548982_1_R5_TEST4
20.8153159,2.33808178492,0.946683114035,2026-08-08_161644_548982_1_R5_TEST4
20.9543666,5.45891315693,0.843338815789,2026-08-08_161644_548982_1_R5_TEST4
21.0775655,2.96874483849,0.981770833333,2026-08-08_161644_548982_1_R5_TEST4
21.2159126,1.09288094522,0.744045503022,2026-08-08_161644_548982_1_R5_TEST4
21.3451381,1.93350212794,1.02302631579,2026-08-08_161644_548982_1_R5_TEST4
21.4719157,4.8899740489,1.0819627193,2026-08-08_161644_548982_1_R5_TEST4
21.6177124,3.00779532299,1.04810855263,2026-08-08_161644_548982_1_R5_TEST4
21.7434357,1.43378981155,0.762746710526,2026-08-08_161644_548982_1_R5_TEST4
21.87392,2.84797661649,1.02234100877,2026-08-08_161644_548982_1_R5_TEST4
22.0158452,6.29350984436,1.35910087719,2026-08-08_161644_548982_1_R5_TEST4
22.1446486,3.25691645862,1.04934210526,2026-08-08_161644_548982_1_R5_TEST4
22.2724913,1.27054633145,0.868421052632,2026-08-08_161644_548982_1_R5_TEST4
22.4298198,3.7704437003,0.747778172769,2026-08-08_161644_548982_1_R5_TEST4
22.5432194,5.87290408331,0.954084429825,2026-08-08_161644_548982_1_R5_TEST4
22.674307,2.53575195044,1.02549342105,2026-08-08_161644_548982_1_R5_TEST4
22.824781,1.25226509093,0.871573464912,2026-08-08_161644_548982_1_R5_TEST4
22.9438837,4.29176083274,0.841282894737,2026-08-08_161644_548982_1_R5_TEST4
23.0713027,6.01880016257,1.62760416667,2026-08-08_161644_548982_1_R5_TEST4
23.2156538,1.88932398836,0.994791666667,2026-08-08_161644_548982_1_R5_TEST4
23.3454433,1.55096189926,0.904057017544,2026-08-08_161644_548982_1_R5_TEST4
23.4715954,4.74288694988,0.808251096491,2026-08-08_161644_548982_1_R5_TEST4
23.6233354,3.20894838949,0.996025219298,2026-08-08_161644_548982_1_R5_TEST4
23.7433484,1.21443356244,0.877604166667,2026-08-08_161644_548982_1_R5_TEST4
23.8718273,2.29539241328,0.8203125,2026-08-08_161644_548982_1_R5_TEST4
24.0154338,6.56182536896,1.0470120614,2026-08-08_161644_548982_1_R5_TEST4
24.143838,3.8093495839,1.37678179825,2026-08-08_161644_548982_1_R5_TEST4
24.2715361,1.10131121539,0.719516530395,2026-08-08_161644_548982_1_R5_TEST4
24.4152867,1.80124156934,0.929276315789,2026-08-08_161644_548982_1_R5_TEST4
24.5457537,6.25707710904,0.77110745614,2026-08-08_161644_548982_1_R5_TEST4
24.6712505,5.85194401982,1.76836622807,2026-08-08_161644_548982_1_R5_TEST4
24.8167162,1.34275679906,0.812911184211,2026-08-08_161644_548982_1_R5_TEST4
24.9433782,0.839917833355,0.761109136154,2026-08-08_161644_548982_1_R5_TEST4
25.0719908,0.991615655311,0.836348684211,2026-08-08_161644_548982_1_R5_TEST4
25.2151152,3.88590265906,0.715072875933,2026-08-08_161644_548982_1_R5_TEST4
25.3439628,5.6704100532,1.09347587719,2026-08-08_161644_548982_1_R5_TEST4
25.4822351,1.72285910122,0.911595394737,2026-08-08_161644_548982_1_R5_TEST4
25.616191,0.972626500948,0.793311403509,2026-08-08_161644_548982_1_R5_TEST4
25.7432274,3.63607227179,0.750797448166,2026-08-08_161644_548982_1_R5_TEST4
25.8713917,5.59684992182,0.991913377193,2026-08-08_161644_548982_1_R5_TEST4
26.0214961,1.70566896111,0.912417763158,2026-08-08_161644_548982_1_R5_TEST4
26.1436559,1.16599593117,0.700932017544,2026-08-08_161644_548982_1_R5_TEST4
26.2860764,3.57088142812,0.761820120867,2026-08-08_161644_548982_1_R5_TEST4
26.4159593,5.64834173288,1.15981359649,2026-08-08_161644_548982_1_R5_TEST4
26.5641251,1.52448765517,0.800301535088,2026-08-08_161644_548982_1_R5_TEST4
26.6766416,0.644052670846,0.741023817988,2026-08-08_161644_548982_1_R5_TEST4
26.8160052,0.676284015031,0.74725877193,2026-08-08_161644_548982_1_R5_TEST4
26.9519044,0.605261647595,0.642768190713,2026-08-08_161644_548982_1_R5_TEST4
27.0718678,1.21236884541,0.793311403509,2026-08-08_161644_548982_1_R5_TEST4
27.2153613,3.85668594567,0.802220394737,2026-08-08_161644_548982_1_R5_TEST4
27.3436157,1.86849471612,0.748666903662,2026-08-08_161644_548982_1_R5_TEST4
27.4810235,0.798974269236,0.752604166667,2026-08-08_161644_548982_1_R5_TEST4
27.6157993,3.03265578165,0.76501955208,2026-08-08_161644_548982_1_R5_TEST4
27.7510749,2.80802995377,1.13966557018,2026-08-08_161644_548982_1_R5_TEST4
27.8722575,0.819526431111,0.867461622807,2026-08-08_161644_548982_1_R5_TEST4
28.0156971,1.51967545637,0.737113402062,2026-08-08_161644_548982_1_R5_TEST4
28.1503276,2.39912507067,0.804002192982,2026-08-08_161644_548982_1_R5_TEST4
28.2712155,1.01451788614,0.721401885785,2026-08-08_161644_548982_1_R5_TEST4
28.4215592,1.88038785364,0.723071453964,2026-08-08_161644_548982_1_R5_TEST4
28.5435124,1.34249967431,0.673519736842,2026-08-08_161644_548982_1_R5_TEST4
28.6751037,0.561010794085,0.728048346961,2026-08-08_161644_548982_1_R5_TEST4
28.8161321,0.480648973121,0.764318991505,2026-08-08_161644_548982_1_R5_TEST4
28.9532857,0.60125437581,0.65629984051,2026-08-08_161644_548982_1_R5_TEST4
29.0730781,0.721343604549,0.71311766797,2026-08-08_161644_548982_1_R5_TEST4
29.2252941,0.796709398475,0.730714539637,2026-08-08_161644_548982_1_R5_TEST4
29.3448336,0.639786636405,0.730462519936,2026-08-08_161644_548982_1_R5_TEST4
29.4718022,0.804148463035,0.726448631354,2026-08-08_161644_548982_1_R5_TEST4
29.620749,2.44861319594,0.709126489948,2026-08-08_161644_548982_1_R5_TEST4
29.7433426,1.59030855574,0.706007820832,2026-08-08_161644_548982_1_R5_TEST4
29.8769837,0.911701874217,0.771418414504,2026-08-08_161644_548982_1_R5_TEST4
30.0159997,2.12360316698,0.722039473684,2026-08-08_161644_548982_1_R5_TEST4
30.1482238,1.24970996379,0.73954812311,2026-08-08_161644_548982_1_R5_TEST4
30.2870453,2.20247882845,0.668311403509,2026-08-08_161644_548982_1_R5_TEST4
30.4187696,1.3027621008,0.728418744862,2026-08-08_161644_548982_1_R5_TEST4
30.5434974,1.4524097903,0.729714912281,2026-08-08_161644_548982_1_R5_TEST4
30.701031,3.40196810043,0.776395307501,2026-08-08_161644_548982_1_R5_TEST4
30.8155483,1.24041217912,0.789884868421,2026-08-08_161644_548982_1_R5_TEST4
30.943322,1.69227331231,0.72513017265,2026-08-08_161644_548982_1_R5_TEST4
31.0887466,4.33187730941,0.67632420903,2026-08-08_161644_548982_1_R5_TEST4
31.2161764,1.81194160229,0.798656798246,2026-08-08_161644_548982_1_R5_TEST4
6.527932,2.61234321691,1.36640408772,2026-08-08_171310_689179_1_R9_TEST7
6.655243,3.86477368659,1.4641260379,2026-08-08_171310_689179_1_R9_TEST7
6.8010387,2.28342178018,1.14924419842,2026-08-08_171310_689179_1_R9_TEST7
6.9268736,3.85542150771,1.17159889291,2026-08-08_171310_689179_1_R9_TEST7
7.0773756,2.49419134039,1.21290185225,2026-08-08_171310_689179_1_R9_TEST7
7.2046446,3.72784556891,1.34958484139,2026-08-08_171310_689179_1_R9_TEST7
7.352171,2.9870834306,1.43623589525,2026-08-08_171310_689179_1_R9_TEST7
7.4600576,3.42559007656,1.3887587822,2026-08-08_171310_689179_1_R9_TEST7
7.5997605,3.62778850743,1.31126250798,2026-08-08_171310_689179_1_R9_TEST7
7.727038,3.44679379401,1.05003193528,2026-08-08_171310_689179_1_R9_TEST7
7.8555892,3.56393923679,1.68405365127,2026-08-08_171310_689179_1_R9_TEST7
8.0094875,3.4649581842,1.45773898233,2026-08-08_171310_689179_1_R9_TEST7
8.1292762,3.08152697067,1.27911432829,2026-08-08_171310_689179_1_R9_TEST7
8.263829,3.14050595683,1.4262295082,2026-08-08_171310_689179_1_R9_TEST7
8.3990737,3.13740929936,1.32914626357,2026-08-08_171310_689179_1_R9_TEST7
8.5276423,2.87015809899,1.51799020651,2026-08-08_171310_689179_1_R9_TEST7
8.6551628,2.50156235429,1.22375984671,2026-08-08_171310_689179_1_R9_TEST7
8.8169709,3.55181184448,1.65488609751,2026-08-08_171310_689179_1_R9_TEST7
8.927043,2.68458712245,1.32041728763,2026-08-08_171310_689179_1_R9_TEST7
9.055746,3.5156052856,1.55609963807,2026-08-08_171310_689179_1_R9_TEST7
9.2074652,3.64292297862,1.64168618267,2026-08-08_171310_689179_1_R9_TEST7
9.3282481,3.31526549591,0.947626144347,2026-08-08_171310_689179_1_R9_TEST7
9.4748225,3.62543682792,1.88247817756,2026-08-08_171310_689179_1_R9_TEST7
9.5997154,2.88332739785,1.14817968916,2026-08-08_171310_689179_1_R9_TEST7
9.7419235,4.06669899923,1.93761975729,2026-08-08_171310_689179_1_R9_TEST7
9.8582619,2.60103927378,1.29997870981,2026-08-08_171310_689179_1_R9_TEST7
9.9998748,4.44078558853,1.92548435171,2026-08-08_171310_689179_1_R9_TEST7
10.1270379,2.41225068676,1.15967638918,2026-08-08_171310_689179_1_R9_TEST7
10.2555754,3.63854555076,1.63104109006,2026-08-08_171310_689179_1_R9_TEST7
10.4159526,2.89660203938,1.25697253566,2026-08-08_171310_689179_1_R9_TEST7
10.5274434,3.7710267081,1.70002129019,2026-08-08_171310_689179_1_R9_TEST7
10.6571511,3.09138855852,1.29018522461,2026-08-08_171310_689179_1_R9_TEST7
10.7989387,3.78484173498,1.88354268682,2026-08-08_171310_689179_1_R9_TEST7
10.9309733,2.802739365,1.43623589525,2026-08-08_171310_689179_1_R9_TEST7
11.0551615,3.15240937542,1.25761124122,2026-08-08_171310_689179_1_R9_TEST7
11.2207165,3.33260133564,1.76985309772,2026-08-08_171310_689179_1_R9_TEST7
11.3270575,3.65410743486,1.30019161167,2026-08-08_171310_689179_1_R9_TEST7
11.4554531,3.72831281565,2.09154779647,2026-08-08_171310_689179_1_R9_TEST7
11.6005071,2.76340088735,1.00361933149,2026-08-08_171310_689179_1_R9_TEST7
11.7276949,3.72418102775,2.28997232276,2026-08-08_171310_689179_1_R9_TEST7
11.8551972,2.74857723007,1.00723866298,2026-08-08_171310_689179_1_R9_TEST7
11.9994789,3.95206079145,2.09601873536,2026-08-08_171310_689179_1_R9_TEST7
12.1346865,3.17765089868,1.12241856504,2026-08-08_171310_689179_1_R9_TEST7
12.2551922,4.41008749937,1.72365339578,2026-08-08_171310_689179_1_R9_TEST7
12.4134693,2.98459068253,1.23270172451,2026-08-08_171310_689179_1_R9_TEST7
12.5299092,4.36135275255,2.01724505003,2026-08-08_171310_689179_1_R9_TEST7
12.6794553,2.69298163347,1.4311262508,2026-08-08_171310_689179_1_R9_TEST7
12.7992688,3.66552218486,1.95252288695,2026-08-08_171310_689179_1_R9_TEST7
12.9277069,2.98999836002,1.21162444113,2026-08-08_171310_689179_1_R9_TEST7
13.0637198,3.3018799097,2.16776665957,2026-08-08_171310_689179_1_R9_TEST7
13.199672,2.41400838628,1.06344475197,2026-08-08_171310_689179_1_R9_TEST7
13.336448,2.99351972548,1.99489035555,2026-08-08_171310_689179_1_R9_TEST7
13.4714392,2.42658350534,1.55780285288,2026-08-08_171310_689179_1_R9_TEST7
13.6109773,2.30115575978,1.31019799872,2026-08-08_171310_689179_1_R9_TEST7
13.7273427,2.25530279843,1.57973174367,2026-08-08_171310_689179_1_R9_TEST7
13.8714276,2.03073588032,1.15626995955,2026-08-08_171310_689179_1_R9_TEST7
13.9993858,2.62244303127,2.01575473707,2026-08-08_171310_689179_1_R9_TEST7
14.1275384,2.33450362735,1.15350223547,2026-08-08_171310_689179_1_R9_TEST7
14.2741342,2.67741679758,1.82073664041,2026-08-08_171310_689179_1_R9_TEST7
14.3992601,2.58466642988,1.63380881414,2026-08-08_171310_689179_1_R9_TEST7
14.5329857,2.16154865414,1.21183734298,2026-08-08_171310_689179_1_R9_TEST7
14.6716832,2.33089004692,1.70747285501,2026-08-08_171310_689179_1_R9_TEST7
14.8024431,1.80552758635,1.27336597828,2026-08-08_171310_689179_1_R9_TEST7
14.9271718,2.33906543169,1.7721950181,2026-08-08_171310_689179_1_R9_TEST7
15.071822,2.16709204142,1.43985522674,2026-08-08_171310_689179_1_R9_TEST7
15.199132,2.28912659262,1.44006812859,2026-08-08_171310_689179_1_R9_TEST7
15.352688,2.65876301289,1.59569938258,2026-08-08_171310_689179_1_R9_TEST7
15.4795859,2.34224068879,1.34830743027,2026-08-08_171310_689179_1_R9_TEST7
15.61195,2.55162604058,1.60868639557,2026-08-08_171310_689179_1_R9_TEST7
15.7285796,2.60659828272,1.39621034703,2026-08-08_171310_689179_1_R9_TEST7
15.8714107,2.50962031466,1.10283159463,2026-08-08_171310_689179_1_R9_TEST7
15.9991799,2.9187596145,1.39791356185,2026-08-08_171310_689179_1_R9_TEST7
16.126962,2.80611212712,1.22184373004,2026-08-08_171310_689179_1_R9_TEST7
16.2721437,2.28810803756,1.02150308708,2026-08-08_171310_689179_1_R9_TEST7
16.3991252,2.43383672546,1.49350649351,2026-08-08_171310_689179_1_R9_TEST7
16.5272309,2.29750654927,1.28954651905,2026-08-08_171310_689179_1_R9_TEST7
16.6710573,1.66495665943,0.992335533319,2026-08-08_171310_689179_1_R9_TEST7
16.8183968,0.0908328668597,0.943256578947,2026-08-08_171310_689179_1_R9_TEST7
16.9290859,0.0031626130968,0.957930367505,2026-08-08_171310_689179_1_R9_TEST7
17.0713109,0.0047631505352,0.898774983881,2026-08-08_171310_689179_1_R9_TEST7
17.1989291,0.00468850060144,0.92854603626,2026-08-08_171310_689179_1_R9_TEST7
17.3273058,0.00417452409197,0.859099804305,2026-08-08_171310_689179_1_R9_TEST7
17.478047,0.00327112219997,0.86346220829,2026-08-08_171310_689179_1_R9_TEST7
17.599332,0.00326352067229,0.882538377193,2026-08-08_171310_689179_1_R9_TEST7
17.7408736,0.00360940503162,0.894287704633,2026-08-08_171310_689179_1_R9_TEST7
17.8714642,0.00373523699986,0.93115104074,2026-08-08_171310_689179_1_R9_TEST7
18.0062706,0.00397470236838,0.902027952864,2026-08-08_171310_689179_1_R9_TEST7
18.1269103,0.0040572356595,0.867990247301,2026-08-08_171310_689179_1_R9_TEST7
18.271426,0.00445792966431,0.939045628701,2026-08-08_171310_689179_1_R9_TEST7
18.399021,0.00346852992795,0.892641308212,2026-08-08_171310_689179_1_R9_TEST7
