recording,master_rows,raw_rows,valid_frames,global_max_error,global_sum_error,prediction_mismatches,force_conversion_max_error,timestamp_max_error_s,raw_timestamp_max_error_s,duplicate_frame_ids,nonpositive_timestamp_steps
2026-08-08_173847_719544_1_R1_NOCONTACT_v2,128,185,128,0,2.6645352591e-15,0,9.81202966099e-17,3.5527136788e-15,3.5527136788e-15,0,0
2026-08-08_174143_480272_1_R1_NOCONTACT_v2_2,125,182,125,0,1.7763568394e-15,0,9.95297594342e-17,3.5527136788e-15,1.7763568394e-15,0,0
2026-08-08_174209_473656_1_R1_NOCONTACT_v2_3,119,174,119,0,1.7763568394e-15,0,9.81202966099e-17,1.7763568394e-15,1.7763568394e-15,0,0
2026-08-08_142130_319119_1_R1_TEST1,1211,1759,1211,0,5.3290705182e-15,0,5.3290705182e-15,2.84217094304e-14,2.84217094304e-14,0,0
2026-08-08_152554_893849_1_R1_TEST2,424,615,424,0,3.5527136788e-15,0,5.3290705182e-15,7.1054273576e-15,7.1054273576e-15,0,0
2026-08-08_153239_266323_1_R1_TEST3,510,741,510,0,2.6645352591e-15,0,7.1054273576e-15,1.42108547152e-14,1.42108547152e-14,0,0
2026-08-08_153748_136127_1_R1_TEST4,325,473,325,0,2.6645352591e-15,0,5.3290705182e-15,7.1054273576e-15,7.1054273576e-15,0,0
2026-08-08_154243_860887_1_R1_TEST5,327,475,327,0,1.7763568394e-15,0,3.5527136788e-15,7.1054273576e-15,7.1054273576e-15,0,0
2026-08-08_154344_572251_1_R1_TEST6,310,450,310,0,1.7763568394e-15,0,5.3290705182e-15,7.1054273576e-15,7.1054273576e-15,0,0
2026-08-08_170648_802374_1_R1_TEST7,171,249,171,0,2.6645352591e-15,0,8.881784197e-16,3.5527136788e-15,3.5527136788e-15,0,0
2026-08-08_174349_809996_1_R1_TEST1_v2,298,433,298,0,1.7763568394e-15,0,1.7763568394e-15,7.1054273576e-15,7.1054273576e-15,0,0
2026-08-08_142601_715359_1_R2_TEST1,1111,1613,1111,0,5.3290705182e-15,0,7.1054273576e-15,2.84217094304e-14,2.84217094304e-14,0,0
2026-08-08_154515_918611_1_R2_TEST2,353,512,353,0,1.7763568394e-15,0,3.5527136788e-15,7.1054273576e-15,7.1054273576e-15,0,0
2026-08-08_154647_413072_1_R2_TEST3,347,504,347,0,2.6645352591e-15,0,5.3290705182e-15,7.1054273576e-15,7.1054273576e-15,0,0
2026-08-08_155028_937924_1_R2_TEST4,375,544,375,0,1.7763568394e-15,0,3.5527136788e-15,7.1054273576e-15,7.1054273576e-15,0,0
2026-08-08_155132_412966_1_R2_TEST5,316,460,316,0,2.6645352591e-15,0,1.7763568394e-15,7.1054273576e-15,7.1054273576e-15,0,0
2026-08-08_155430_315930_1_R2_TEST6,283,410,283,0,2.6645352591e-15,0,3.5527136788e-15,7.1054273576e-15,7.1054273576e-15,0,0
2026-08-08_170446_985345_1_R2_NOCONTACT,123,178,123,0,1.7763568394e-15,0,9.97465998687e-17,1.7763568394e-15,1.7763568394e-15,0,0
2026-08-08_170743_098612_1_R2_TEST7,136,198,136,0,2.6645352591e-15,0,8.881784197e-16,3.5527136788e-15,3.5527136788e-15,0,0
2026-08-08_174516_188167_1_R2_TEST1_v2,296,430,296,0,1.7763568394e-15,0,1.7763568394e-15,7.1054273576e-15,7.1054273576e-15,0,0
2026-08-08_143408_738677_1_R3_TEST1,956,1389,956,0,5.3290705182e-15,0,7.1054273576e-15,1.42108547152e-14,1.42108547152e-14,0,0
2026-08-08_155939_090816_1_R3_TEST2,308,448,308,0,1.7763568394e-15,0,5.3290705182e-15,7.1054273576e-15,7.1054273576e-15,0,0
2026-08-08_160034_704902_1_R3_TEST3,292,424,292,0,1.7763568394e-15,0,1.7763568394e-15,7.1054273576e-15,7.1054273576e-15,0,0
2026-08-08_160147_552782_1_R3_TEST4,312,453,312,0,2.6645352591e-15,0,1.7763568394e-15,7.1054273576e-15,7.1054273576e-15,0,0
2026-08-08_160247_228233_1_R3_TEST5,319,462,319,0,3.5527136788e-15,0,3.5527136788e-15,7.1054273576e-15,7.1054273576e-15,0,0
2026-08-08_160344_644134_1_R3_TEST6,408,593,408,0,3.5527136788e-15,0,3.5527136788e-15,7.1054273576e-15,7.1054273576e-15,0,0
2026-08-08_170412_350589_1_R3_NOCONTACT,124,181,124,0,1.7763568394e-15,0,9.97465998687e-17,1.7763568394e-15,3.5527136788e-15,0,0
2026-08-08_170830_541922_1_R3_TEST7,136,197,136,0,1.7763568394e-15,0,1.7763568394e-15,3.5527136788e-15,3.5527136788e-15,0,0
2026-08-08_174618_733033_1_R3_TEST1_v2,218,316,218,0,2.6645352591e-15,0,1.33226762955e-15,3.5527136788e-15,3.5527136788e-15,0,0
2026-08-08_144407_344158_1_R4_TEST1,963,1398,963,0,3.5527136788e-15,0,7.1054273576e-15,2.84217094304e-14,2.84217094304e-14,0,0
2026-08-08_160643_341315_1_R4_TEST2,447,648,447,0,2.6645352591e-15,0,3.5527136788e-15,7.1054273576e-15,7.1054273576e-15,0,0
2026-08-08_160814_583552_1_R4_TEST3,335,487,335,0,2.6645352591e-15,0,1.7763568394e-15,7.1054273576e-15,7.1054273576e-15,0,0
2026-08-08_160912_929778_1_R4_TEST4,389,565,389,0,3.5527136788e-15,0,3.5527136788e-15,7.1054273576e-15,7.1054273576e-15,0,0
2026-08-08_161018_609760_1_R4_TEST5,383,555,383,0,1.7763568394e-15,0,3.5527136788e-15,7.1054273576e-15,7.1054273576e-15,0,0
2026-08-08_161131_254032_1_R4_TEST6,339,491,339,0,3.5527136788e-15,0,3.5527136788e-15,7.1054273576e-15,7.1054273576e-15,0,0
2026-08-08_170312_681393_1_R4_NOCONTACT,119,173,119,0,1.7763568394e-15,0,9.97465998687e-17,1.7763568394e-15,1.7763568394e-15,0,0
2026-08-08_170909_598459_1_R4_TEST7,165,239,165,0,1.7763568394e-15,0,1.33226762955e-15,3.5527136788e-15,3.5527136788e-15,0,0
2026-08-08_174710_995995_1_R4_TEST1_v2,219,317,219,0,1.7763568394e-15,0,1.7763568394e-15,3.5527136788e-15,3.5527136788e-15,0,0
2026-08-08_145009_272251_1_R5_TEST1,1044,1516,1044,0,3.5527136788e-15,0,5.3290705182e-15,2.84217094304e-14,2.84217094304e-14,0,0
2026-08-08_161335_934176_1_R5_TEST2,368,536,368,0,2.6645352591e-15,0,3.5527136788e-15,7.1054273576e-15,7.1054273576e-15,0,0
2026-08-08_161454_348568_1_R5_TEST3,388,562,388,0,2.6645352591e-15,0,1.7763568394e-15,7.1054273576e-15,7.1054273576e-15,0,0
2026-08-08_161644_548982_1_R5_TEST4,431,624,431,0,1.7763568394e-15,0,1.7763568394e-15,7.1054273576e-15,7.1054273576e-15,0,0
2026-08-08_161801_886702_1_R5_TEST5,366,531,366,0,1.7763568394e-15,0,1.7763568394e-15,7.1054273576e-15,7.1054273576e-15,0,0
2026-08-08_161904_181801_1_R5_TEST6,349,506,349,0,1.7763568394e-15,0,1.7763568394e-15,7.1054273576e-15,7.1054273576e-15,0,0
2026-08-08_170226_232257_1_R5_NOCONTACT,130,188,130,0,1.7763568394e-15,0,9.97465998687e-17,3.5527136788e-15,3.5527136788e-15,0,0
2026-08-08_170958_044598_1_R5_TEST7,160,232,160,0,1.7763568394e-15,0,8.881784197e-16,3.5527136788e-15,3.5527136788e-15,0,0
2026-08-08_174800_577062_1_R5_TEST1_v2,218,317,218,0,1.7763568394e-15,0,1.33226762955e-15,3.5527136788e-15,3.5527136788e-15,0,0
2026-08-08_145348_428397_1_R6_TEST1,777,1129,777,0,5.3290705182e-15,0,5.3290705182e-15,1.42108547152e-14,1.42108547152e-14,0,0
2026-08-08_162501_247149_1_R6_TEST2,364,529,364,0,1.7763568394e-15,0,5.3290705182e-15,7.1054273576e-15,7.1054273576e-15,0,0
2026-08-08_162908_674758_1_R6_TEST3,429,622,429,0,2.6645352591e-15,0,1.7763568394e-15,7.1054273576e-15,7.1054273576e-15,0,0
2026-08-08_163226_958318_1_R6_TEST4,476,691,476,0,1.7763568394e-15,0,1.7763568394e-15,7.1054273576e-15,7.1054273576e-15,0,0
2026-08-08_163341_567723_1_R6_TEST5,326,473,326,0,1.7763568394e-15,0,3.5527136788e-15,7.1054273576e-15,7.1054273576e-15,0,0
2026-08-08_163440_118112_1_R6_TEST6,395,574,395,0,1.7763568394e-15,0,1.7763568394e-15,7.1054273576e-15,7.1054273576e-15,0,0
2026-08-08_170144_520372_1_R6_NOCONTACT,119,173,119,0,1.7763568394e-15,0,9.71445146547e-17,1.7763568394e-15,1.7763568394e-15,0,0
2026-08-08_171040_503476_1_R6_TEST7,177,257,177,0,1.7763568394e-15,0,1.33226762955e-15,3.5527136788e-15,3.5527136788e-15,0,0
2026-08-08_174903_311062_1_R6_TEST1_v2,279,405,279,0,1.7763568394e-15,0,1.33226762955e-15,7.1054273576e-15,7.1054273576e-15,0,0
2026-08-08_145646_442250_1_R7_TEST1,895,1300,895,0,5.3290705182e-15,0,5.3290705182e-15,1.42108547152e-14,1.42108547152e-14,0,0
2026-08-08_163730_874069_1_R7_TEST2,395,573,395,0,1.7763568394e-15,0,3.5527136788e-15,7.1054273576e-15,7.1054273576e-15,0,0
2026-08-08_163837_086088_1_R7_TEST3,303,440,303,0,1.7763568394e-15,0,1.7763568394e-15,7.1054273576e-15,7.1054273576e-15,0,0
2026-08-08_163931_866280_1_R7_TEST4,354,515,354,0,1.7763568394e-15,0,1.7763568394e-15,7.1054273576e-15,7.1054273576e-15,0,0
2026-08-08_164047_397752_1_R7_TEST5,355,515,355,0,2.6645352591e-15,0,1.7763568394e-15,7.1054273576e-15,7.1054273576e-15,0,0
2026-08-08_164148_938417_1_R7_TEST6,373,541,373,0,1.7763568394e-15,0,1.7763568394e-15,7.1054273576e-15,7.1054273576e-15,0,0
2026-08-08_170110_241265_1_R7_NOCONTACT,125,182,125,0,1.7763568394e-15,0,9.97465998687e-17,1.7763568394e-15,3.5527136788e-15,0,0
2026-08-08_171119_484903_1_R7_TEST7,137,200,137,0,1.7763568394e-15,0,8.881784197e-16,3.5527136788e-15,3.5527136788e-15,0,0
2026-08-08_175002_082760_1_R7_TEST1_v2,183,266,183,0,1.7763568394e-15,0,8.881784197e-16,3.5527136788e-15,3.5527136788e-15,0,0
2026-08-08_145956_684487_1_R8_TEST1,804,1168,804,0,5.3290705182e-15,0,7.1054273576e-15,1.42108547152e-14,1.42108547152e-14,0,0
2026-08-08_164447_078602_1_R8_TEST2,446,647,446,0,1.7763568394e-15,0,1.7763568394e-15,7.1054273576e-15,7.1054273576e-15,0,0
2026-08-08_164601_437352_1_R8_TEST3,260,377,260,0,1.7763568394e-15,0,1.7763568394e-15,7.1054273576e-15,7.1054273576e-15,0,0
2026-08-08_164959_888615_1_R8_TEST4,297,432,297,0,1.7763568394e-15,0,3.5527136788e-15,7.1054273576e-15,7.1054273576e-15,0,0
2026-08-08_165117_429951_1_R8_TEST5,302,438,302,0,3.5527136788e-15,0,1.7763568394e-15,7.1054273576e-15,7.1054273576e-15,0,0
2026-08-08_165208_088150_1_R8_TEST6,265,384,265,0,3.5527136788e-15,0,1.7763568394e-15,7.1054273576e-15,7.1054273576e-15,0,0
2026-08-08_170033_095779_1_R8_NOCONTACT,120,174,120,0,1.7763568394e-15,0,9.97465998687e-17,1.7763568394e-15,1.7763568394e-15,0,0
2026-08-08_171224_677409_1_R8_TEST7,165,240,165,0,1.7763568394e-15,0,1.33226762955e-15,3.5527136788e-15,3.5527136788e-15,0,0
2026-08-08_175043_606100_1_R8_TEST1_v2,224,326,224,0,1.7763568394e-15,0,8.881784197e-16,3.5527136788e-15,3.5527136788e-15,0,0
2026-08-08_150408_799581_1_R9_TEST1,798,1160,798,0,5.3290705182e-15,0,5.3290705182e-15,1.42108547152e-14,1.42108547152e-14,0,0
2026-08-08_165304_567552_1_R9_TEST2,300,436,300,0,2.6645352591e-15,0,1.7763568394e-15,7.1054273576e-15,7.1054273576e-15,0,0
2026-08-08_165433_326903_1_R9_TEST3,274,399,274,0,3.5527136788e-15,0,1.7763568394e-15,7.1054273576e-15,7.1054273576e-15,0,0
2026-08-08_165519_988311_1_R9_TEST4,286,415,286,0,3.5527136788e-15,0,1.7763568394e-15,7.1054273576e-15,7.1054273576e-15,0,0
2026-08-08_165607_836382_1_R9_TEST5,331,481,331,0,3.5527136788e-15,0,1.7763568394e-15,7.1054273576e-15,7.1054273576e-15,0,0
2026-08-08_165709_643597_1_R9_TEST6,359,520,359,0,3.5527136788e-15,0,1.7763568394e-15,7.1054273576e-15,7.1054273576e-15,0,0
2026-08-08_165945_733163_1_R9_NOCONTACT,120,173,120,0,1.7763568394e-15,0,9.97465998687e-17,1.7763568394e-15,1.7763568394e-15,0,0
2026-08-08_171310_689179_1_R9_TEST7,139,201,139,0,1.7763568394e-15,0,1.7763568394e-15,3.5527136788e-15,3.5527136788e-15,0,0
2026-08-08_175136_976213_1_R9_TEST1_v2,192,279,192,0,1.7763568394e-15,0,1.33226762955e-15,3.5527136788e-15,3.5527136788e-15,0,0
