target_roi,speed_mm_min,displacement_mm_abs,independent_sessions,frames,collection_days
1,200.0,1.75,2,2043,2
1,200.0,2.625,2,2281,2
1,200.0,3.5,2,2669,2
1,400.0,1.75,2,1824,2
1,400.0,2.625,2,1942,2
1,400.0,3.5,2,2066,2
1,600.0,1.75,2,1772,2
1,600.0,2.625,2,1855,2
1,600.0,3.5,2,1940,2
2,200.0,1.75,2,2047,2
2,200.0,2.625,2,2290,2
2,200.0,3.5,2,2671,2
2,400.0,1.75,2,1829,2
2,400.0,2.625,2,1945,2
2,400.0,3.5,2,2077,2
2,600.0,1.75,2,1777,2
2,600.0,2.625,2,1573,2
2,600.0,3.5,2,1656,2
3,200.0,1.75,2,1768,2
3,200.0,2.625,2,2011,2
3,200.0,3.5,2,2390,2
3,400.0,1.75,2,1552,2
3,400.0,2.625,2,1665,2
3,400.0,3.5,2,2061,2
3,600.0,1.75,2,1481,2
3,600.0,2.625,2,1849,2
3,600.0,3.5,2,1648,2
4,200.0,1.75,2,1751,2
4,200.0,2.625,2,1996,2
4,200.0,3.5,2,2660,2
4,400.0,1.75,2,1535,2
4,400.0,2.625,2,1940,2
4,400.0,3.5,2,2060,2
4,600.0,1.75,2,1483,2
4,600.0,2.625,2,1852,2
4,600.0,3.5,2,1648,2
5,200.0,1.75,2,1754,2
5,200.0,2.625,2,1998,2
5,200.0,3.5,2,2377,2
5,400.0,1.75,2,1536,2
5,400.0,2.625,2,1942,2
5,400.0,3.5,2,2066,2
5,600.0,1.75,2,1487,2
5,600.0,2.625,2,1568,2
5,600.0,3.5,2,1652,2
6,200.0,1.75,2,1758,2
6,200.0,2.625,2,2001,2
6,200.0,3.5,2,2380,2
6,400.0,1.75,2,1540,2
6,400.0,2.625,2,1660,2
6,400.0,3.5,2,1785,2
6,600.0,1.75,2,1486,2
6,600.0,2.625,2,1569,2
6,600.0,3.5,2,1654,2
7,200.0,1.75,2,1751,1
7,200.0,2.625,2,1994,1
7,200.0,3.5,2,2372,1
7,400.0,1.75,2,1531,1
7,400.0,2.625,2,1651,1
7,400.0,3.5,2,1775,1
7,600.0,1.75,2,1480,1
7,600.0,2.625,2,1563,1
7,600.0,3.5,2,1646,1
8,200.0,1.75,2,1763,1
8,200.0,2.625,2,2004,1
8,200.0,3.5,2,2382,1
8,400.0,1.75,2,1548,1
8,400.0,2.625,2,1663,1
8,400.0,3.5,2,1800,1
8,600.0,1.75,2,1490,1
8,600.0,2.625,2,1570,1
8,600.0,3.5,2,1657,1
9,200.0,1.75,2,1758,1
9,200.0,2.625,2,2000,1
9,200.0,3.5,2,2664,1
9,400.0,1.75,2,1537,1
9,400.0,2.625,2,1660,1
9,400.0,3.5,2,2067,1
9,600.0,1.75,2,1488,1
9,600.0,2.625,2,1571,1
9,600.0,3.5,2,1653,1
