roi,frames,mae_N,rmse_N,r2,bias_N
1,1891,2.34407615844295,3.0976031249695954,0.17821662175087316,-0.8862545153523816
2,1669,1.9409033361258503,2.506346544566598,0.13294748534754408,-0.3411047173305263
3,1634,1.6479095254196072,2.1725842993267097,0.26268384223416585,0.10125523691401213
4,1888,1.738771740636787,2.0935955506184203,0.2658919513679503,0.4173782724383005
5,1897,1.6532967074773048,1.9653186958724416,0.22306207096536834,0.2985948903233606
6,1985,1.4527426375965833,1.8496644486578726,0.17355459655190753,0.17484369632222327
7,1775,1.2503214771212323,1.5552813945060662,0.204373997105311,0.2518606132810009
8,1565,1.3945025995904414,1.7584506289766735,0.21335055264511704,-0.006958675376162868
9,1545,1.308036300125869,1.607879442401288,0.12418941579350273,-0.09436897640654388
