target,recordings,events,mean_recording_residual_V,sd_recording_residual_V,mean_recording_force_N,residual_se_V
1,8,664,-0.182186290876,0.549100783273,8.64052229735,0.194136443704
2,8,672,-0.319362109996,0.158064649179,7.74857120629,0.05588429265
3,8,586,0.489561995981,0.595208389894,6.96884822348,0.210437944357
4,8,621,-0.445811626086,0.226900001707,6.84578100763,0.0802212649291
5,8,599,-0.581395738774,0.127435800136,6.48735541641,0.0450553592211
6,8,603,-0.0901054140795,0.332186654229,6.29821260146,0.117445717912
7,8,606,-0.0928998343971,0.220009770862,5.36041681178,0.0777852004519
8,8,535,0.222137185218,0.394336446902,5.92026375068,0.139418987837
9,8,471,0.378719991751,0.309997102947,5.85364275935,0.109600526821
