speed_mm_min,displacement_mm_abs,force_bin_N,contributing_roi,minimum_independent_sessions_per_roi,median_normalized_loading_light,q25_normalized_loading_light,q75_normalized_loading_light,median_normalized_unloading_light,q25_normalized_unloading_light,q75_normalized_unloading_light,all_nine_roi,evidence_role,claim_boundary,data_origin
200.0,1.75,0.125,9,2,0.4809934515253175,0.4362481629225287,0.6347800059862304,1.0,0.0,1.0,True,global normalized hysteresis shape only,automatic evidence only; normalization removes absolute amplitude and cannot support general sensitivity,empirical-automatic
200.0,2.625,0.125,9,2,0.5532055786302118,0.4336758204956466,0.6489021275997836,0.9301091977478974,0.6608803605812669,1.0,True,global normalized hysteresis shape only,automatic evidence only; normalization removes absolute amplitude and cannot support general sensitivity,empirical-automatic
200.0,2.625,0.375,9,2,0.47162223710649626,0.18213270727789377,0.6066032338044891,0.778790372764317,0.5668014345579533,0.9532079404707072,True,global normalized hysteresis shape only,automatic evidence only; normalization removes absolute amplitude and cannot support general sensitivity,empirical-automatic
200.0,3.5,0.125,9,2,0.7298344976018487,0.45260637419496874,0.8287327302355624,0.9298908225431073,0.8548838676603968,1.0,True,global normalized hysteresis shape only,automatic evidence only; normalization removes absolute amplitude and cannot support general sensitivity,empirical-automatic
200.0,3.5,0.375,9,2,0.8611279362736368,0.7171809865961166,0.8774103868449072,0.7483435835734115,0.5900231295612074,0.9392030442840802,True,global normalized hysteresis shape only,automatic evidence only; normalization removes absolute amplitude and cannot support general sensitivity,empirical-automatic
200.0,3.5,0.625,9,2,0.3374481945729459,0.025572813448791337,0.6237430498048027,0.6904388559179058,0.5407309866491298,0.8143071561658954,True,global normalized hysteresis shape only,automatic evidence only; normalization removes absolute amplitude and cannot support general sensitivity,empirical-automatic
200.0,3.5,0.875,9,2,0.4448913600694034,0.1351810451709902,0.5477574369654562,0.6029455548718758,0.33592502889855297,0.6146248035168004,True,global normalized hysteresis shape only,automatic evidence only; normalization removes absolute amplitude and cannot support general sensitivity,empirical-automatic
400.0,3.5,0.375,9,2,0.49770738007557175,0.3692022423500903,0.6913578814218242,0.7125018857852408,0.30482345609999756,0.8604846579860574,True,global normalized hysteresis shape only,automatic evidence only; normalization removes absolute amplitude and cannot support general sensitivity,empirical-automatic
600.0,3.5,0.625,9,2,0.11032089346280506,0.0,0.6207199709994172,0.9590670061928361,0.8811772166709327,1.0,True,global normalized hysteresis shape only,automatic evidence only; normalization removes absolute amplitude and cannot support general sensitivity,empirical-automatic
