archive_id,collection_day,scientific_role,session_id,test_group,target_roi,frame_count,force_valid_frames,min_force_N,max_force_N,duration_s,speed_mm_min,displacement_mm
manual,2026-08-08,model_primary,2026-08-08_142130_319119_1_R1_TEST1,TEST1,1,1211,1211,-0.079433625737705,19.59293956075807,161.42329469999999,,
manual,2026-08-08,model_primary,2026-08-08_142601_715359_1_R2_TEST1,TEST1,2,1111,1111,-0.1898190862461879,22.698593411062163,148.07974,,
manual,2026-08-08,model_primary,2026-08-08_143408_738677_1_R3_TEST1,TEST1,3,956,956,0.0017795779940044,21.13926594946245,127.39142820000001,,
manual,2026-08-08,model_primary,2026-08-08_144407_344158_1_R4_TEST1,TEST1,4,963,963,-0.0162508740795075,17.00775298868212,128.33648630000002,,
manual,2026-08-08,model_primary,2026-08-08_145009_272251_1_R5_TEST1,TEST1,5,1044,1044,0.2312725315950458,16.491757337718713,139.1363446,,
manual,2026-08-08,model_primary,2026-08-08_145348_428397_1_R6_TEST1,TEST1,6,777,777,1.1857458077673544,15.82790727223825,103.52080439999999,,
manual,2026-08-08,model_primary,2026-08-08_145646_442250_1_R7_TEST1,TEST1,7,895,895,0.4634246989596662,13.82497271111367,119.2798466,,
manual,2026-08-08,model_primary,2026-08-08_145956_684487_1_R8_TEST1,TEST1,8,804,804,-0.0043052670838825,17.24270584237026,107.1456231,,
manual,2026-08-08,model_primary,2026-08-08_150408_799581_1_R9_TEST1,TEST1,9,798,798,-0.0046350826128905,15.343633985320844,106.3198306,,
manual,2026-08-08,model_primary,2026-08-08_152554_893849_1_R1_TEST2,TEST2,1,424,424,-0.0078463275304797,15.767028721413162,56.4231563,,
manual,2026-08-08,model_primary,2026-08-08_153239_266323_1_R1_TEST3,TEST3,1,510,510,-0.0068672750112338,19.856225637058383,67.9040221,,
manual,2026-08-08,model_primary,2026-08-08_153748_136127_1_R1_TEST4,TEST4,1,325,325,-0.0077260162126955,14.447604650986566,43.216403299999996,,
manual,2026-08-08,model_primary,2026-08-08_154243_860887_1_R1_TEST5,TEST5,1,327,327,-0.0069700364263648,14.710369883530396,43.498242,,
manual,2026-08-08,model_primary,2026-08-08_154344_572251_1_R1_TEST6,TEST6,1,310,310,-0.0039617878586507,12.209152011244736,41.2079016,,
manual,2026-08-08,model_primary,2026-08-08_154515_918611_1_R2_TEST2,TEST2,2,353,353,1.6111420377433168,13.726383732069916,46.9621882,,
manual,2026-08-08,model_primary,2026-08-08_154647_413072_1_R2_TEST3,TEST3,2,347,347,-0.0054552630316132,19.595495993142283,46.1596548,,
manual,2026-08-08,model_primary,2026-08-08_155028_937924_1_R2_TEST4,TEST4,2,375,375,-0.0077128417996241,14.410968986889232,49.8887676,,
manual,2026-08-08,model_primary,2026-08-08_155132_412966_1_R2_TEST5,TEST5,2,316,316,-0.0044549818849816,10.356681579448868,42.016060499999995,,
manual,2026-08-08,model_primary,2026-08-08_155430_315930_1_R2_TEST6,TEST6,2,283,283,-0.0058857876863797,11.071481205688428,37.6128958,,
manual,2026-08-08,model_primary,2026-08-08_155939_090816_1_R3_TEST2,TEST2,3,308,308,-0.0072115690283655,14.65342630363907,40.9680659,,
manual,2026-08-08,model_primary,2026-08-08_160034_704902_1_R3_TEST3,TEST3,3,292,292,-0.004591256826438,9.660554147978743,38.8129253,,
manual,2026-08-08,model_primary,2026-08-08_160147_552782_1_R3_TEST4,TEST4,3,312,312,-0.0049620665332305,10.887090591527256,41.504262600000004,,
manual,2026-08-08,model_primary,2026-08-08_160247_228233_1_R3_TEST5,TEST5,3,319,319,-0.0044487362694171,15.19412241818557,42.4155771,,
manual,2026-08-08,model_primary,2026-08-08_160344_644134_1_R3_TEST6,TEST6,3,408,408,-0.0041936569595902,12.657535967990164,54.2878071,,
manual,2026-08-08,model_primary,2026-08-08_160643_341315_1_R4_TEST2,TEST2,4,447,447,-0.0595637184600673,9.984592027641202,59.4888738,,
manual,2026-08-08,model_primary,2026-08-08_160814_583552_1_R4_TEST3,TEST3,4,335,335,0.000702303821245,10.777429006050182,44.5710112,,
manual,2026-08-08,model_primary,2026-08-08_160912_929778_1_R4_TEST4,TEST4,4,389,389,-0.0064058468641309,11.985056150007024,51.750830300000004,,
manual,2026-08-08,model_primary,2026-08-08_161018_609760_1_R4_TEST5,TEST5,4,383,383,-0.0049516129410992,10.959071725880223,50.966271000000006,,
manual,2026-08-08,model_primary,2026-08-08_161131_254032_1_R4_TEST6,TEST6,4,339,339,-0.0073245819756952,12.111086710539496,45.088016599999996,,
manual,2026-08-08,model_primary,2026-08-08_161335_934176_1_R5_TEST2,TEST2,5,368,368,-0.0046998743397978,11.47181802691008,48.961039799999995,,
manual,2026-08-08,model_primary,2026-08-08_161454_348568_1_R5_TEST3,TEST3,5,388,388,-0.0085117550704851,9.16247853669068,51.6319284,,
manual,2026-08-08,model_primary,2026-08-08_161644_548982_1_R5_TEST4,TEST4,5,431,431,-0.0072364155698659,9.982063866540177,57.3598671,,
manual,2026-08-08,model_primary,2026-08-08_161801_886702_1_R5_TEST5,TEST5,5,366,366,-0.0067270374858213,9.24587217971423,48.684231399999994,,
manual,2026-08-08,model_primary,2026-08-08_161904_181801_1_R5_TEST6,TEST6,5,349,349,-0.0059415614223992,9.4888990775447,46.412674499999994,,
manual,2026-08-08,model_primary,2026-08-08_162501_247149_1_R6_TEST2,TEST2,6,364,364,-0.0072107286192247,13.120931836394949,48.4320306,,
manual,2026-08-08,model_primary,2026-08-08_162908_674758_1_R6_TEST3,TEST3,6,429,429,-0.0083226998174664,11.38417538253682,57.0888805,,
manual,2026-08-08,model_primary,2026-08-08_163226_958318_1_R6_TEST4,TEST4,6,476,476,-0.0085966485792194,10.386035565181109,63.365393499999996,,
manual,2026-08-08,model_primary,2026-08-08_163341_567723_1_R6_TEST5,TEST5,6,326,326,-0.0120885569522552,8.236164152148085,43.3776137,,
manual,2026-08-08,model_primary,2026-08-08_163440_118112_1_R6_TEST6,TEST6,6,395,395,-0.0053809225984498,7.64546526612589,52.559813399999996,,
manual,2026-08-08,model_primary,2026-08-08_163730_874069_1_R7_TEST2,TEST2,7,395,395,-0.0061771059114254,9.754157546389004,52.5602905,,
manual,2026-08-08,model_primary,2026-08-08_163837_086088_1_R7_TEST3,TEST3,7,303,303,-0.0142422063832779,7.305914817076632,40.2884159,,
manual,2026-08-08,model_primary,2026-08-08_163931_866280_1_R7_TEST4,TEST4,7,354,354,-0.0044531577173352,7.797289265539243,47.1019831,,
manual,2026-08-08,model_primary,2026-08-08_164047_397752_1_R7_TEST5,TEST5,7,355,355,-0.0045911112552939,8.001323585726812,47.2162658,,
manual,2026-08-08,model_primary,2026-08-08_164148_938417_1_R7_TEST6,TEST6,7,373,373,-0.0099981437805234,9.497391755263786,49.6321205,,
manual,2026-08-08,model_primary,2026-08-08_164447_078602_1_R8_TEST2,TEST2,8,446,446,-0.0043776982527108,9.603607466036276,59.3598167,,
manual,2026-08-08,model_primary,2026-08-08_164601_437352_1_R8_TEST3,TEST3,8,260,260,-0.0059288453685384,9.646159334817415,34.5759414,,
manual,2026-08-08,model_primary,2026-08-08_164959_888615_1_R8_TEST4,TEST4,8,297,297,-0.0067352542916325,11.46512976671077,39.4883306,,
manual,2026-08-08,model_primary,2026-08-08_165117_429951_1_R8_TEST5,TEST5,8,302,302,-0.012732914356378,10.15289308431581,40.1600555,,
manual,2026-08-08,model_primary,2026-08-08_165208_088150_1_R8_TEST6,TEST6,8,265,265,-0.0056904263188498,7.624767032836428,35.2320731,,
manual,2026-08-08,model_primary,2026-08-08_165304_567552_1_R9_TEST2,TEST2,9,300,300,-0.0044651445316988,10.0524855934329,39.88903989999999,,
manual,2026-08-08,model_primary,2026-08-08_165433_326903_1_R9_TEST3,TEST3,9,274,274,-0.0084750137490621,7.910744236210788,36.411967499999996,,
manual,2026-08-08,model_primary,2026-08-08_165519_988311_1_R9_TEST4,TEST4,9,286,286,-0.0048479699369966,9.073518295020415,38.019751299999996,,
manual,2026-08-08,model_primary,2026-08-08_165607_836382_1_R9_TEST5,TEST5,9,331,331,-0.0003772296442278,8.398043155829034,44.032555599999995,,
manual,2026-08-08,model_primary,2026-08-08_165709_643597_1_R9_TEST6,TEST6,9,359,359,-0.0051491096313611,8.219388721904291,47.7615472,,
manual,2026-08-08,no_contact,2026-08-08_165945_733163_1_R9_NOCONTACT,,9,120,120,-0.0088776015608248,-0.0066300311771656,15.8758081,,
manual,2026-08-08,no_contact,2026-08-08_170033_095779_1_R8_NOCONTACT,,8,120,120,-0.0079639797347109,-0.0055945529761731,15.8715629,,
manual,2026-08-08,no_contact,2026-08-08_170110_241265_1_R7_NOCONTACT,,7,125,125,-0.0079030064912611,-0.0058565136178901,16.5519875,,
manual,2026-08-08,no_contact,2026-08-08_170144_520372_1_R6_NOCONTACT,,6,119,119,-0.0075170314299407,-0.0058365921686222,15.7563316,,
manual,2026-08-08,no_contact,2026-08-08_170226_232257_1_R5_NOCONTACT,,5,130,130,-0.0075987770541825,-0.0056171849921245,17.1981777,,
manual,2026-08-08,no_contact,2026-08-08_170312_681393_1_R4_NOCONTACT,,4,119,119,-0.0074648645310028,-0.0057239419953722,15.742984300000002,,
manual,2026-08-08,no_contact,2026-08-08_170412_350589_1_R3_NOCONTACT,,3,124,124,-0.0077684387630522,-0.0057466482993446,16.4090177,,
manual,2026-08-08,no_contact,2026-08-08_170446_985345_1_R2_NOCONTACT,,2,123,123,-0.0073707524304303,-0.0055003162576248,16.2718161,,
manual,2026-08-08,no_contact,2026-08-08_173847_719544_1_R1_NOCONTACT_v2,,1,128,128,-0.0017323129573026,0.0002079476443051,16.9436162,,
manual,2026-08-08,no_contact,2026-08-08_174143_480272_1_R1_NOCONTACT_v2_2,,1,125,125,-0.0016821228931437,4.434723919985239e-05,16.5287355,,
manual,2026-08-08,no_contact,2026-08-08_174209_473656_1_R1_NOCONTACT_v2_3,,1,119,119,-0.0018475100875895,0.0003215446670859,15.7444893,,
manual,2026-08-08,replay_only,2026-08-08_170648_802374_1_R1_TEST7,TEST7,1,171,171,-0.0306428217626983,6.023222612372565,22.6595836,,
manual,2026-08-08,replay_only,2026-08-08_170743_098612_1_R2_TEST7,TEST7,2,136,136,-0.0057568434643959,5.266491362285144,17.988018500000003,,
manual,2026-08-08,replay_only,2026-08-08_170830_541922_1_R3_TEST7,TEST7,3,136,136,-0.0061229097180698,5.911105738285491,18.023521799999997,,
manual,2026-08-08,replay_only,2026-08-08_170909_598459_1_R4_TEST7,TEST7,4,165,165,-0.0074957311526055,6.603764868437588,21.8787135,,
manual,2026-08-08,replay_only,2026-08-08_170958_044598_1_R5_TEST7,TEST7,5,160,160,-0.0055315295934007,5.9632305966598125,21.2068768,,
manual,2026-08-08,replay_only,2026-08-08_171040_503476_1_R6_TEST7,TEST7,6,177,177,-0.0040873826971656,6.670868058239556,23.4781089,,
manual,2026-08-08,replay_only,2026-08-08_171119_484903_1_R7_TEST7,TEST7,7,137,137,-0.0034370792289837,4.129284245269195,18.1420704,,
manual,2026-08-08,replay_only,2026-08-08_171224_677409_1_R8_TEST7,TEST7,8,165,165,-0.0050799787935641,5.0426121846416105,21.883234700000003,,
manual,2026-08-08,replay_only,2026-08-08_171310_689179_1_R9_TEST7,TEST7,9,139,139,-0.0047328123723074,4.844617721617407,18.4047022,,
manual,2026-08-08,replay_only,2026-08-08_174349_809996_1_R1_TEST1_v2,TEST1,1,298,298,-0.0012995882693547,8.472893393730564,39.6165363,,
manual,2026-08-08,replay_only,2026-08-08_174516_188167_1_R2_TEST1_v2,TEST1,2,296,296,-0.0011323988684387,7.41779986127455,39.360412200000006,,
manual,2026-08-08,replay_only,2026-08-08_174618_733033_1_R3_TEST1_v2,TEST1,3,218,218,0.0022349296598033,5.1320509542168935,28.944471699999998,,
manual,2026-08-08,replay_only,2026-08-08_174710_995995_1_R4_TEST1_v2,TEST1,4,219,219,0.0027948653143577,5.526582486621949,29.088631499999998,,
manual,2026-08-08,replay_only,2026-08-08_174800_577062_1_R5_TEST1_v2,TEST1,5,218,218,0.0025531357150439,5.0581159447035695,28.9446586,,
manual,2026-08-08,replay_only,2026-08-08_174903_311062_1_R6_TEST1_v2,TEST1,6,279,279,0.0025102331107196,5.076035596425009,37.089677200000004,,
manual,2026-08-08,replay_only,2026-08-08_175002_082760_1_R7_TEST1_v2,TEST1,7,183,183,0.0009937442324876,4.400874396089516,24.2884633,,
manual,2026-08-08,replay_only,2026-08-08_175043_606100_1_R8_TEST1_v2,TEST1,8,224,224,0.0045941995987203,3.859424809830552,29.744570500000002,,
manual,2026-08-08,replay_only,2026-08-08_175136_976213_1_R9_TEST1_v2,TEST1,9,192,192,0.0041793734915492,4.315715570938789,25.472688899999998,,
