target_roi,measured_roi,independent_sessions,median_response,median_share_total,median_relative_target
1,1,6,0.0,0.019753086419753086,1.0
1,2,6,56.5,0.06902949438025362,0.12949514357288522
1,3,6,62.0,0.12654094953366746,0.2354360699384876
1,4,6,0.0,0.0,0.0
1,5,6,0.0,0.0,0.0
1,6,6,0.0,0.0,0.0
1,7,6,0.0,0.0,0.0
1,8,6,0.0,0.0,0.0
1,9,6,0.0,0.0,0.0
2,1,5,0.0,0.11448617170611897,0.6432527747427863
2,2,5,0.0,0.1765994571215178,1.0
2,3,5,0.0,0.5752330900808476,0.4637466078697422
2,4,5,0.0,0.042777460070247166,0.21625048628782226
2,5,5,0.0,0.0,0.0
2,6,5,0.0,0.0047695295576761915,0.028595373889560734
2,7,5,0.0,0.030947135281568696,0.12153080499854693
2,8,5,0.0,0.0,0.0
2,9,5,0.0,0.0,0.0
3,1,5,3.0,0.0921811257524165,0.5893992932862191
3,2,5,260.0,0.16278880098332055,0.4183745583038869
3,3,5,216.0,0.36253690248993187,1.0
3,4,5,0.0,0.004697501548626884,0.0141568139390168
3,5,5,0.0,0.0,0.0
3,6,5,0.0,0.0,0.0
3,7,5,0.0,0.019151352467478837,0.05771624144368388
3,8,5,0.0,0.0,0.0
3,9,5,0.0,0.0,0.0
4,1,6,557.5,0.17197272138398578,0.7972886574264049
4,2,6,826.0,0.2723328555980443,1.4117672988250485
4,3,6,643.25,0.2099426774493421,1.1606233738984317
4,4,6,355.25,0.1694555398875452,1.0
4,5,6,66.0,0.023104420452918786,0.19377294205850554
4,6,6,216.5,0.07152918080538623,0.338221719134153
4,7,6,0.0,0.0,0.0
4,8,6,0.0,0.0,0.0
4,9,6,0.0,0.0,0.0
5,1,6,0.0,0.0,0.0
5,2,6,0.0,0.0,0.0
5,3,6,0.0,0.0,0.0
5,4,6,0.0,0.0,0.0
5,5,6,0.0,0.42452830188679247,1.0
5,6,6,0.0,0.0,0.0
5,7,6,0.0,0.0,0.0
5,8,6,0.0,0.0,0.0
5,9,6,0.0,0.0,0.0
6,1,6,0.0,0.0,0.0
6,2,6,0.0,0.0,0.0
6,3,6,0.0,0.0,0.0
6,4,6,0.0,0.0,0.0
6,5,6,0.0,0.0,0.0
6,6,6,0.0,1.0,1.0
6,7,6,0.0,0.0,0.0
6,8,6,0.0,0.0,0.0
6,9,6,0.0,0.0,0.0
7,1,6,0.0,0.0,0.0
7,2,6,0.0,0.0,0.0
7,3,6,0.0,0.0,0.0
7,4,6,0.0,0.0,0.0
7,5,6,0.0,0.0,0.0
7,6,6,0.0,0.0,0.0
7,7,6,0.0,1.0,1.0
7,8,6,0.0,0.0,0.0
7,9,6,0.0,0.0,0.0
8,1,6,0.0,0.0084008400840084,0.011706841780644761
8,2,6,0.0,0.0,0.0
8,3,6,46.5,0.012024825446082235,0.013308528906697195
8,4,6,0.0,0.0,0.0
8,5,6,0.0,0.0,0.0
8,6,6,0.0,0.0,0.0
8,7,6,0.0,0.0,0.0
8,8,6,538.0,0.5833487934154014,1.0
8,9,6,0.0,0.0,0.0
9,1,5,230.0,0.13978568327735508,0.6531325668286269
9,2,5,350.0,0.1250981258815544,0.2440143524688106
9,3,5,47.5,0.017568321249302844,0.1597222222222222
9,4,5,162.5,0.06338168838467785,0.10510164940544688
9,5,5,231.0,0.0885959772121321,0.5077881619937694
9,6,5,38.0,0.01159330821550001,0.08812260536398467
9,7,5,189.5,0.07499609003553376,0.22856188707522887
9,8,5,99.0,0.029438001784121322,0.2817886107866788
9,9,5,353.5,0.10192274607735877,1.0
