session_id,roi,frame_count,duration_s,positive_floor_median,signed_median,signed_mad,signed_p95_absolute,signed_drift_light_per_min,signed_total_change
2026-08-08_165945_733163_1_R9_NOCONTACT,1,120,15.8758081,3942.0,-9181.0,533.5,10544.4,-391.18283484313963,-103.50572696639465
2026-08-08_165945_733163_1_R9_NOCONTACT,2,120,15.8758081,4276.5,-8833.5,445.5,10105.55,167.06276420755466,44.20427308691144
2026-08-08_165945_733163_1_R9_NOCONTACT,3,120,15.8758081,3083.5,-7432.0,415.5,8682.7,143.0504946398154,37.850703358529806
2026-08-08_165945_733163_1_R9_NOCONTACT,4,120,15.8758081,3734.0,-8468.0,436.0,9610.3,-506.192987755071,-133.93704558608596
2026-08-08_165945_733163_1_R9_NOCONTACT,5,120,15.8758081,4163.0,-9705.5,452.5,10616.55,-533.6933281969859,-141.21354771176115
2026-08-08_165945_733163_1_R9_NOCONTACT,6,120,15.8758081,3590.5,-8172.5,353.0,9193.949999999999,1789.7493203537165,473.56194595068376
2026-08-08_165945_733163_1_R9_NOCONTACT,7,120,15.8758081,3148.5,-7565.0,342.0,8557.949999999999,-516.1191314542918,-136.56347146178354
2026-08-08_165945_733163_1_R9_NOCONTACT,8,120,15.8758081,3320.0,-7462.5,366.5,8355.15,55.930916712561256,14.799141676428423
2026-08-08_165945_733163_1_R9_NOCONTACT,9,120,15.8758081,2631.5,-7004.0,363.5,7969.0,1049.557144157941,277.7094635105918
2026-08-08_170033_095779_1_R8_NOCONTACT,1,120,15.8715629,4086.5,-8813.5,574.5,10178.1,528.2394813046894,139.73310256317922
2026-08-08_170033_095779_1_R8_NOCONTACT,2,120,15.8715629,4381.5,-8327.5,506.5,9649.9,-872.2617438580475,-230.7359522151115
2026-08-08_170033_095779_1_R8_NOCONTACT,3,120,15.8715629,3232.5,-7012.5,396.5,8244.15,-310.6538927857126,-82.17604665797157
2026-08-08_170033_095779_1_R8_NOCONTACT,4,120,15.8715629,3937.0,-7670.0,399.0,8795.2,921.3841412980576,243.7301058945768
2026-08-08_170033_095779_1_R8_NOCONTACT,5,120,15.8715629,4445.5,-8818.5,441.0,10122.75,-216.96446904903377,-57.392753626280715
2026-08-08_170033_095779_1_R8_NOCONTACT,6,120,15.8715629,3798.0,-7641.0,341.0,8469.9,385.62994842882176,102.00916637686335
2026-08-08_170033_095779_1_R8_NOCONTACT,7,120,15.8715629,3328.0,-6973.0,370.0,7951.05,675.8133218713155,178.77022744564218
2026-08-08_170033_095779_1_R8_NOCONTACT,8,120,15.8715629,3503.5,-6930.0,374.5,7926.65,209.9178084059203,55.52872833241189
2026-08-08_170033_095779_1_R8_NOCONTACT,9,120,15.8715629,2773.5,-6572.5,367.0,7425.25,-88.32790444398456,-23.365031520131513
2026-08-08_170110_241265_1_R7_NOCONTACT,1,125,16.5519875,4000.0,-9205.0,458.0,10392.6,1148.4452721697717,316.817529823136
2026-08-08_170110_241265_1_R7_NOCONTACT,2,125,16.5519875,4352.0,-8503.0,550.0,9889.8,619.8271644235878,170.9895246283278
2026-08-08_170110_241265_1_R7_NOCONTACT,3,125,16.5519875,3103.0,-7399.0,392.0,8319.6,590.2997124647258,162.8438910328289
2026-08-08_170110_241265_1_R7_NOCONTACT,4,125,16.5519875,3832.0,-8229.0,443.0,9225.2,846.0306105806471,233.39146818247065
2026-08-08_170110_241265_1_R7_NOCONTACT,5,125,16.5519875,4371.0,-9188.0,520.0,10380.0,894.4918772010939,246.76030617140069
2026-08-08_170110_241265_1_R7_NOCONTACT,6,125,16.5519875,3650.0,-7936.0,340.0,8880.0,1442.8141141156373,398.02401969442667
2026-08-08_170110_241265_1_R7_NOCONTACT,7,125,16.5519875,3204.0,-7388.0,388.0,8148.2,-66.89640375698136,-18.45447397967514
2026-08-08_170110_241265_1_R7_NOCONTACT,8,125,16.5519875,3414.0,-7199.0,392.0,7926.599999999999,1103.5868957753332,304.44260840061867
2026-08-08_170110_241265_1_R7_NOCONTACT,9,125,16.5519875,2674.0,-6893.0,353.0,7592.0,1282.3312795408176,353.752188496977
2026-08-08_170144_520372_1_R6_NOCONTACT,1,119,15.7563316,3905.0,-9451.0,562.0,10703.0,-1730.0636103293527,-454.3242655573744
2026-08-08_170144_520372_1_R6_NOCONTACT,2,119,15.7563316,4243.0,-8868.0,567.0,9889.099999999999,-305.24878784980274,-80.16001869765905
2026-08-08_170144_520372_1_R6_NOCONTACT,3,119,15.7563316,3115.0,-7370.0,525.0,8353.099999999999,-1366.9467939988788,-358.96778276338705
2026-08-08_170144_520372_1_R6_NOCONTACT,4,119,15.7563316,3718.0,-8570.0,467.0,9527.5,-1323.98112433206,-347.6847604519461
2026-08-08_170144_520372_1_R6_NOCONTACT,5,119,15.7563316,4210.0,-9589.0,380.0,10572.9,-670.282905888936,-176.0199955166278
2026-08-08_170144_520372_1_R6_NOCONTACT,6,119,15.7563316,3605.0,-8052.0,454.0,9106.8,-236.05859196535081,-61.99029086725272
2026-08-08_170144_520372_1_R6_NOCONTACT,7,119,15.7563316,3153.0,-7546.0,395.0,8718.9,-931.0661362734143,-244.50311307757838
2026-08-08_170144_520372_1_R6_NOCONTACT,8,119,15.7563316,3327.0,-7557.0,356.0,8276.599999999999,-527.1474261388055,-138.43182747215877
2026-08-08_170144_520372_1_R6_NOCONTACT,9,119,15.7563316,2660.0,-6888.0,294.0,7808.0,13.108500693553236,3.4423647284409125
2026-08-08_170226_232257_1_R5_NOCONTACT,1,130,17.1981777,3938.5,-9387.0,645.0,10761.199999999999,-3340.613037708525,-957.5409441574668
2026-08-08_170226_232257_1_R5_NOCONTACT,2,130,17.1981777,4189.5,-8941.5,556.0,10480.95,-3595.5047911313372,-1030.6021719846353
2026-08-08_170226_232257_1_R5_NOCONTACT,3,130,17.1981777,3067.5,-7589.0,517.0,8764.9,-1251.6043327927748,-358.75522875766796
2026-08-08_170226_232257_1_R5_NOCONTACT,4,130,17.1981777,3693.0,-8688.5,480.0,9695.65,-2477.3166211257612,-710.0888578214069
2026-08-08_170226_232257_1_R5_NOCONTACT,5,130,17.1981777,4212.0,-9703.0,561.5,11026.35,-4184.5361751378105,-1199.439945534973
2026-08-08_170226_232257_1_R5_NOCONTACT,6,130,17.1981777,3561.5,-8330.0,517.0,9421.0,-1333.9153457360492,-382.34855254542515
2026-08-08_170226_232257_1_R5_NOCONTACT,7,130,17.1981777,3217.0,-7462.0,375.0,8562.45,-2074.6730693563686,-594.6766019365875
2026-08-08_170226_232257_1_R5_NOCONTACT,8,130,17.1981777,3334.0,-7457.5,422.5,8451.75,-3129.4450092188304,-897.0125228487263
2026-08-08_170226_232257_1_R5_NOCONTACT,9,130,17.1981777,2652.0,-7057.5,425.5,8054.3,-1483.7266710093277,-425.28991577079756
2026-08-08_170312_681393_1_R4_NOCONTACT,1,119,15.742984300000002,3786.0,-9767.0,477.0,11127.1,1874.4723523503817,491.8298135639355
2026-08-08_170312_681393_1_R4_NOCONTACT,2,119,15.742984300000002,4026.0,-9458.0,574.0,10778.8,2044.9322858097921,536.5556145011112
2026-08-08_170312_681393_1_R4_NOCONTACT,3,119,15.742984300000002,2952.0,-7863.0,478.0,8882.1,282.1573879906208,74.03332215442255
2026-08-08_170312_681393_1_R4_NOCONTACT,4,119,15.742984300000002,3509.0,-9109.0,492.0,10284.1,1615.7320933006556,423.94074963063935
2026-08-08_170312_681393_1_R4_NOCONTACT,5,119,15.742984300000002,3999.0,-10423.0,483.0,11640.5,1754.6240528573971,460.3836486089396
2026-08-08_170312_681393_1_R4_NOCONTACT,6,119,15.742984300000002,3470.0,-8552.0,358.0,9574.1,1591.1203872353422,417.48305459426524
2026-08-08_170312_681393_1_R4_NOCONTACT,7,119,15.742984300000002,3096.0,-7828.0,388.0,8849.9,1472.1400692171044,386.2646332847632
2026-08-08_170312_681393_1_R4_NOCONTACT,8,119,15.742984300000002,3218.0,-7788.0,390.0,8768.1,1371.0645142245787,359.7441186954112
2026-08-08_170312_681393_1_R4_NOCONTACT,9,119,15.742984300000002,2608.0,-7108.0,348.0,7975.0,1573.1241030912329,412.7611342819477
2026-08-08_170412_350589_1_R3_NOCONTACT,1,124,16.4090177,3712.0,-10072.5,483.5,11585.149999999998,700.1842594256641,191.48893176961855
2026-08-08_170412_350589_1_R3_NOCONTACT,2,124,16.4090177,3958.5,-9725.0,538.5,10856.35,1140.5846266999174,311.93122213111394
2026-08-08_170412_350589_1_R3_NOCONTACT,3,124,16.4090177,2921.5,-7907.0,511.5,9543.699999999999,-459.00010045677345,-125.52901287828288
2026-08-08_170412_350589_1_R3_NOCONTACT,4,124,16.4090177,3469.0,-9336.5,412.0,10557.5,399.63597808261636,109.2938972985744
2026-08-08_170412_350589_1_R3_NOCONTACT,5,124,16.4090177,3832.0,-10782.5,538.5,12140.8,1459.3630925597695,399.11191360899994
2026-08-08_170412_350589_1_R3_NOCONTACT,6,124,16.4090177,3400.0,-8779.0,377.5,9924.35,118.75124935753219,32.476522543414326
2026-08-08_170412_350589_1_R3_NOCONTACT,7,124,16.4090177,2980.5,-8256.5,378.5,9333.0,716.6567979911845,195.99390138437784
2026-08-08_170412_350589_1_R3_NOCONTACT,8,124,16.4090177,3128.5,-8039.5,382.5,8929.8,-186.1988609860615,-50.922340094002045
2026-08-08_170412_350589_1_R3_NOCONTACT,9,124,16.4090177,2508.5,-7399.5,346.0,8273.65,-119.92873139575335,-32.79854460352437
2026-08-08_170446_985345_1_R2_NOCONTACT,1,123,16.2718161,3681.0,-10107.0,546.0,11475.499999999998,386.8914101075528,104.92376459899633
2026-08-08_170446_985345_1_R2_NOCONTACT,2,123,16.2718161,3948.0,-9735.0,534.0,11295.4,323.97956076013435,87.8622638807947
2026-08-08_170446_985345_1_R2_NOCONTACT,3,123,16.2718161,2936.0,-7993.0,500.0,9011.4,648.2998208783349,175.81692438325342
2026-08-08_170446_985345_1_R2_NOCONTACT,4,123,16.2718161,3474.0,-9392.0,469.0,10570.0,-58.518525863537754,-15.870044854909667
2026-08-08_170446_985345_1_R2_NOCONTACT,5,123,16.2718161,3805.0,-10888.0,454.0,11861.3,-212.17865775265327,-57.54220165493355
2026-08-08_170446_985345_1_R2_NOCONTACT,6,123,16.2718161,3417.0,-8833.0,427.0,9938.2,1406.1459224423238,381.3424643291059
2026-08-08_170446_985345_1_R2_NOCONTACT,7,123,16.2718161,3009.0,-8182.0,444.0,9115.4,1379.1801019595334,374.0294164644129
2026-08-08_170446_985345_1_R2_NOCONTACT,8,123,16.2718161,3127.0,-8120.0,380.0,9045.4,-1222.2337961993896,-331.4660593826891
2026-08-08_170446_985345_1_R2_NOCONTACT,9,123,16.2718161,2500.0,-7424.0,336.0,8186.799999999999,762.0295403184122,206.6600757138123
2026-08-08_173847_719544_1_R1_NOCONTACT_v2,1,128,16.9436162,3041.5,-14023.5,585.0,15486.65,-1342.0790206690529,-378.994530604805
2026-08-08_173847_719544_1_R1_NOCONTACT_v2,2,128,16.9436162,3540.0,-13657.5,587.5,15057.6,-2467.3508739369654,-696.7641039787088
2026-08-08_173847_719544_1_R1_NOCONTACT_v2,3,128,16.9436162,2137.0,-11712.0,443.5,12887.699999999999,-755.6865945892011,-213.40106043674035
2026-08-08_173847_719544_1_R1_NOCONTACT_v2,4,128,16.9436162,2123.5,-13210.5,739.0,15627.05,-2539.0150732097236,-717.001615441341
2026-08-08_173847_719544_1_R1_NOCONTACT_v2,5,128,16.9436162,2753.5,-14099.5,685.5,16298.4,-3102.3503300000853,-876.0838884910798
2026-08-08_173847_719544_1_R1_NOCONTACT_v2,6,128,16.9436162,2080.5,-13585.5,621.0,14979.949999999999,-1978.7150310766042,-558.7764675955509
2026-08-08_173847_719544_1_R1_NOCONTACT_v2,7,128,16.9436162,1835.5,-11594.5,650.5,13543.699999999999,-1727.5760234101858,-487.8564182830734
2026-08-08_173847_719544_1_R1_NOCONTACT_v2,8,128,16.9436162,1978.0,-11890.5,436.5,13625.699999999999,-2836.6502785283437,-801.0518935501226
2026-08-08_173847_719544_1_R1_NOCONTACT_v2,9,128,16.9436162,1260.0,-10673.5,525.0,11994.349999999999,-1872.1063327441364,-528.670853126769
2026-08-08_174143_480272_1_R1_NOCONTACT_v2_2,1,125,16.5287355,2914.0,-15387.0,465.0,16510.399999999998,-1104.4783248196277,-304.26050160711185
2026-08-08_174143_480272_1_R1_NOCONTACT_v2_2,2,125,16.5287355,3367.0,-14919.0,518.0,16040.4,-611.212575239231,-168.376183173385
2026-08-08_174143_480272_1_R1_NOCONTACT_v2_2,3,125,16.5287355,2051.0,-12319.0,320.0,13066.8,-448.2324531836783,-123.47859435315253
2026-08-08_174143_480272_1_R1_NOCONTACT_v2_2,4,125,16.5287355,1863.0,-15884.0,385.0,16894.6,-1053.951920360855,-290.34154202269394
2026-08-08_174143_480272_1_R1_NOCONTACT_v2_2,5,125,16.5287355,2553.0,-16355.0,438.0,17525.2,-1632.4287427176773,-449.69971518296734
2026-08-08_174143_480272_1_R1_NOCONTACT_v2_2,6,125,16.5287355,1976.0,-14541.0,386.0,15481.2,-66.53365920034005,-18.328620912826036
2026-08-08_174143_480272_1_R1_NOCONTACT_v2_2,7,125,16.5287355,1667.0,-13554.0,375.0,14283.199999999999,-395.43792538360475,-108.93481458890565
2026-08-08_174143_480272_1_R1_NOCONTACT_v2_2,8,125,16.5287355,1795.0,-13610.0,372.0,14537.4,-1227.644976671967,-338.1903184552436
2026-08-08_174143_480272_1_R1_NOCONTACT_v2_2,9,125,16.5287355,1157.0,-11819.0,352.0,12576.0,-325.4585545342504,-89.65697273514918
2026-08-08_174209_473656_1_R1_NOCONTACT_v2_3,1,119,15.7444893,2910.0,-15210.0,413.0,16127.3,-1175.5896770698716,-308.4843181969508
2026-08-08_174209_473656_1_R1_NOCONTACT_v2_3,2,119,15.7444893,3391.0,-14786.0,424.0,16010.199999999999,-2245.123219544367,-589.1386417882973
2026-08-08_174209_473656_1_R1_NOCONTACT_v2_3,3,119,15.7444893,2084.0,-12231.0,325.0,13064.4,814.4736357923942,213.72452406442414
2026-08-08_174209_473656_1_R1_NOCONTACT_v2_3,4,119,15.7444893,1907.0,-15583.0,400.0,16746.1,-2188.5631277245957,-574.2968124472405
2026-08-08_174209_473656_1_R1_NOCONTACT_v2_3,5,119,15.7444893,2527.0,-16233.0,348.0,17304.8,-1680.9703639986403,-441.10033182656167
2026-08-08_174209_473656_1_R1_NOCONTACT_v2_3,6,119,15.7444893,2037.0,-14374.0,431.0,15267.9,-264.8427337607034,-69.4968931313024
2026-08-08_174209_473656_1_R1_NOCONTACT_v2_3,7,119,15.7444893,1695.0,-13297.0,357.0,14239.9,-2262.44287279538,-593.6834600431354
2026-08-08_174209_473656_1_R1_NOCONTACT_v2_3,8,119,15.7444893,1824.0,-13458.0,417.0,14286.3,-3018.9277456517484,-792.1912598147845
2026-08-08_174209_473656_1_R1_NOCONTACT_v2_3,9,119,15.7444893,1165.0,-11725.0,307.0,12439.9,-764.0908005554771,-200.50365722623573
