roi,speed_mm_min,force_bin_N,session_count,median_loading_light,median_unloading_light,median_hysteresis_light,max_abs_hysteresis_light
1,200.0,0.125,6,12387.25,12330.5,-172.25,1241.0
1,200.0,0.375,6,12036.0,12751.0,-21.0,2227.5
1,200.0,0.625,4,11580.5,12205.75,-557.25,2353.0
1,200.0,0.875,4,11392.5,11342.5,467.25,1525.0
1,200.0,1.125,2,11705.0,12472.0,-767.0,1995.0
1,200.0,1.375,1,27905.0,18770.0,9135.0,9135.0
1,200.0,1.625,1,27071.0,24467.0,2604.0,2604.0
1,200.0,1.875,1,25067.0,21579.0,3488.0,3488.0
1,200.0,2.125,1,21883.0,23470.0,-1587.0,1587.0
1,200.0,2.375,1,17679.0,24249.5,-6570.5,6570.5
1,200.0,2.625,1,20934.0,23248.0,-2314.0,2314.0
1,200.0,2.875,1,21206.0,27334.5,-6128.5,6128.5
1,400.0,0.375,4,11654.5,10638.0,1046.0,3511.5
1,400.0,0.625,4,9968.25,11951.5,-21.75,3976.0
1,400.0,0.875,3,18391.0,21241.5,-2850.5,5908.0
1,400.0,1.125,1,25958.0,24047.0,1911.0,1911.0
1,400.0,1.375,1,24061.0,27163.0,-3102.0,3102.0
1,600.0,0.375,1,973.5,1227.0,-253.5,253.5
1,600.0,0.625,3,24939.0,24705.0,-13.0,6333.0
1,600.0,0.875,2,12881.25,13976.5,-1095.25,1961.5
1,600.0,1.125,1,31543.0,27473.5,4069.5,4069.5
1,600.0,1.375,1,17060.0,27363.0,-10303.0,10303.0
2,200.0,0.125,6,11904.5,11439.5,0.0,1861.0
2,200.0,0.375,6,11369.25,11709.75,0.0,1216.0
2,200.0,0.625,5,21832.0,23802.0,0.0,2431.5
2,200.0,0.875,4,11722.0,11774.0,0.0,1144.5
2,200.0,1.125,2,12377.0,10174.5,2202.5,4405.0
2,200.0,1.375,2,12887.5,12453.25,434.25,868.5
2,400.0,0.125,2,0.0,0.0,0.0,0.0
2,400.0,0.375,5,25222.0,23077.0,768.0,3189.5
2,400.0,0.625,4,12308.5,11649.0,659.5,3168.5
2,400.0,0.875,2,14354.0,11985.25,2368.75,4737.5
2,400.0,1.125,2,11121.75,12498.0,-1376.25,2752.5
2,600.0,0.375,4,13530.0,9872.5,2240.5,7315.0
2,600.0,0.625,2,12833.25,12467.75,365.5,731.0
2,600.0,0.875,2,12393.5,12861.5,-468.0,936.0
2,600.0,1.125,1,0.0,0.0,0.0,0.0
3,200.0,0.125,6,9345.5,10446.25,-540.5,2262.0
3,200.0,0.375,6,9055.5,10094.25,0.0,3902.5
3,200.0,0.625,4,9634.75,9554.5,-5.0,2336.0
3,200.0,0.875,4,9550.75,9366.5,0.0,2364.0
3,200.0,1.125,3,19067.0,18660.5,0.0,746.5
3,200.0,1.375,2,9133.5,10511.0,-1377.5,2755.0
3,200.0,1.625,1,17783.5,20748.0,-2964.5,2964.5
3,200.0,1.875,1,17460.5,21395.5,-3935.0,3935.0
3,400.0,0.375,6,7522.75,7880.0,-361.0,9044.0
3,400.0,0.625,4,7757.75,7631.25,3.0,4016.0
3,400.0,0.875,3,14404.0,14611.0,-207.0,2155.0
3,400.0,1.125,2,8093.0,7611.25,481.75,963.5
3,600.0,0.125,1,15519.0,14440.0,1079.0,1079.0
3,600.0,0.375,2,7799.5,8142.25,-342.75,435.5
3,600.0,0.625,2,7619.0,8327.25,-708.25,1408.0
3,600.0,0.875,1,288.5,0.0,288.5,288.5
4,200.0,0.125,6,7515.0,7533.75,0.0,246.0
4,200.0,0.375,6,7453.25,7281.5,0.0,1000.0
4,200.0,0.625,4,7138.5,7369.0,-230.5,821.0
4,200.0,0.875,3,0.0,0.0,0.0,1143.0
4,200.0,1.125,2,7115.5,6644.5,471.0,942.0
4,200.0,1.375,2,7073.75,7137.0,-63.25,126.5
4,200.0,1.625,2,6252.0,6685.0,-433.0,866.0
4,200.0,1.875,1,0.0,0.0,0.0,0.0
4,400.0,0.125,3,14968.0,13135.0,0.0,1833.0
4,400.0,0.375,5,0.0,0.0,0.0,455.0
4,400.0,0.625,4,7078.5,7282.0,-203.5,783.5
4,400.0,0.875,2,7349.25,6896.25,453.0,906.0
4,400.0,1.125,2,7385.5,7287.0,98.5,197.0
4,600.0,0.125,1,14555.0,14555.5,-0.5,0.5
4,600.0,0.375,3,0.0,0.0,0.0,1904.0
4,600.0,0.625,2,7761.0,7848.0,-87.0,174.0
4,600.0,0.875,1,0.0,0.0,0.0,0.0
5,200.0,0.125,6,8410.0,8410.25,0.0,675.0
5,200.0,0.375,5,0.0,0.0,0.0,608.0
5,200.0,0.625,3,0.0,0.0,0.0,885.0
5,200.0,0.875,2,8455.25,8450.5,4.75,9.5
5,200.0,1.125,1,0.0,0.0,0.0,0.0
5,200.0,1.375,1,0.0,0.0,0.0,0.0
5,400.0,0.125,5,16947.0,17250.0,0.0,382.0
5,400.0,0.375,3,0.0,0.0,0.0,756.5
5,400.0,0.625,2,0.0,0.0,0.0,0.0
5,400.0,0.875,1,0.0,0.0,0.0,0.0
5,600.0,0.125,2,17716.5,18769.0,-1052.5,2199.0
5,600.0,0.375,3,0.0,0.0,0.0,117.0
5,600.0,0.625,2,8391.75,9224.0,-832.25,1664.5
5,600.0,0.875,1,16669.0,18211.0,-1542.0,1542.0
5,600.0,1.125,1,17317.5,15602.5,1715.0,1715.0
6,200.0,0.125,6,7731.5,7634.75,0.0,1376.0
6,200.0,0.375,6,7531.0,7604.5,0.0,646.0
6,200.0,0.625,6,7496.75,7577.0,0.0,668.0
6,200.0,0.875,5,0.0,0.0,0.0,660.0
6,200.0,1.125,4,7366.0,7517.5,0.0,977.0
6,200.0,1.375,3,0.0,0.0,0.0,468.0
6,200.0,1.625,2,7982.75,7592.0,390.75,781.5
6,200.0,1.875,1,0.0,0.0,0.0,0.0
6,400.0,0.125,2,7731.75,7414.5,317.25,634.5
6,400.0,0.375,6,7159.5,7133.25,0.0,1499.5
6,400.0,0.625,4,7363.5,7493.0,-129.5,481.0
6,400.0,0.875,3,0.0,0.0,0.0,71.5
6,400.0,1.125,2,7111.5,7431.0,-319.5,639.0
6,400.0,1.375,1,0.0,0.0,0.0,0.0
6,400.0,1.625,1,0.0,0.0,0.0,0.0
6,600.0,0.375,3,0.0,0.0,0.0,229.0
6,600.0,0.625,2,7678.0,7959.5,-281.5,563.0
6,600.0,0.875,2,7100.25,6812.75,287.5,575.0
6,600.0,1.125,1,12433.0,14738.0,-2305.0,2305.0
7,200.0,0.125,6,6074.25,6173.25,0.0,718.5
7,200.0,0.375,6,5863.0,5921.0,0.0,333.0
7,200.0,0.625,6,5613.75,5900.5,-73.0,770.5
7,200.0,0.875,4,5882.5,5711.5,171.0,348.5
7,200.0,1.125,3,11966.0,11802.0,164.0,1025.0
7,200.0,1.375,3,11120.0,11731.5,0.0,967.0
7,200.0,1.625,2,11283.0,11870.25,-587.25,686.5
7,200.0,1.875,1,11169.0,11613.0,-444.0,444.0
7,200.0,2.125,1,11154.5,11526.5,-372.0,372.0
7,200.0,2.375,1,11061.0,11100.0,-39.0,39.0
7,200.0,2.625,1,11577.0,10687.0,890.0,890.0
7,200.0,2.875,1,9956.0,10841.5,-885.5,885.5
7,400.0,0.375,5,0.0,0.0,0.0,1578.5
7,400.0,0.625,5,10864.0,10053.0,0.0,1414.0
7,400.0,0.875,3,11686.0,12327.0,0.0,1722.0
7,400.0,1.125,3,10824.0,11514.0,0.0,790.0
7,400.0,1.375,2,11884.0,12199.0,-315.0,483.0
7,400.0,1.625,2,10247.0,11798.5,-1551.5,2091.0
7,400.0,1.875,1,11355.0,13052.5,-1697.5,1697.5
7,400.0,2.125,1,11433.0,11247.0,186.0,186.0
7,400.0,2.375,1,13083.0,10530.5,2552.5,2552.5
7,400.0,2.625,1,12296.0,13134.0,-838.0,838.0
7,400.0,2.875,1,12980.0,11985.5,994.5,994.5
7,600.0,0.375,2,0.0,0.0,0.0,0.0
7,600.0,0.625,3,11615.0,13040.0,-712.0,1425.0
7,600.0,0.875,2,6130.0,6945.75,-815.75,1631.5
7,600.0,1.125,1,11244.5,12381.0,-1136.5,1136.5
7,600.0,1.375,1,12707.0,14022.0,-1315.0,1315.0
7,600.0,1.625,1,12195.0,13435.0,-1240.0,1240.0
8,200.0,0.125,6,12719.5,12847.0,24.0,1441.0
8,200.0,0.375,6,12523.0,12956.5,-507.5,995.0
8,200.0,0.625,6,12580.25,12899.0,-303.75,1802.5
8,200.0,0.875,4,11982.0,12824.75,-543.0,1308.5
8,200.0,1.125,4,11823.75,12496.0,-602.25,1557.5
8,200.0,1.375,4,12591.0,12651.5,41.0,1197.0
8,200.0,1.625,3,11965.5,12124.5,131.5,658.0
8,200.0,1.875,2,12467.0,13304.0,-837.0,1886.0
8,200.0,2.125,2,12116.5,11808.0,308.5,444.0
8,200.0,2.375,2,12921.5,12403.25,518.25,1272.0
8,200.0,2.625,2,13505.75,12589.0,916.75,1081.5
8,200.0,2.875,2,13084.5,12742.0,342.5,997.0
8,400.0,0.125,1,11972.0,12322.0,-350.0,350.0
8,400.0,0.375,4,12645.75,12800.5,163.75,715.5
8,400.0,0.625,5,12368.0,13024.0,-1058.0,1737.0
8,400.0,0.875,2,12109.5,11787.25,322.25,339.0
8,400.0,1.125,4,12459.5,12130.0,-808.25,3963.0
8,400.0,1.375,2,9910.0,11018.75,-1108.75,2142.0
8,400.0,1.625,2,11936.5,12051.5,-115.0,444.0
8,400.0,1.875,2,11531.0,11033.5,497.5,1616.0
8,400.0,2.125,2,11207.25,12053.25,-846.0,1617.5
8,400.0,2.375,2,12696.0,13165.5,-469.5,1459.0
8,400.0,2.625,2,10672.0,9810.5,861.5,1002.0
8,400.0,2.875,1,12081.0,10668.0,1413.0,1413.0
8,600.0,0.375,3,12919.5,12991.0,323.0,1917.0
8,600.0,0.625,2,12571.25,13250.0,-678.75,1248.5
8,600.0,0.875,2,12886.75,13760.25,-873.5,1057.0
8,600.0,1.125,1,12598.0,13213.0,-615.0,615.0
9,200.0,0.125,6,11710.0,12066.25,-293.0,835.0
9,200.0,0.375,6,11749.25,11846.0,-421.75,745.0
9,200.0,0.625,6,11522.5,11828.5,-509.5,1274.5
9,200.0,0.875,4,11492.5,11920.5,-489.25,852.0
9,200.0,1.125,2,11388.25,11267.75,120.5,612.0
9,200.0,1.375,2,11275.0,11604.25,-329.25,848.5
9,200.0,1.625,2,10049.75,11414.5,-1364.75,1817.0
9,400.0,0.375,6,11635.25,11651.5,-57.25,1712.0
9,400.0,0.625,4,11103.5,11252.25,-282.5,574.5
9,400.0,0.875,2,11446.75,11751.25,-304.5,456.0
9,400.0,1.125,2,10241.5,11382.0,-1140.5,1591.0
9,400.0,1.375,1,10844.0,10394.0,450.0,450.0
9,600.0,0.375,4,11694.25,11579.5,-37.25,916.0
9,600.0,0.625,3,11749.0,11958.0,-489.0,1535.5
9,600.0,0.875,2,11175.0,12213.5,-1038.5,1442.0
9,600.0,1.125,2,11872.75,11479.75,393.0,719.0
