taxel,variable,n,mean,sd,median,q1,q3,iqr,minimum,maximum,cv_percent
T1,force_mean_N,8,5.42171661095378,1.9643092917126226,6.061538665597967,3.9403258526998726,6.991869860913841,3.0515440082139684,2.665667545171186,7.459302269729148,36.23039403690014
T1,force_peak_N,8,13.884929558886807,4.8797366620408615,14.57898726725848,11.275087356866193,16.72350643124939,5.448419074383198,6.023222612372565,19.856225637058383,35.144122563572324
T2,force_mean_N,8,5.020060472671132,1.5097192855283827,5.239632402571836,3.875834748903568,6.152868553699912,2.2770338047963445,2.6898960224258763,7.067185492629677,30.07372707454804
T2,force_peak_N,8,13.067987016482574,5.876335127713365,12.398932468879172,9.621961149905289,15.707100738452494,6.0851395885472055,5.266491362285144,22.698593411062163,44.96740867818111
T3,force_mean_N,8,4.5880390487156015,1.2152010792265955,4.589989944247193,3.816936680949926,5.448866212356767,1.6319295314068407,2.969917325132102,6.16880117057024,26.486284583100595
T3,force_peak_N,8,11.904394008910705,5.238367145303503,11.77231327975871,8.72319204555543,14.788600332275696,6.065408286720265,5.1320509542168935,21.13926594946245,44.00364387622308
T4,force_mean_N,8,3.7436029989560637,0.8232609688290659,3.653520660107918,3.2479254704823646,3.989218696223609,0.7412932257412446,2.684419608047519,5.453304164849461,21.991139793900135
T4,force_peak_N,8,10.619416995482474,3.535668189272606,10.868250365965203,9.1393852378403,12.016563790140141,2.877178552299842,5.526582486621949,17.00775298868212,33.294371911157526
T5,force_mean_N,8,3.309959110986206,0.3112969181574862,3.2377114341243387,3.0681728240205275,3.5562619604158923,0.4880891363953648,2.9758495970385512,3.811786608583147,9.404856909689586
T5,force_peak_N,8,9.608029445810246,3.4914069283177263,9.367385628629464,8.362666551682963,10.354502406632653,1.9918358549496897,5.0581159447035695,16.491757337718713,36.3384286862299
T6,force_mean_N,8,3.7813006613000777,1.1539641498742528,3.51694177436911,2.9846445282262115,4.151478330591457,1.1668338023652458,2.573780916743368,6.201537996548035,30.517651285563197
T6,force_peak_N,8,9.793447891161208,3.5739507771736516,9.311099858664598,7.401815964154307,11.818364496001353,4.416548531847046,5.076035596425009,15.82790727223825,36.49328425384504
T7,force_mean_N,8,3.2406580554494653,0.69973577926124,3.2463620960176653,2.8950981704491845,3.5328359757589576,0.6377378053097731,2.215547492485484,4.501205082295652,21.59239781823231
T7,force_peak_N,8,8.088901040308482,3.1086359868990034,7.899306425633028,6.5796547118298525,9.56158320304509,2.981928491215238,4.129284245269195,13.82497271111367,38.4308816662251
T8,force_mean_N,8,3.52878900976033,0.891986999602614,3.756287810101983,3.139576029844334,4.024428791975789,0.8848527621314553,2.1492457108934007,4.7502933445053985,25.277425120500368
T8,force_peak_N,8,9.329662440194891,4.1272330651515565,9.624883400426846,6.9792283207877235,10.48095225491455,3.5017239341268267,3.859424809830552,17.24270584237026,44.23775341935459
T9,force_mean_N,8,3.7086195952139116,1.0866044291692343,3.499071198782306,3.3315702294579417,3.6731498717816304,0.34157964232368876,2.41884799160175,6.120596470151311,29.299430725424923
T9,force_peak_N,8,8.51976841003431,3.399112291347346,8.308715938866662,7.144212607562443,9.318260119623536,2.174047512061094,4.315715570938789,15.343633985320844,39.89676864155111
