taxel,recordings,trials,sessions,frames,contact_frames,frame_percent_of_press_records,relative_to_equal_frames
T1,8,8,1,3576,3454,12.786955588929414,1.1508260030036472
T2,8,8,1,3217,3095,11.503253951226489,1.035292855610384
T3,8,8,1,2949,2798,10.544947436172496,0.9490452692555246
T4,8,8,1,3240,3130,11.585496674533362,1.0426947007080025
T5,8,8,1,3324,3218,11.885861403132376,1.0697275262819137
T6,8,8,1,3223,3102,11.524708574697847,1.037223771722806
T7,8,8,1,2995,2862,10.70943288278624,0.9638489594507615
T8,8,8,1,2763,2627,9.879854108560394,0.8891868697704355
T9,8,8,1,2679,2500,9.579489379961382,0.8621540441965243
