task,model,roi,frames,sessions,mae_N,rmse_N,bias_N,r2,negative_prediction_rate,recall
force,Median baseline,1,696,6,0.8293376770614372,0.9357205072148853,-0.3779253085841301,-0.19671674104940817,0.0,
force,Median baseline,2,493,6,0.7451737211203958,0.8652454321162362,-0.35454834662405377,-0.20847444391274284,0.0,
force,Median baseline,3,266,6,0.8998794143878305,0.9873835993634205,-0.5412092208887547,-0.43196784582319947,0.0,
force,Median baseline,4,1092,6,0.6279650098721296,0.74188064043386,-0.2030561240900183,-0.07698140937572195,0.0,
force,Median baseline,5,1463,6,0.5580955490703229,0.6726527329038094,-0.0782986621945847,-0.012178117316678838,0.0,
force,Median baseline,6,921,6,0.7073950863975221,0.8218007673217494,-0.5214452700568004,-0.6734244094679762,0.0,
force,Median baseline,7,1024,6,0.7573036513245279,0.8572699623582217,-0.5248042315234122,-0.5956208091401267,0.0,
force,Median baseline,8,703,6,0.7719711668535375,0.8704890981629606,-0.5062759388060841,-0.5107893793144669,0.0,
force,Median baseline,9,496,6,0.885185702611139,0.9684093545024588,-0.592595242843519,-0.5959390525110082,0.0,
force,Total light linear,1,696,6,2.087655138675361,2.6245760110071714,-1.058609248036541,-8.414936199424965,0.0,
force,Total light linear,2,493,6,1.5022014047313914,1.7093131416796405,-1.3330461035250465,-3.7163073960018753,0.0,
force,Total light linear,3,266,6,1.3513550895346462,1.5505515782191066,-0.9993433054912328,-2.531294048602726,0.0,
force,Total light linear,4,1092,6,1.0872169791869721,1.3516900288444513,-0.5874571810209575,-2.5751506796069297,0.0,
force,Total light linear,5,1463,6,1.3285467624482474,1.5179169330105093,-1.2096239799605102,-4.154317099374783,0.0,
force,Total light linear,6,921,6,1.8349408739045376,2.1297518318165243,-1.2939794998125151,-10.239086548890974,0.0,
force,Total light linear,7,1024,6,1.8344771520814587,2.085507578274739,-0.9676287117108362,-8.443174658854874,0.0,
force,Total light linear,8,703,6,1.685392129396671,1.9775005446861156,-0.6019151868970997,-6.796693715440663,0.0,
force,Total light linear,9,496,6,1.3411081462449348,1.6088745653695176,-0.4912984376173015,-3.4049676382258296,0.0,
force,NNLS,1,696,6,2.2368573154123084,2.9734162239638255,-0.93362305992219,-11.083993552182662,0.0,
force,NNLS,2,493,6,1.3901477765457688,1.6372888987775405,-1.1355252344691282,-3.3272249714096507,0.0,
force,NNLS,3,266,6,1.2073141704436479,1.4081957108445504,-0.6860365695078379,-1.912644511075495,0.0,
force,NNLS,4,1092,6,0.9825011940183794,1.1710234604690952,-0.8813413577885212,-1.6833129216398643,0.0,
force,NNLS,5,1463,6,1.397861332665452,1.5753631056372996,-1.2957392320185228,-4.551833873871215,0.0,
force,NNLS,6,921,6,1.8927405327054423,2.2321889935420547,-1.271426185997706,-11.346246380736142,0.0,
force,NNLS,7,1024,6,1.8566162841953253,2.124692777694536,-0.9868400327883271,-8.801369480198984,0.0,
force,NNLS,8,703,6,1.5798389744787749,1.8799059089385153,-0.5189967121193323,-6.046110928722266,0.0,
force,NNLS,9,496,6,1.2218602805559837,1.4807550328409442,-0.44754393718569757,-2.7313396665540175,0.0,
force,Positive Ridge,1,696,6,2.2360068132674424,2.9710473582596832,-0.9347699600348149,-11.06474703363765,0.0,
force,Positive Ridge,2,493,6,1.3901996265383447,1.637258910704986,-1.1364770877774155,-3.327066460656747,0.0,
force,Positive Ridge,3,266,6,1.207065049699057,1.4078203992611558,-0.6875161895921893,-1.9110921649887675,0.0,
force,Positive Ridge,4,1092,6,0.9825427899214964,1.1709893174850874,-0.8815669278356524,-1.6831564517181974,0.0,
force,Positive Ridge,5,1463,6,1.3979869665556814,1.5754365192793365,-1.2961886310493063,-4.552351328977344,0.0,
force,Positive Ridge,6,921,6,1.8920590203341212,2.2304705347761167,-1.272416013425421,-11.327244093227998,0.0,
force,Positive Ridge,7,1024,6,1.8559135323001543,2.123336096889317,-0.9879936031739978,-8.788856532817682,0.0,
force,Positive Ridge,8,703,6,1.5795312247659987,1.8788031903480513,-0.521022181430317,-6.037847112283076,0.0,
force,Positive Ridge,9,496,6,1.2217378517662918,1.4801002575099353,-0.44925972195356084,-2.728040472650941,0.0,
force,Isotonic,1,696,6,0.9148581953878654,1.0273627575445499,-0.4493846230479068,-0.4426025910397895,0.0,
force,Isotonic,2,493,6,0.7641450997499748,0.8964962047060638,-0.4606869360329068,-0.29734580208859507,0.0,
force,Isotonic,3,266,6,0.7436857107220982,0.8451393500614451,-0.42979454232875525,-0.04910291557754487,0.0,
force,Isotonic,4,1092,6,0.5781388374000597,0.6968951874444411,-0.029763356703350417,0.049668639334351394,0.0,
force,Isotonic,5,1463,6,0.5686842172142437,0.7098073256392686,-0.22459950539589793,-0.12708345933501675,0.0,
force,Isotonic,6,921,6,0.7266777868433933,0.8552037864037235,-0.6042448283686088,-0.8122255319356912,0.0,
force,Isotonic,7,1024,6,0.7661073321318447,0.8961832076353635,-0.4991450295983434,-0.7437655029768153,0.0,
force,Isotonic,8,703,6,0.7022091536267135,0.8246328056650102,-0.38043530686681265,-0.35580885535554385,0.0,
force,Isotonic,9,496,6,0.74497145113684,0.8393664405776786,-0.34295421973839246,-0.1989513273036665,0.0,
force,Monotonic HistGB,1,696,6,0.9273253534885686,1.0430094955054294,-0.42117715109258136,-0.48687889083688884,0.0,
force,Monotonic HistGB,2,493,6,0.7321384806822337,0.8753603830178075,-0.38872413244731874,-0.23689437688834425,0.0,
force,Monotonic HistGB,3,266,6,0.6180053404531904,0.7211054192741636,-0.23571811191715147,0.23623638253453072,0.0,
force,Monotonic HistGB,4,1092,6,0.6641020993687516,0.7936811615802274,-0.3307110629323686,-0.2326286979587877,0.0,
force,Monotonic HistGB,5,1463,6,0.5821262836932811,0.7269609154351397,-0.28505833684218074,-0.18221712416894875,0.0,
force,Monotonic HistGB,6,921,6,0.6765837541514341,0.8127903960488433,-0.5084379364651669,-0.636930125423641,0.0,
force,Monotonic HistGB,7,1024,6,0.7848796877414268,0.9258118730543865,-0.41360568801594516,-0.8609725616899122,0.0,
force,Monotonic HistGB,8,703,6,0.6997653492459058,0.8493164006391858,-0.13357957393193293,-0.4381900219281436,0.0,
force,Monotonic HistGB,9,496,6,0.6903461533290318,0.8079313396617908,-0.22420593974366912,-0.11082912905835074,0.0,
force,Monotonic XGBoost,1,696,6,0.9244384335265028,1.0373575675906792,-0.41160107973220666,-0.4708081589814588,0.0,
force,Monotonic XGBoost,2,493,6,0.7255057081829835,0.8618499447783697,-0.3812738222429602,-0.19900820901075567,0.0,
force,Monotonic XGBoost,3,266,6,0.6555402075659922,0.7571501208528398,-0.26813918430587247,0.15797412031310043,0.0,
force,Monotonic XGBoost,4,1092,6,0.6729328762635745,0.8013590911459954,-0.35800722154029474,-0.25659250982970727,0.0,
force,Monotonic XGBoost,5,1463,6,0.5719225404899594,0.709775832776921,-0.2569024612265692,-0.1269834482600931,0.0,
force,Monotonic XGBoost,6,921,6,0.6784381484548377,0.8077993080340413,-0.5206054799302555,-0.6168881133895348,0.0,
force,Monotonic XGBoost,7,1024,6,0.7832394532717096,0.9132723158858191,-0.43680850458098935,-0.8109024813581072,0.0,
force,Monotonic XGBoost,8,703,6,0.7143921776213631,0.8505881211839472,-0.16096761434157544,-0.4425001826682613,0.0,
force,Monotonic XGBoost,9,496,6,0.7162417743752196,0.8297492670269202,-0.26551333071968786,-0.17163437478977617,0.0,
force,Extra Trees,1,696,6,0.7841121609907632,0.9319875361448767,-0.2746874176934487,-0.18718740407449475,0.0,
force,Extra Trees,2,493,6,0.643194801806035,0.8079210651636136,-0.29070223904084413,-0.053650806141680496,0.0,
force,Extra Trees,3,266,6,0.5853060935907339,0.6726389123473548,-0.23284140457314934,0.33545342617863283,0.0,
force,Extra Trees,4,1092,6,0.6469642843095178,0.7768450911792819,-0.26720228549706787,-0.18088874091889307,0.0,
force,Extra Trees,5,1463,6,0.5568395984230621,0.697380845887736,-0.17277632402044849,-0.08796556995431803,0.0,
force,Extra Trees,6,921,6,0.6476771095098786,0.7774425040526063,-0.43159499715026045,-0.49764739613869,0.0,
force,Extra Trees,7,1024,6,0.6564582286013961,0.7860150035457913,-0.4050777426065281,-0.3413933522457324,0.0,
force,Extra Trees,8,703,6,0.5968910044487307,0.7315824298609133,-0.2589560818981847,-0.06709671627553826,0.0,
force,Extra Trees,9,496,6,0.6170097763586506,0.7223177471811929,-0.2704410931884243,0.11211867561253264,0.0,
force,RBF SVR,1,696,6,0.8307915161419827,0.9900332697525078,-0.38867040574000433,-0.339672522131065,0.0,
force,RBF SVR,2,493,6,0.7085506770723163,0.9012103212017119,-0.43001862324796014,-0.31102554532282745,0.003236245954692557,
force,RBF SVR,3,266,6,0.6265233935276744,0.7449316417711841,-0.18870515014287945,0.1849311582979074,0.0,
force,RBF SVR,4,1092,6,0.6845833147521563,0.8421243260399915,-0.3561640161273073,-0.3876903104559024,0.0008051529790660224,
force,RBF SVR,5,1463,6,0.618209981528825,0.7832233945899895,-0.2793695027628566,-0.3722916609511824,0.0,
force,RBF SVR,6,921,6,0.7552684724357717,0.9312174962377172,-0.5381043841620363,-1.1486974527997846,0.0,
force,RBF SVR,7,1024,6,0.7619478658182878,0.9145323041481881,-0.3899824332390055,-0.8159027201825761,0.0,
force,RBF SVR,8,703,6,0.6525785429496493,0.8085304521850928,-0.09817239168600093,-0.3033768815505167,0.0,
force,RBF SVR,9,496,6,0.6754712917699661,0.809281311587736,-0.2923121384262085,-0.11454439765971425,0.0,
localization,Logistic regression,1,696,6,,,,,,0.6166901472723321
localization,Logistic regression,2,493,6,,,,,,0.6202146530930152
localization,Logistic regression,3,266,6,,,,,,0.7961361883628242
localization,Logistic regression,4,1092,6,,,,,,0.8061858325592113
localization,Logistic regression,5,1463,6,,,,,,0.7127933045570474
localization,Logistic regression,6,921,6,,,,,,0.7687595005518532
localization,Logistic regression,7,1024,6,,,,,,0.6871140313204437
localization,Logistic regression,8,703,6,,,,,,0.6967143835224764
localization,Logistic regression,9,496,6,,,,,,0.9363793107749467
localization,RBF SVC,1,696,6,,,,,,0.6101226807881749
localization,RBF SVC,2,493,6,,,,,,0.649152161456457
localization,RBF SVC,3,266,6,,,,,,0.7423410903218913
localization,RBF SVC,4,1092,6,,,,,,0.8716467809500005
localization,RBF SVC,5,1463,6,,,,,,0.69791638374184
localization,RBF SVC,6,921,6,,,,,,0.7100359856864036
localization,RBF SVC,7,1024,6,,,,,,0.6766623362726342
localization,RBF SVC,8,703,6,,,,,,0.8090742274517257
localization,RBF SVC,9,496,6,,,,,,0.8816600969559872
localization,Random Forest,1,696,6,,,,,,0.49902045904850945
localization,Random Forest,2,493,6,,,,,,0.5864471070211736
localization,Random Forest,3,266,6,,,,,,0.7085875065021043
localization,Random Forest,4,1092,6,,,,,,0.8187809478065058
localization,Random Forest,5,1463,6,,,,,,0.62853394229789
localization,Random Forest,6,921,6,,,,,,0.7274014494265026
localization,Random Forest,7,1024,6,,,,,,0.7079703393845519
localization,Random Forest,8,703,6,,,,,,0.7027348678830242
localization,Random Forest,9,496,6,,,,,,0.9795187443007974
localization,Extra Trees,1,696,6,,,,,,0.5136742432675111
localization,Extra Trees,2,493,6,,,,,,0.5419390146407409
localization,Extra Trees,3,266,6,,,,,,0.7142147822386153
localization,Extra Trees,4,1092,6,,,,,,0.8192096248205486
localization,Extra Trees,5,1463,6,,,,,,0.6394302184926737
localization,Extra Trees,6,921,6,,,,,,0.7291966281200277
localization,Extra Trees,7,1024,6,,,,,,0.6982163083688387
localization,Extra Trees,8,703,6,,,,,,0.7661577210036922
localization,Extra Trees,9,496,6,,,,,,0.9714198525701921
localization,HistGB,1,696,6,,,,,,0.5222188828780694
localization,HistGB,2,493,6,,,,,,0.6016785213091916
localization,HistGB,3,266,6,,,,,,0.7209572673822923
localization,HistGB,4,1092,6,,,,,,0.8051140166787768
localization,HistGB,5,1463,6,,,,,,0.6718561485121982
localization,HistGB,6,921,6,,,,,,0.7262289300359794
localization,HistGB,7,1024,6,,,,,,0.7076595772416614
localization,HistGB,8,703,6,,,,,,0.7042313497859588
localization,HistGB,9,496,6,,,,,,0.9582335079477752
localization,XGBoost,1,696,6,,,,,,0.5293915158396224
localization,XGBoost,2,493,6,,,,,,0.6069976702453619
localization,XGBoost,3,266,6,,,,,,0.7177535032549929
localization,XGBoost,4,1092,6,,,,,,0.809224329797144
localization,XGBoost,5,1463,6,,,,,,0.6570180952727791
localization,XGBoost,6,921,6,,,,,,0.7051969699138839
localization,XGBoost,7,1024,6,,,,,,0.6785514525639723
localization,XGBoost,8,703,6,,,,,,0.6692939383419868
localization,XGBoost,9,496,6,,,,,,0.9599451154809623
force,Nested selected,1,696,6,0.7841121609907632,0.9319875361448767,-0.2746874176934487,-0.18718740407449475,0.0,
force,Nested selected,2,493,6,0.643194801806035,0.8079210651636136,-0.29070223904084413,-0.053650806141680496,0.0,
force,Nested selected,3,266,6,0.5853060935907339,0.6726389123473548,-0.23284140457314934,0.33545342617863283,0.0,
force,Nested selected,4,1092,6,0.6469642843095178,0.7768450911792819,-0.26720228549706787,-0.18088874091889307,0.0,
force,Nested selected,5,1463,6,0.5568395984230621,0.697380845887736,-0.17277632402044849,-0.08796556995431803,0.0,
force,Nested selected,6,921,6,0.6476771095098786,0.7774425040526063,-0.43159499715026045,-0.49764739613869,0.0,
force,Nested selected,7,1024,6,0.6564582286013961,0.7860150035457913,-0.4050777426065281,-0.3413933522457324,0.0,
force,Nested selected,8,703,6,0.5968910044487307,0.7315824298609133,-0.2589560818981847,-0.06709671627553826,0.0,
force,Nested selected,9,496,6,0.6170097763586506,0.7223177471811929,-0.2704410931884243,0.11211867561253264,0.0,
localization,Nested selected,1,696,6,,,,,,0.5199387756849149
localization,Nested selected,2,493,6,,,,,,0.5535479864263486
localization,Nested selected,3,266,6,,,,,,0.683617236662586
localization,Nested selected,4,1092,6,,,,,,0.8453111971988918
localization,Nested selected,5,1463,6,,,,,,0.6867334244417259
localization,Nested selected,6,921,6,,,,,,0.7145300793147592
localization,Nested selected,7,1024,6,,,,,,0.6685225201139501
localization,Nested selected,8,703,6,,,,,,0.7853471339199328
localization,Nested selected,9,496,6,,,,,,0.8687225450983791
