model,target_roi,sessions,median_session_mae_N,median_session_rmse_N,median_session_within_0_5_N
constant_baseline,1,6,1.2324468615932433,1.435859311682782,0.18823529411764706
constant_baseline,2,6,1.2236578521427617,1.426048510868482,0.2111111111111111
constant_baseline,3,6,1.2208337247801402,1.4296566497250383,0.24922600619195046
constant_baseline,4,6,1.2481170314309185,1.438260473974649,0.2
constant_baseline,5,6,1.2436384530557567,1.437483904578448,0.225
constant_baseline,6,6,1.222865499803546,1.4233371867537585,0.225
constant_baseline,7,6,1.245962645812924,1.446071946281935,0.20526315789473684
constant_baseline,8,6,1.247914165256721,1.4507431380789668,0.2
constant_baseline,9,6,1.240126977305298,1.437705464985396,0.2
nine_channel_log_ridge,1,6,1.243603604518884,1.4376461843289097,0.2153846153846154
nine_channel_log_ridge,2,6,1.1535657962917432,1.345501791422907,0.18333333333333335
nine_channel_log_ridge,3,6,1.236636193411286,1.448061708914914,0.20526315789473684
nine_channel_log_ridge,4,6,1.2382757735244942,1.4445659590278646,0.2
nine_channel_log_ridge,5,6,1.2552605018464562,1.4438650285171588,0.2
nine_channel_log_ridge,6,6,1.1625480642026842,1.357815050807514,0.25
nine_channel_log_ridge,7,6,1.248651656789015,1.445316640699121,0.20526315789473684
nine_channel_log_ridge,8,6,1.2259942064115,1.4097125013120984,0.2
nine_channel_log_ridge,9,6,1.245509888433813,1.4562816620555092,0.2
nine_channel_ridge,1,6,1.2626959292924247,1.4627395906737848,0.17647058823529413
nine_channel_ridge,2,6,1.1010849410354648,1.3149503109049077,0.2638888888888889
nine_channel_ridge,3,6,1.0197302844970342,1.2183642930579608,0.2426470588235294
nine_channel_ridge,4,6,1.25863054981442,1.4589377045068734,0.2
nine_channel_ridge,5,6,1.3102427396450778,1.541545219812833,0.2
nine_channel_ridge,6,6,1.0839767718871594,1.260018250917856,0.25
nine_channel_ridge,7,6,1.2156223516041667,1.406232242325261,0.2
nine_channel_ridge,8,6,1.122679585221732,1.2996059556579405,0.20526315789473684
nine_channel_ridge,9,6,1.005657733130021,1.1802559192021214,0.2361111111111111
session_zeroed_nine_channel_ridge,1,6,1.1550638575462755,1.341795792394157,0.29411764705882354
session_zeroed_nine_channel_ridge,2,6,0.9412650521996329,1.1089590524590691,0.3055555555555556
session_zeroed_nine_channel_ridge,3,6,1.024516368093041,1.199301405226745,0.22875816993464052
session_zeroed_nine_channel_ridge,4,6,1.2753918892223581,1.4612392038719992,0.2
session_zeroed_nine_channel_ridge,5,6,1.2576661011219017,1.4730243092389679,0.2
session_zeroed_nine_channel_ridge,6,6,0.9232090451112624,1.0998528539349137,0.2631578947368421
session_zeroed_nine_channel_ridge,7,6,1.0939373308609928,1.2895073936835533,0.2
session_zeroed_nine_channel_ridge,8,6,1.0630820607799758,1.234278681923292,0.23026315789473684
session_zeroed_nine_channel_ridge,9,6,0.9949263552543848,1.2237668664315167,0.25
session_zeroed_total_linear,1,6,1.1648769388922928,1.3569754129827407,0.2786377708978328
session_zeroed_total_linear,2,6,1.042984697022776,1.2412548762186906,0.28888888888888886
session_zeroed_total_linear,3,6,0.9290482783781907,1.0909468032005614,0.29678362573099415
session_zeroed_total_linear,4,6,1.2125859339797023,1.4047940716200609,0.2
session_zeroed_total_linear,5,6,1.2002360649187271,1.3929549344222245,0.2
session_zeroed_total_linear,6,6,1.0280980105794346,1.2009116159786144,0.256578947368421
session_zeroed_total_linear,7,6,1.1352536862113485,1.328904362131778,0.20526315789473684
session_zeroed_total_linear,8,6,1.0467851719876862,1.2381816808431472,0.25
session_zeroed_total_linear,9,6,0.9579258022062898,1.160839937760627,0.28888888888888886
total_light_linear,1,6,1.2368443331284538,1.4352105669060733,0.20588235294117646
total_light_linear,2,6,1.1771878972491265,1.404980147716985,0.2388888888888889
total_light_linear,3,6,1.0428888314312263,1.2396619364686796,0.21637426900584794
total_light_linear,4,6,1.2332276481309576,1.4187080442438638,0.2
total_light_linear,5,6,1.2357617986179428,1.4331762213824617,0.2
total_light_linear,6,6,1.1623943457345502,1.3545260802935513,0.21052631578947367
total_light_linear,7,6,1.2299237197923296,1.4239683632128926,0.20526315789473684
total_light_linear,8,6,1.1676145471227577,1.3508462289588428,0.20526315789473684
total_light_linear,9,6,1.1224434925927653,1.317215695809343,0.21637426900584794
total_light_quadratic,1,6,1.1862606187646354,1.3920649705991788,0.23529411764705882
total_light_quadratic,2,6,1.1099410290515022,1.346053027448464,0.29166666666666663
total_light_quadratic,3,6,1.048918615117303,1.2146277862975754,0.21637426900584794
total_light_quadratic,4,6,1.2600869157055419,1.463083987028921,0.2
total_light_quadratic,5,6,1.2310524013344677,1.4360606704033274,0.2
total_light_quadratic,6,6,1.0733586573782146,1.25504539590224,0.23684210526315788
total_light_quadratic,7,6,1.2011935403653098,1.3967721451319717,0.20526315789473684
total_light_quadratic,8,6,1.116286307845784,1.2865936949282932,0.21052631578947367
total_light_quadratic,9,6,1.1281507337597012,1.3124565816473064,0.20526315789473684
