roi,lag_ms,independent_sessions,median_absolute_correlation,q25_absolute_correlation,q75_absolute_correlation
1,-500.0,6,0.2104105642944621,0.1672130506620169,0.27587102786863515
1,-475.0,6,0.2409156558866256,0.20538608723012053,0.3232298507925303
1,-450.0,6,0.28527013351725583,0.18611872422025277,0.36722865502768076
1,-425.0,6,0.3074033593522137,0.15697109667832426,0.38662235032058473
1,-400.0,6,0.30057777815308634,0.12281083070813748,0.3838580314370376
1,-375.0,6,0.2429646367206006,0.10043246007623678,0.3469649471400857
1,-350.0,6,0.18350471028207557,0.11369845289858832,0.26913191571686496
1,-325.0,6,0.18928537108874893,0.10658755354203843,0.22333589748377436
1,-300.0,6,0.17916913191370537,0.07363261087993883,0.2802349029787072
1,-275.0,6,0.19072034490164047,0.14027860339916529,0.29968335423908643
1,-250.0,6,0.23067329868144554,0.17192191682782096,0.34753579689834735
1,-225.0,6,0.31878584081381456,0.2269161648191595,0.4155861041217356
1,-200.0,6,0.39611340874247164,0.32455513662897395,0.4695915871755891
1,-175.0,6,0.44163432180142076,0.37561466938502935,0.5159700038760712
1,-150.0,6,0.4554456743838217,0.38952617267657785,0.5338221706713319
1,-125.0,6,0.44469899511362776,0.3711082274344115,0.5322496884174907
1,-100.0,6,0.39636970283241235,0.32487728858529624,0.4907136193172233
1,-75.0,6,0.37032274645930185,0.290057202620329,0.4140768731803276
1,-50.0,6,0.27560607332648934,0.18038543157836598,0.36249643427049294
1,-25.0,6,0.15295840350375467,0.06837812347061609,0.23812157875830017
1,0.0,6,0.06012477262843187,0.04685361021995693,0.12521667796101546
1,25.0,6,0.11054987056582458,0.057304148909261506,0.1460157074672377
1,50.0,6,0.22184165472194217,0.19375166883146733,0.2585280004167742
1,75.0,6,0.3332886643100704,0.32514644297994383,0.3634707071938269
1,100.0,6,0.40754022519495847,0.3652350837218086,0.43743318080122356
1,125.0,6,0.4531510842179658,0.43575236457119404,0.4887669523888931
1,150.0,6,0.4914318835302671,0.45327209981859107,0.5192778432148858
1,175.0,6,0.493481063439676,0.4324882839397673,0.5596917075848535
1,200.0,6,0.4545093270576049,0.3775184206751834,0.5469058298048477
1,225.0,6,0.39216704265452307,0.28787787336101667,0.4853575399065476
1,250.0,6,0.31494618803845736,0.1921657602514702,0.40288058673235816
1,275.0,6,0.25056103421587833,0.16188815900081382,0.3372970897719408
1,300.0,6,0.2372603103260862,0.12233352836886871,0.2726849466775375
1,325.0,6,0.15668066388350455,0.10156436647986893,0.2763183052221667
1,350.0,6,0.15202052250272435,0.10107997981529415,0.31071645053079455
1,375.0,6,0.2164747966990156,0.1607055505345427,0.27064352225552124
1,400.0,6,0.24678104238475954,0.17736339109014188,0.30788589486984513
1,425.0,6,0.3000743455419861,0.167260514214465,0.32390005633631586
1,450.0,6,0.2911325676349113,0.2117424898851436,0.3628532108870496
1,475.0,6,0.268590855388918,0.2272566944244918,0.3395894980306002
1,500.0,6,0.27472495558306836,0.1808377502664798,0.29695565047777084
2,-500.0,6,0.13343946802367157,0.10837380134969787,0.1944941473881486
2,-475.0,6,0.15670283173241353,0.12549935124792547,0.20677408389222135
2,-450.0,6,0.14345753582824083,0.13459218227119496,0.18551303660210078
2,-425.0,6,0.13512857696346822,0.12353469481531931,0.1631309816073328
2,-400.0,6,0.13654906477259615,0.12809071274843087,0.14171448103246226
2,-375.0,6,0.11457014494599829,0.10755838199226896,0.1313158213787198
2,-350.0,6,0.08983585211315563,0.07294441741699213,0.114811018919126
2,-325.0,6,0.08191307449806726,0.05227030383150548,0.13592934907238485
2,-300.0,6,0.061822425874371555,0.03883570208854756,0.10045739273247128
2,-275.0,6,0.0419761712292065,0.02400347827649344,0.08688731110026852
2,-250.0,6,0.02770495826868473,0.015889676676272457,0.11231617914107898
2,-225.0,6,0.06692863387824295,0.044995536105003196,0.15125472904040904
2,-200.0,6,0.11158848461266235,0.06376127343853713,0.19234874732939433
2,-175.0,6,0.15331779680324026,0.07971360936191373,0.22138922846262288
2,-150.0,6,0.16803831910205158,0.09905598233274802,0.25013714472913473
2,-125.0,6,0.15926848605838484,0.09408468814461618,0.25838902426527044
2,-100.0,6,0.1215151338750444,0.07785261792506425,0.23609020641110307
2,-75.0,6,0.06917172511678923,0.05417359800869398,0.18026675383621746
2,-50.0,6,0.03348425012543042,0.022223960267606167,0.09770044666694537
2,-25.0,6,0.045440316102298386,0.01774451664186545,0.07059628552888178
2,0.0,6,0.06897741222936554,0.05009320290876126,0.08774835606655154
2,25.0,6,0.09436559064535252,0.058490481233753555,0.13971782389784512
2,50.0,6,0.12053781475465404,0.09630412663055327,0.21897793387325626
2,75.0,6,0.14114173688101816,0.12450742391784753,0.2673170720706461
2,100.0,6,0.1733232920125299,0.15383562708322754,0.2983701760919669
2,125.0,6,0.20002270547700646,0.17277621498947993,0.31422873735667334
2,150.0,6,0.20278379148934733,0.16981558489058196,0.310989646017688
2,175.0,6,0.18635518414813604,0.15536670036845196,0.2841853963681009
2,200.0,6,0.166221801672992,0.11998490940747544,0.2373394618541914
2,225.0,6,0.13473137397951815,0.0774047131790103,0.17569100751690922
2,250.0,6,0.10710405567725802,0.08112457870161281,0.12123407883175688
2,275.0,6,0.06394698230682411,0.035497757109943004,0.12435583596385993
2,300.0,6,0.051782462555565595,0.024216386579976348,0.1473629876576278
2,325.0,6,0.10157123466047861,0.04962606317018136,0.15192709016162123
2,350.0,6,0.11489680532004312,0.07326113266007495,0.15829630265181077
2,375.0,6,0.15320297484139822,0.10654572463734993,0.20623939933830565
2,400.0,6,0.17722605667823954,0.14494578547062842,0.21037919795320853
2,425.0,6,0.18509661635071295,0.17468081794782542,0.20585512821604957
2,450.0,6,0.16398676456183897,0.13488362018102812,0.22684055330413583
2,475.0,6,0.13735445898025267,0.08318177885345487,0.20213154857860108
2,500.0,6,0.10323756469918421,0.051946355780108484,0.16613387845794728
3,-500.0,6,0.06446074934245433,0.054599603408491466,0.06764574797512707
3,-475.0,6,0.07563764308546199,0.03511617934014104,0.11234229172453465
3,-450.0,6,0.08140777300943634,0.02409442760998992,0.13862305631359587
3,-425.0,6,0.0843385136774657,0.02348773052371655,0.15040116620108343
3,-400.0,6,0.08394563604604276,0.03967994959730958,0.14773279895249453
3,-375.0,6,0.10550639310622269,0.05122467528230956,0.16052542771085673
3,-350.0,6,0.11452274300319024,0.059217178808483394,0.1680505701487822
3,-325.0,6,0.09076155671946565,0.05860888423973673,0.1465595163968138
3,-300.0,6,0.07104740582337296,0.0437804323168801,0.11488659018240126
3,-275.0,6,0.050851735501851195,0.02294481609890638,0.09111886781876381
3,-250.0,6,0.0627497710276843,0.024728789081867122,0.093563479996138
3,-225.0,6,0.07898426108246932,0.04973916926720881,0.10729464605185822
3,-200.0,6,0.10299031500884023,0.08157966366618084,0.12039699629100667
3,-175.0,6,0.11863711884222877,0.10295561087508431,0.12917605024172624
3,-150.0,6,0.10631670449177094,0.09669558777342815,0.12408217467280397
3,-125.0,6,0.10434034378557325,0.07472831918353466,0.1220157661728582
3,-100.0,6,0.1093871144261704,0.07348964612283385,0.12222475895000148
3,-75.0,6,0.10159051407582836,0.07084296263284309,0.11826116567426923
3,-50.0,6,0.08914149717384331,0.06809083410179466,0.11072561648427454
3,-25.0,6,0.07009751461276653,0.04204641689072314,0.1485142914660406
3,0.0,6,0.055949008325464664,0.02113433871782344,0.16508696913850518
3,25.0,6,0.048918831525275104,0.04561634404164618,0.18249450310537318
3,50.0,6,0.07187882874142872,0.04463801963633564,0.21216709218418411
3,75.0,6,0.11241605869736448,0.049741094936332754,0.23090783368539844
3,100.0,6,0.14342878210890955,0.050989429955616575,0.23327312600179292
3,125.0,6,0.16085664430926572,0.0697403823330369,0.2243106662856305
3,150.0,6,0.16780494174441485,0.08452853388694222,0.20862673273463964
3,175.0,6,0.1529152319261688,0.09747129942697588,0.2053980535900291
3,200.0,6,0.12593225883859774,0.09836418696900164,0.19625542625798123
3,225.0,6,0.11230090386417932,0.06472555690279873,0.1784759168875632
3,250.0,6,0.1012374093683177,0.049220202942416726,0.12478741486013963
3,275.0,6,0.08345532869807562,0.05632807733993478,0.08600391542568646
3,300.0,6,0.0751381446198684,0.0671794579000349,0.08480839346141562
3,325.0,6,0.04882005994433601,0.03224358592560842,0.05970592026783954
3,350.0,6,0.03187899552583167,0.026876668293270935,0.040283534021231096
3,375.0,6,0.02247772394514142,0.010608932249991876,0.07477294555168329
3,400.0,6,0.026420804903299663,0.016331275347878312,0.10646179934896113
3,425.0,6,0.049532663458878606,0.02913933498110547,0.13639559496893633
3,450.0,6,0.0808895455511318,0.05539381371588405,0.16924146849851382
3,475.0,6,0.11152712835631383,0.07895256384365666,0.19234391855662913
3,500.0,6,0.13193141059787272,0.10487957721584995,0.169277293842441
4,-500.0,6,0.1883493160677832,0.08535974116145373,0.3032195562106321
4,-475.0,6,0.2330353945255198,0.10829407662049627,0.357846624322926
4,-450.0,6,0.2789241367627824,0.15127681344290034,0.3812762819429586
4,-425.0,6,0.29858350839912795,0.17283154657814842,0.3820719820973279
4,-400.0,6,0.29882583855676853,0.18105609551786236,0.35856768171900605
4,-375.0,6,0.2899502663697864,0.146175761161081,0.3277220101896117
4,-350.0,6,0.20042426447139705,0.09173771440390523,0.24952221197941357
4,-325.0,6,0.08693958265980116,0.03777697671122422,0.14583779230590602
4,-300.0,6,0.05618764743296095,0.021103141088110476,0.06947223754288662
4,-275.0,6,0.10182882592917525,0.05851979449630852,0.15167607622299895
4,-250.0,6,0.18687438698110745,0.15973802962529823,0.23449359831429273
4,-225.0,6,0.2844139131723127,0.2566861224766795,0.29952327384297717
4,-200.0,6,0.39319328178795,0.2703105366154825,0.4137374210101587
4,-175.0,6,0.47079258522126693,0.3311377574039645,0.4868285420499929
4,-150.0,6,0.49681857870132023,0.363256733564986,0.5305468396022114
4,-125.0,6,0.4979193334213119,0.36154670683976564,0.5431067734774111
4,-100.0,6,0.47506428185385213,0.3278205054161109,0.533983236765541
4,-75.0,6,0.4172610168193692,0.3033036347994947,0.48876177388208925
4,-50.0,6,0.36742651585293923,0.2840521886319473,0.40431444369488795
4,-25.0,6,0.30062913257157775,0.18536723391569485,0.33484857171095717
4,0.0,6,0.20601261454126024,0.08323223876974256,0.24108092846808699
4,25.0,6,0.10576419961055153,0.09143160770971144,0.13391568379599542
4,50.0,6,0.11482842978693979,0.02457665382239209,0.2023377643943169
4,75.0,6,0.24969943259544647,0.16648771946824734,0.3125690723484066
4,100.0,6,0.30935675967345955,0.28263260783552435,0.37672916286478697
4,125.0,6,0.4042634888151923,0.3731984614959149,0.43105829861793077
4,150.0,6,0.45775558023426977,0.42899767118999144,0.4735427990285218
4,175.0,6,0.4716222497687538,0.43780924938140997,0.519262517039539
4,200.0,6,0.4660660822600323,0.3951340895618409,0.5500637738646853
4,225.0,6,0.4275306164727616,0.319687919408553,0.5412935652533324
4,250.0,6,0.36976460975291875,0.23353193419863164,0.4979869551340118
4,275.0,6,0.3128540183354935,0.23359072996637453,0.4490563747039745
4,300.0,6,0.3153363143344601,0.19509317598321865,0.3909302714082847
4,325.0,6,0.28228475336386055,0.1144956244392574,0.31966515827753705
4,350.0,6,0.1813849589928359,0.15594790199658934,0.19238515486984892
4,375.0,6,0.10115253334514036,0.060355293434156014,0.23150560674442258
4,400.0,6,0.12609763753278147,0.041056661006261416,0.2887677880170026
4,425.0,6,0.18082459062460052,0.12659005977708368,0.3026837704052636
4,450.0,6,0.24366766192827277,0.21754146481564632,0.2729003947336059
4,475.0,6,0.2762058355636797,0.21813464041219466,0.29186088564198803
4,500.0,6,0.24430936013889817,0.16704362429287029,0.32299437945810716
5,-500.0,6,0.27326618408349296,0.20506352320572804,0.32139476689108937
5,-475.0,6,0.25340269365694945,0.1564357339350927,0.31213813054593204
5,-450.0,6,0.20586353988638423,0.09475707236221852,0.2692073405760026
5,-425.0,6,0.15032415435657365,0.0507353248960584,0.22210580899128685
5,-400.0,6,0.11115300258427858,0.04954849935226367,0.1714109516216124
5,-375.0,6,0.08239717147794051,0.07297502221949385,0.1373577553841814
5,-350.0,6,0.13637906343668643,0.05781354003472635,0.1752008582869826
5,-325.0,6,0.21847607227626092,0.14172253573214325,0.2844204596167176
5,-300.0,6,0.31073034133743416,0.2398134090641383,0.3682581241112965
5,-275.0,6,0.37437100849465144,0.30762147690948105,0.40712389628052215
5,-250.0,6,0.4207551787492605,0.3584695825214162,0.45417277020574065
5,-225.0,6,0.4490710126081321,0.40050693609396193,0.5090600626880577
5,-200.0,6,0.4531998882029458,0.4166891391041336,0.545452983195619
5,-175.0,6,0.4400460047672783,0.41116912874264816,0.5424436685682889
5,-150.0,6,0.4183175486626479,0.3910789227848612,0.5014529409665397
5,-125.0,6,0.37271600299923874,0.3395686797313059,0.44885777157699247
5,-100.0,6,0.2889363961530694,0.25219922376768833,0.3588107409680654
5,-75.0,6,0.1711692238363997,0.13558555684364387,0.22879768648557047
5,-50.0,6,0.046996103377894394,0.01705948353823182,0.07685662832907768
5,-25.0,6,0.09399570951101,0.0685623888270399,0.11407018570304306
5,0.0,6,0.20419359600613024,0.19003861035575742,0.21130783996545421
5,25.0,6,0.31451045055110216,0.2991863634658671,0.3171546328398694
5,50.0,6,0.4169782726285045,0.3895956829005116,0.44153627445264865
5,75.0,6,0.49839839377050627,0.46270639994605844,0.5510508117348978
5,100.0,6,0.5442906748374507,0.5053712973883011,0.619969124206942
5,125.0,6,0.5562701938288411,0.5193623830958504,0.6491536545644647
5,150.0,6,0.5530760349698178,0.5065840324719197,0.6515748654575602
5,175.0,6,0.5302777198964684,0.4627922236505583,0.6137804681011985
5,200.0,6,0.47140002517288737,0.3853977149678736,0.524701238328488
5,225.0,6,0.3809826767743322,0.2784723556551395,0.4054057592921334
5,250.0,6,0.26043574931803637,0.16944907422837088,0.29652910000764227
5,275.0,6,0.149118433062608,0.06999828459927868,0.20908288602833355
5,300.0,6,0.08288047581301619,0.05646270695292152,0.11885101667486395
5,325.0,6,0.08296864159686089,0.022123558899615835,0.1531617292765492
5,350.0,6,0.21616625379968368,0.15042381981750463,0.2720756261525112
5,375.0,6,0.32017698915918985,0.25059142336879137,0.3747309279017195
5,400.0,6,0.39121582066381155,0.33207694485681927,0.4127005709268946
5,425.0,6,0.40619444675287164,0.3928854204996324,0.43233091979852284
5,450.0,6,0.4249793939947273,0.3742015282996019,0.4740982659592515
5,475.0,6,0.3969354422909127,0.3332381811986448,0.4869280647071218
5,500.0,6,0.33420459351073434,0.29626289452479254,0.4597596546221163
6,-500.0,6,0.06952134784477532,0.044957568233921955,0.09684191449964888
6,-475.0,6,0.06808886907699056,0.049533786771893934,0.10855823836809059
6,-450.0,6,0.07097966869491806,0.039801862237203264,0.11715977856302803
6,-425.0,6,0.07822377130497907,0.0578050405663009,0.09695326651064196
6,-400.0,6,0.07564395637232779,0.06037052599949441,0.10576444109079006
6,-375.0,6,0.10040573890417864,0.05498864687181267,0.11776144582265884
6,-350.0,6,0.1265978005525359,0.07276908002415142,0.13153359983593482
6,-325.0,6,0.13182396837799243,0.11500684576341687,0.15734573549971884
6,-300.0,6,0.14637885236113968,0.12257821534986933,0.17702105542007796
6,-275.0,6,0.15629972783197302,0.10994927698148649,0.18942136686329236
6,-250.0,6,0.14287470257072715,0.086796999613011,0.1912474634445675
6,-225.0,6,0.12488836033312971,0.05692051247338237,0.173166073056619
6,-200.0,6,0.09156066850541861,0.04901010127309273,0.11555227876560774
6,-175.0,6,0.06361180466048241,0.044961524296835566,0.0859198242265625
6,-150.0,6,0.06419983754890453,0.03828255314935146,0.08316722584181643
6,-125.0,6,0.08335838741699411,0.023935994741541552,0.10459664456325478
6,-100.0,6,0.06526171916156215,0.046986019296720444,0.12073376387985192
6,-75.0,6,0.10826759154903356,0.07603224711900186,0.14977953143356693
6,-50.0,6,0.1450882351638562,0.11121793951157737,0.1766786597189336
6,-25.0,6,0.17552154529249508,0.14133325769290495,0.20321982632599433
6,0.0,6,0.19147049626221205,0.15664271000992824,0.22656381078053298
6,25.0,6,0.21294266403897327,0.16285218582185626,0.24112357165459816
6,50.0,6,0.21060909281156753,0.15903096417318163,0.2577899260416964
6,75.0,6,0.1912364100003805,0.14309055564728387,0.2560911827259962
6,100.0,6,0.16053913824774407,0.11760228788349225,0.2306918236471306
6,125.0,6,0.1266260154448967,0.09149302284860705,0.19065439531601053
6,150.0,6,0.09218646974789177,0.06153897348434999,0.14245988613726585
6,175.0,6,0.04492480257272692,0.029062702818094654,0.09289046639668341
6,200.0,6,0.017061142380562583,0.008833694853831005,0.025847588415999705
6,225.0,6,0.05590902811809266,0.032213121544074484,0.07297315964241877
6,250.0,6,0.08920260416445461,0.04094199660208494,0.11958435628354167
6,275.0,6,0.10493648638096834,0.05487225417917573,0.14946387157537472
6,300.0,6,0.12061204621446567,0.06340516933770701,0.17805419027184094
6,325.0,6,0.13268128163141613,0.07758290870394642,0.20218098568491683
6,350.0,6,0.1381792474960265,0.08380371435585546,0.2140608589529106
6,375.0,6,0.14241889132604352,0.07518784693982944,0.21264045999290063
6,400.0,6,0.13842608683333682,0.06259333525954973,0.19945920353917096
6,425.0,6,0.131272754869851,0.04438994910306222,0.17805265462856334
6,450.0,6,0.10385597095493215,0.05542771456825271,0.1467688120878699
6,475.0,6,0.08291729921828124,0.054510097271668695,0.1054292743349108
6,500.0,6,0.06456573212340425,0.03550424969109854,0.09541067436652054
7,-500.0,6,0.09173691030086928,0.06812058734638014,0.1198000705257082
7,-475.0,6,0.10925503969575645,0.09159493140368166,0.13995605284081117
7,-450.0,6,0.1355437935714885,0.08021797706710321,0.1568424102450336
7,-425.0,6,0.132801368186437,0.06347140980231081,0.17597206338585153
7,-400.0,6,0.12497461094301944,0.06344573664886612,0.1805142294003315
7,-375.0,6,0.1309788600359515,0.10690445175620983,0.1629139973148944
7,-350.0,6,0.12271330071695283,0.09422810139003361,0.17227309043425432
7,-325.0,6,0.11290920409990121,0.08526830248026918,0.17655974917046569
7,-300.0,6,0.10161691511398482,0.05102150597513978,0.17301894372252583
7,-275.0,6,0.12801081852130067,0.05149428045281724,0.15938855124970203
7,-250.0,6,0.11868295349758602,0.07064750738667282,0.14892635103387003
7,-225.0,6,0.1058390522730718,0.04086355329262445,0.1900424918364838
7,-200.0,6,0.09840329327314556,0.0539699078991779,0.17726080428151353
7,-175.0,6,0.1166083990833291,0.056541564687196816,0.22365879248937942
7,-150.0,6,0.15736834476953987,0.09757310712146496,0.2599159803771116
7,-125.0,6,0.18355335245265386,0.12003387192126211,0.2630053842842508
7,-100.0,6,0.17431920854768734,0.09899332436385576,0.24425260419673497
7,-75.0,6,0.13962574032389602,0.06059200139822736,0.20366786135388756
7,-50.0,6,0.08898345768653065,0.029543243449135212,0.1306662889127227
7,-25.0,6,0.05446936610981634,0.04759897321517577,0.05762304420264456
7,0.0,6,0.025983795407770998,0.009199571993235376,0.0685371563513589
7,25.0,6,0.05740719934338776,0.018664125706187938,0.09342576714289125
7,50.0,6,0.08675532674708125,0.05273433299115663,0.1385439408367049
7,75.0,6,0.1184321623619091,0.07449843990419697,0.17033277879260025
7,100.0,6,0.13683146558836554,0.08268312882791469,0.19284848637552254
7,125.0,6,0.1297061336873696,0.06773277674952799,0.21356020264780723
7,150.0,6,0.10100283421934773,0.03269980159946355,0.21005994703834016
7,175.0,6,0.10524979706148359,0.03482274856692642,0.19668102005733232
7,200.0,6,0.11477448420509284,0.08473749339060895,0.1772365735203287
7,225.0,6,0.1426732103651201,0.07616807880363606,0.16438196005354094
7,250.0,6,0.1366657772453084,0.07253478219653808,0.17991231148203157
7,275.0,6,0.12628408739813,0.0671379388879082,0.1748081256216269
7,300.0,6,0.08931827284858992,0.034696687439522325,0.14499370406791703
7,325.0,6,0.05610557452432402,0.04049746551785841,0.06157168972335823
7,350.0,6,0.0638116424517913,0.04892537500813694,0.0732050166647332
7,375.0,6,0.09412380461056102,0.08424833315495436,0.12495900847896607
7,400.0,6,0.130797433386499,0.09523002098003802,0.1464591709059629
7,425.0,6,0.1347054912137406,0.07649837421447535,0.1566460561804614
7,450.0,6,0.11698200667941067,0.08831560456314108,0.16141023232268034
7,475.0,6,0.12036057513254844,0.05726438560800283,0.16144303767182397
7,500.0,6,0.10898866319946776,0.05520812770619861,0.16156252258667386
8,-500.0,6,0.06471107047756999,0.047947946130773265,0.09586844372579094
8,-475.0,6,0.07138742321576194,0.06112874079906319,0.0825953948921705
8,-450.0,6,0.07288850129989176,0.03870781693260521,0.11132555792691409
8,-425.0,6,0.06959719603806892,0.05167196720064442,0.12617645722123344
8,-400.0,6,0.07009484605984037,0.057995205469043826,0.11512030421260955
8,-375.0,6,0.06909784523433862,0.032974095639712514,0.08635328535877998
8,-350.0,6,0.07328687193858294,0.05357510606997932,0.09878347751662715
8,-325.0,6,0.09989107549413181,0.06196778924044872,0.1188969264311807
8,-300.0,6,0.12528946923783071,0.08406157095109651,0.15896556739807477
8,-275.0,6,0.15462339807409467,0.07303024744988097,0.1921668675118167
8,-250.0,6,0.16099830494790002,0.07093445059339867,0.22925910397100227
8,-225.0,6,0.14210061520767842,0.055489743632451405,0.262895465757802
8,-200.0,6,0.1028591391738127,0.026650691458168545,0.22449784874792997
8,-175.0,6,0.07638309269636855,0.03180131914724783,0.12186044068839307
8,-150.0,6,0.06839346021436614,0.04782518069675589,0.09561068504091971
8,-125.0,6,0.08745087201178402,0.07013789356031169,0.10303671797352684
8,-100.0,6,0.07647223473133499,0.03494079299710336,0.11312536769913828
8,-75.0,6,0.04944337833736023,0.03539879270887203,0.11051159857747395
8,-50.0,6,0.07290764180199907,0.03836259778431464,0.11494665816963752
8,-25.0,6,0.0644459606143353,0.0564307091464562,0.09144309268374808
8,0.0,6,0.0768405506059522,0.036669124729039285,0.09507248721476927
8,25.0,6,0.09291445901057215,0.08592868017744705,0.10450359193595606
8,50.0,6,0.09366656563514444,0.08761229600819485,0.17550579167124816
8,75.0,6,0.09259024908663416,0.07098057831488724,0.1891097898248709
8,100.0,6,0.08301240193115322,0.047796013552935786,0.17329140395401918
8,125.0,6,0.07831096487844227,0.04796207439978807,0.14981914043479638
8,150.0,6,0.09539744623183383,0.04130131577920563,0.13209793756105784
8,175.0,6,0.07312844824637238,0.050699878098745474,0.12340591491697962
8,200.0,6,0.046281215108138526,0.02974071071627115,0.1137684639858879
8,225.0,6,0.04376427902288028,0.015511825654841977,0.10235942665415197
8,250.0,6,0.0650708337372315,0.03115871053845304,0.08768325503854237
8,275.0,6,0.041283922033623355,0.030260104055674128,0.0907574738798691
8,300.0,6,0.043462590573680134,0.03813459559233168,0.09485727942984355
8,325.0,6,0.08527824895234515,0.048469435689991264,0.11465258872255783
8,350.0,6,0.086313340071825,0.05167849751665346,0.16075254752788276
8,375.0,6,0.11221230486149354,0.07423903819464533,0.19593073888482163
8,400.0,6,0.1354608770099707,0.07524933376052403,0.2176312382632337
8,425.0,6,0.14423113838445256,0.07247343479187092,0.21833435604620677
8,450.0,6,0.11709283810358262,0.05514183892569047,0.1558994596079767
8,475.0,6,0.03479928770643068,0.010101410187897938,0.10225980065960354
8,500.0,6,0.07114965409942745,0.03978163507701323,0.11200037152238697
9,-500.0,6,0.03562153509967492,0.025450588313608004,0.10538567671215857
9,-475.0,6,0.059007624079693594,0.016995735880730646,0.07215610101943257
9,-450.0,6,0.03416743030991343,0.005500639302014545,0.08712406420820894
9,-425.0,6,0.05767117788221421,0.0329130846499382,0.0987291293146976
9,-400.0,6,0.06529922797982601,0.048519651315582585,0.10524516329316677
9,-375.0,6,0.06954514093637304,0.053469174282712216,0.0745778232409651
9,-350.0,6,0.09737400448903263,0.050284430819855744,0.12108346832758189
9,-325.0,6,0.11225625894971879,0.05519611546708508,0.1675324097277902
9,-300.0,6,0.10027655020474337,0.03847538994549138,0.19412374739149102
9,-275.0,6,0.11725511610632036,0.07260469028086444,0.21117919545366082
9,-250.0,6,0.14635346558219886,0.08631968669226088,0.20454746185274025
9,-225.0,6,0.14657103996977094,0.04586807281729072,0.2215557530313796
9,-200.0,6,0.11228163203318459,0.07366048203019433,0.12168383610012783
9,-175.0,6,0.06255655130326407,0.01584110682512578,0.17561504621420085
9,-150.0,6,0.11465702763754226,0.06609035585528028,0.22365691195758192
9,-125.0,6,0.142644905003652,0.07101408885969274,0.2436502920579798
9,-100.0,6,0.10870829592963316,0.03156383359641131,0.2223183011306626
9,-75.0,6,0.07274627477642698,0.04331177931132293,0.16968260061207135
9,-50.0,6,0.10849872408353567,0.0759988327538858,0.13517305021963305
9,-25.0,6,0.11898504839645103,0.08160843406364321,0.1296137170756887
9,0.0,6,0.1356129837551262,0.04485723155695914,0.1628117690599542
9,25.0,6,0.15037399308119792,0.09083938749895354,0.1937390823116058
9,50.0,6,0.18631172656308223,0.14929782328232666,0.22413286737455376
9,75.0,6,0.19586766759044333,0.14223105381330206,0.23871079260711275
9,100.0,6,0.16794862814614567,0.11989263073416805,0.21793496632405668
9,125.0,6,0.13144509021781312,0.0926252979191054,0.18337229759881915
9,150.0,6,0.09047046370781185,0.05248640975349332,0.15875241197378454
9,175.0,6,0.08054156650857447,0.04028108208002838,0.14860341934678437
9,200.0,6,0.06762901735543661,0.04213552614024294,0.12939892856342233
9,225.0,6,0.07148757742201206,0.0398157053144026,0.09937522807124348
9,250.0,6,0.059110589958040624,0.019035231943381553,0.09444730039615475
9,275.0,6,0.05348566844686437,0.033727861171151056,0.08565901403860406
9,300.0,6,0.057849249679919335,0.04663446073673648,0.06983900824504724
9,325.0,6,0.03594172261852829,0.030978335324158536,0.09037446435130159
9,350.0,6,0.09828373279491785,0.048221722729436055,0.1423963764847639
9,375.0,6,0.12638137038260924,0.06579902076085654,0.15688576192065
9,400.0,6,0.1401254231775388,0.06605863863436451,0.151535923253828
9,425.0,6,0.10585846342775537,0.039487091549281234,0.14570485823717264
9,450.0,6,0.04834586912800333,0.02688003437157549,0.1259745232175111
9,475.0,6,0.05604813936185446,0.03539833289764538,0.1084750314506581
9,500.0,6,0.09111434647955802,0.055108178408363226,0.11970066425462846
