roi,force_bin_N,independent_sessions,median_light,between_session_sd_light,between_session_mad_light,between_session_sd_percent_observed_span
1,0.125,6,8.0,308.9975188681402,8.0,1.8052083827080692
1,0.375,3,0.0,619.4968388404684,0.0,3.6191905055819853
1,0.625,4,95.5,484.70815961772297,94.0,2.831735465430408
1,0.875,3,0.0,969.3711019693817,0.0,5.663206765025306
1,1.125,5,6.5,1273.3900816324901,6.5,7.439329798635802
1,1.375,4,348.25,1378.6082580510922,326.75,8.054029666711996
1,1.625,5,164.0,1401.533784822899,164.0,8.187963923718518
1,1.875,5,2.0,1915.8051049102046,2.0,11.192411666239439
1,2.125,5,464.5,1346.5934055979926,399.5,7.866994248980502
1,2.375,4,441.25,1843.3285563530628,345.25,10.768993143384138
1,2.625,6,438.0,1286.7613900797614,99.25,7.517446924576511
1,2.875,6,782.0,1648.5986903023631,244.0,9.631352984181591
1,3.125,6,677.5,1973.0750027980862,313.5,11.526990727335901
1,3.375,5,925.0,1370.6149805835335,205.0,8.007331778837026
1,3.625,6,1311.25,752.944647146566,658.75,4.398811983096138
1,3.875,6,1140.0,735.9635860557233,329.0,4.299606157946622
1,4.125,6,1361.5,795.1413343970157,411.25,4.645331158479966
1,4.375,6,1120.5,827.6157119500974,445.0,4.835051188585018
1,4.625,6,1603.25,1003.7850699560473,441.5,5.864258164141189
1,4.875,6,1214.0,888.8699426800301,196.0,5.192907300812235
1,5.125,6,2105.0,657.6694205044558,707.0,3.8422002716857855
1,5.375,6,1770.5,745.0698401268613,158.75,4.352806216783673
1,5.625,6,1751.5,1635.5739563427471,351.0,9.555260596732763
1,5.875,6,1650.5,3298.4415057215533,433.75,19.269974327987107
1,6.125,6,2151.5,2919.8282826221134,708.0,17.058060890472124
1,6.375,6,2855.0,3310.196031455942,933.5,19.33864597450454
1,6.625,6,1667.5,2770.2854305408073,945.0,16.184409829647763
1,6.875,6,1128.5,1577.8355321980384,708.25,9.217944337197164
1,7.125,6,2614.5,1832.8228410478375,1264.75,10.707617228765773
1,7.375,6,2502.0,4780.292940814402,1763.25,27.927165629575285
1,7.625,6,3037.0,1631.8751177709646,1003.5,9.533651444592888
1,7.875,6,4634.25,1931.990366176809,1615.0,11.286968313237185
1,8.125,6,3679.0,2674.307282581167,1898.0,15.623691549811106
1,8.375,6,2814.25,3512.6897766051966,2576.0,20.521643842993495
1,8.625,6,3456.0,5841.831577082653,1333.75,34.12882851599377
1,8.875,6,3513.25,2716.1492717939245,540.75,15.868138527743907
1,9.125,6,2924.0,2573.6379051192625,1317.75,15.035566425888081
1,9.375,6,2419.25,2045.2427586148951,1525.5,11.948605238154437
1,9.625,5,2322.0,4722.09485556993,2253.5,27.58716396313565
1,9.875,6,2203.0,2330.512647466218,1758.0,13.61519336020458
1,10.125,6,3146.5,3878.192651437866,1901.25,22.656964721842996
1,10.375,5,1859.0,2391.9089029476017,1502.0,13.97387920165684
1,10.625,6,4355.0,2685.5196641742664,1853.0,15.689195911516423
1,10.875,6,2589.5,3876.9298602975346,2158.75,22.649587312598786
1,11.125,5,3869.0,3645.889699373803,3869.0,21.299817137195788
1,11.375,6,1397.5,1788.7186941122593,813.5,10.449954396870124
1,11.625,6,1223.25,3701.15343845672,1205.25,21.622675927187707
1,11.875,4,613.0,1625.7323221654092,419.5,9.497764340511825
1,12.125,6,2124.5,2114.1143870818973,1825.75,12.350963294279941
1,12.375,5,138.0,3137.1410232885605,138.0,18.327633483020158
1,12.625,3,2682.0,3848.166543953107,2243.5,22.48154784105338
1,12.875,4,2759.0,3158.80515385169,1593.5,18.45419848017579
1,13.125,3,4822.5,1092.6944144331173,933.5,6.383679467389832
1,13.375,4,1963.25,1832.5496071048117,1356.25,10.706020956387285
1,13.625,4,1222.0,5383.798558329116,1149.5,31.4529330976755
1,13.875,4,1873.5,1352.6188410511909,1115.5,7.902195718006606
1,14.125,3,2286.5,755.9201346703235,565.5,4.416195213357034
1,14.375,4,1096.0,2485.1675329173822,662.5,14.518709662425556
1,14.625,4,1535.75,3727.5393246304816,1535.75,21.776826106388278
1,14.875,3,3504.0,1923.8124475461045,203.0,11.239191724870622
2,0.125,5,0.0,400.9269883657123,0.0,4.19818835985039
2,0.375,3,0.0,400.68108681760026,0.0,4.1956134745298455
2,0.625,4,0.0,439.75,0.0,4.604712041884817
2,0.875,3,0.0,638.2607225891313,0.0,6.6833583517186534
2,1.125,5,0.0,439.3873575787087,0.0,4.60091473904407
2,1.375,3,0.0,968.7937517001919,0.0,10.144437190577927
2,1.625,6,29.5,864.9823360431511,29.5,9.057406660137708
2,1.875,5,258.0,840.3314078385979,258.0,8.79928175747223
2,2.125,5,1139.0,694.2125034886652,409.0,7.269240874226861
2,2.375,5,987.0,1091.438821006473,349.0,11.428678753994483
2,2.625,5,1524.5,1336.1807231808127,1434.5,13.9914211851394
2,2.875,6,1346.75,975.2638446423955,914.5,10.212186854894194
2,3.125,6,1627.0,1189.2408362760955,771.5,12.452783625927703
2,3.375,5,1204.0,1184.406000913538,955.0,12.40215707762867
2,3.625,6,1604.75,1142.4842230858158,549.75,11.963185582050427
2,3.875,6,1885.5,918.1549115844596,723.0,9.614187555858216
2,4.125,6,1784.5,610.8029483120285,539.5,6.39584239070187
2,4.375,6,2103.0,673.2969936563408,375.25,7.050230300066396
2,4.625,6,2196.5,970.1544421723103,525.0,10.158685258348799
2,4.875,6,2070.0,1194.236562271758,798.25,12.505094892897988
2,5.125,6,1927.5,547.1477862515758,189.5,5.729296191115977
2,5.375,6,2340.0,806.5752548068077,607.25,8.445814186458719
2,5.625,6,2764.5,1185.0711371052794,700.25,12.409121854505543
2,5.875,6,3221.5,1142.8331024257216,898.0,11.966838768855723
2,6.125,6,2554.0,1139.6315961748342,920.25,11.93331514319198
2,6.375,6,2272.5,620.6846220102444,199.75,6.499315413719837
2,6.625,6,2016.25,764.2787286062592,457.5,8.002918624149311
2,6.875,6,2217.75,1818.95246410308,995.75,19.046622660765237
2,7.125,6,2833.0,1515.013611049969,606.5,15.864016869633184
2,7.375,6,2481.5,1858.3883452246105,1275.25,19.459563824341473
2,7.625,6,2474.5,692.0868201798577,357.5,7.24698241026029
2,7.875,6,1923.5,922.8459784817833,457.5,9.663308675201918
2,8.125,6,3333.5,639.5523238953948,484.75,6.696882972726648
2,8.375,6,2353.75,1810.7727263979502,896.0,18.960970957046598
2,8.625,6,2566.75,1762.633219551551,1675.25,18.45689235132514
2,8.875,6,1703.25,1278.011753336669,789.5,13.382322024467738
2,9.125,5,2993.0,1286.0873998294205,744.0,13.466883767847335
2,9.375,5,2460.5,1193.5930734551034,414.5,12.498356790105795
2,9.625,4,3745.5,1993.354349457216,936.75,20.872820413164565
2,9.875,5,2352.5,1129.7651636512785,781.5,11.830001713625952
2,10.125,5,4259.5,1693.8365623636776,1956.5,17.736508506425945
2,10.375,6,893.0,704.4662281945577,627.5,7.37660971931474
2,10.625,5,1607.5,2313.4562185180857,368.5,24.22467244521556
2,10.875,4,3886.5,2045.4670819481141,1393.5,21.418503475896483
2,11.125,5,1919.0,3433.5146897894583,970.5,35.95303340093673
2,11.625,4,1865.5,2585.202377635711,580.0,27.070181964771844
2,11.875,4,796.0,4520.6078131154,521.5,47.33620746717696
2,12.125,4,1771.5,2415.565806734867,1148.75,25.293882793035255
2,12.375,3,1774.0,3530.0473556785796,366.0,36.96384665632021
2,12.625,3,3226.0,2213.92103141312,1550.0,23.182419177100734
2,13.375,3,875.0,1437.3854736986875,875.0,15.051156792656414
2,13.625,3,1659.0,652.3542621408504,294.5,6.830934682103146
3,0.125,6,115.0,419.45675184298403,58.0,2.341241079721947
3,0.375,4,166.0,339.84849565652047,166.0,1.8968993952697057
3,0.625,6,22.0,510.03311167021303,22.0,2.8468023647589473
3,1.125,5,94.0,967.6039349857978,94.0,5.400781061541626
3,1.375,5,1516.0,3654.5954358861663,1501.0,20.398500981726762
3,1.625,6,1218.5,714.6088906994278,438.5,3.9886631541606823
3,1.875,6,1887.5,399.09280457891833,354.0,2.2275776098399103
3,2.125,5,2548.0,1165.9716656077026,45.5,6.5079909891030505
3,2.375,6,2548.0,1088.3083394271437,530.0,6.074505131877337
3,2.625,6,4537.0,1594.031994660082,1247.5,8.897253821500794
3,2.875,6,3358.25,1885.0164389203612,797.25,10.52141347912682
3,3.125,6,4240.25,1044.7255341316525,586.75,5.831243213505539
3,3.375,6,3860.0,1342.816086315124,976.75,7.495066344692587
3,3.625,6,4304.5,1413.816976014458,1216.0,7.891365126224928
3,3.875,6,4446.0,1607.6302046801684,1095.0,8.973153631838404
3,4.125,6,4343.25,1780.737190510342,1274.5,9.939368109568777
3,4.375,6,4635.5,1995.0886362933018,1967.0,11.135792790205972
3,4.625,6,5384.25,3133.463637361485,1693.0,17.489750152720948
3,4.875,6,5315.25,1726.9385049850503,1222.0,9.639085203086907
3,5.125,6,5561.5,2087.0828205895423,1302.25,11.649267808604277
3,5.375,6,4206.5,2463.308961877634,424.5,13.749212781187955
3,5.625,6,5465.75,1701.3608499276886,661.5,9.496320885954947
3,5.875,6,4861.5,2047.4075966125229,446.25,11.42781645798461
3,6.125,6,5966.75,1113.0269426208874,740.25,6.212474562518907
3,6.375,6,6049.5,2882.3015225105555,1840.75,16.087862929842352
3,6.625,6,6142.5,1268.7318734337318,579.0,7.081557677125094
3,6.875,6,5817.75,1190.2844057899215,370.5,6.643695053527135
3,7.125,6,5660.25,2428.2656979828216,1939.0,13.553615193027582
3,7.375,5,3336.0,3158.888491225988,2265.0,17.631661594250883
3,7.625,4,6083.5,3462.1343940552047,1860.0,19.324259846255888
3,7.875,6,4438.75,3024.293467076236,1570.75,16.880405598773365
3,8.125,5,4533.0,2349.1996935126654,2760.0,13.11230014240157
3,8.375,5,4873.0,2875.263561832202,2845.0,16.048579827150043
3,8.625,4,4651.0,1807.814403268949,858.0,10.090502362519251
3,8.875,5,5667.0,2031.9938668706654,715.5,11.341783137255334
3,9.125,6,5051.25,3398.440579883662,2579.0,18.968746259676614
3,9.375,5,5550.0,3261.6240586554422,1141.0,18.205090749360583
3,9.625,4,5503.5,2316.023459869668,1531.0,12.927123575963764
3,9.875,4,4397.75,887.7025121063925,465.75,4.954803036985893
3,10.125,3,5256.5,1393.6349055617113,932.5,7.778716820505198
3,10.375,3,5957.0,3023.798990232872,2869.0,16.87764562532302
3,10.625,4,6095.75,5618.309789948694,1519.25,31.359174982968817
3,10.875,4,6746.0,1944.5117639140165,646.5,10.853492765762539
3,11.125,3,4337.0,2348.239890499549,704.5,13.106942902989221
3,11.875,3,2336.0,4278.446485972839,2336.0,23.8805898971469
3,12.125,3,2353.0,2883.296955454525,662.0,16.093419041384934
3,12.375,3,4175.0,2712.899985869979,1505.0,15.142330798559831
3,12.625,3,3480.5,3061.7660889318986,1993.5,17.089562898704504
3,14.625,3,3650.0,3518.6665561450027,3218.0,19.63979993383011
4,0.125,6,48.75,439.3925826259094,48.75,5.486920362461407
4,0.375,5,28.5,97.9007150127107,28.5,1.222536401257626
4,0.625,6,53.0,226.6013386250546,53.0,2.829687045767415
4,0.875,6,316.5,266.12998077380655,189.25,3.323301458214367
4,1.125,6,427.5,195.95968973235284,161.0,2.447049072581829
4,1.375,6,426.5,438.78138064416544,236.0,5.4792879700819865
4,1.625,6,468.75,343.7838952985824,122.25,4.293005685546734
4,1.875,6,756.25,363.1677298439386,249.75,4.535061561487745
4,2.125,6,851.5,584.3576815615587,581.5,7.29717384567381
4,2.375,6,854.25,380.0500953821746,151.0,4.745880311965218
4,2.625,6,554.5,613.6831429980784,443.5,7.663375911564415
4,2.875,6,617.0,577.53753124797,401.75,7.21200713346616
4,3.125,6,794.0,695.0302631300788,602.5,8.679199090035947
4,3.375,6,874.5,780.2978918336253,805.0,9.743979668252063
4,3.625,6,653.0,642.0006749736847,529.25,8.016991445725333
4,3.875,6,749.75,956.1371240570047,556.5,11.939774276436124
4,4.125,6,276.25,1072.9315642978663,137.5,13.398246307415912
4,4.375,6,424.25,886.5524096182921,417.75,11.07083428594271
4,4.625,6,847.75,989.1125188774025,847.75,12.351554931036494
4,4.875,6,299.5,1306.1602409352383,289.25,16.31069231937111
4,5.125,6,261.5,1069.0158285388793,220.0,13.349348508227763
4,5.375,6,259.75,1143.8653949074019,259.75,14.284033402939583
4,5.625,6,252.5,1127.6633806238456,252.5,14.08171054725082
4,5.875,6,436.0,568.8019353577014,361.5,7.102921270700567
4,6.125,6,0.0,1093.0778448948638,0.0,13.64982323794785
4,6.375,6,520.0,1119.3085365528132,296.0,13.97737932758258
4,6.625,6,1069.75,868.1233015342157,875.75,10.840700568609087
4,6.875,6,393.0,401.2733482303553,240.0,5.010905946932509
4,7.125,6,52.0,1447.0799476877564,52.0,18.070428917179775
4,7.375,6,121.75,1804.002099499887,121.75,22.527498745003584
4,7.625,6,542.25,750.8226432831302,542.25,9.375907133905223
4,7.875,4,1218.0,453.3022354529775,211.0,5.660617325836383
4,8.125,6,728.0,2284.601905511476,545.0,28.528994824069382
4,8.375,6,565.5,752.4104210247667,565.5,9.395734528281302
4,8.625,5,162.0,653.7769497313284,162.0,8.164047823817787
4,8.875,6,29.5,1705.86408211987,29.5,21.301999027470906
4,9.125,6,270.0,597.4015958019083,270.0,7.460059887636218
4,9.375,3,1723.5,2130.7394452005,1723.5,26.607635429576675
4,9.875,5,0.0,1281.7192360263616,0.0,16.005484965364154
4,10.125,4,1783.5,1628.9879271089355,1286.5,20.342007081779915
4,10.375,3,1622.0,2312.36329325649,1468.0,28.875665500205923
4,10.625,4,479.5,3260.1628793666123,479.5,40.71132466741524
4,10.875,4,1052.75,2030.240436294841,1052.75,25.352652800884627
4,11.375,3,0.0,631.043844224261,0.0,7.880167884918343
5,0.125,6,0.0,84.50739612601964,0.0,1.3844593074380676
5,0.375,6,0.0,0.0,0.0,0.0
5,0.625,6,0.0,0.0,0.0,0.0
5,0.875,6,0.0,0.0,0.0,0.0
5,1.125,6,0.0,22.86190426597633,0.0,0.37453971602189273
5,1.375,6,0.0,233.38003699259858,0.0,3.8233951014514838
5,1.625,6,111.0,239.21825808244654,111.0,3.91904092533497
5,1.875,6,66.25,267.0124997074107,66.25,4.374385643961512
5,2.125,6,78.5,434.52521982810924,78.5,7.118696261928395
5,2.375,6,197.0,370.56548004367596,197.0,6.070863041344626
5,2.625,6,170.5,245.10414453180238,125.0,4.015467636497418
5,2.875,6,471.25,422.7611224635807,339.0,6.925968585576355
5,3.125,6,218.5,415.4060262763008,178.0,6.805472252232975
5,3.375,6,126.75,414.9498764911251,126.75,6.797999287207161
5,3.625,6,148.5,373.42983499804444,148.5,6.117788908880152
5,3.875,6,646.75,525.5759142756322,449.75,8.61035246192058
5,4.125,6,549.0,718.1845456891053,412.75,11.76580186253449
5,4.375,6,0.0,268.9107193847058,0.0,4.405483607219951
5,4.625,6,447.5,652.7386664406106,447.5,10.693621665147617
5,4.875,6,250.0,410.76010841690396,242.5,6.729359574326736
5,5.125,6,154.5,399.08115298353374,154.5,6.538026752679124
5,5.375,6,0.0,281.8954445652974,0.0,4.618208462734231
5,5.625,6,479.75,821.6105170131812,479.75,13.460198509390256
5,5.875,6,629.0,1303.541269644604,131.5,21.35552538736245
5,6.125,6,290.5,307.9535138079556,290.5,5.045109990300714
5,6.375,6,720.5,369.0037601434435,144.5,6.045277852939769
5,6.625,6,936.75,1005.004548082578,928.25,16.464687878154947
5,6.875,6,426.0,338.8282259001848,266.5,5.550921132047589
5,7.125,6,627.25,627.3923546447363,424.25,10.278380646211277
5,7.375,6,536.0,1222.5075459889808,402.0,20.027974213449884
5,7.625,5,1582.0,1297.3630948967216,1346.0,21.25431020473004
5,7.875,5,1634.0,1745.057362954009,1245.0,28.588751031356637
5,8.125,5,674.0,716.4411699504712,450.0,11.73724066104966
5,8.375,4,539.0,685.9904639764803,346.0,11.238375884280478
5,8.625,5,1227.0,1627.1928896108168,1227.0,26.65781273936463
5,8.875,6,807.0,1792.7832458684643,807.0,29.370629847124253
5,9.125,5,1403.0,1163.7435499284195,1085.0,19.065261302890228
5,9.375,4,782.25,1105.4837082321326,631.0,18.110807801968097
5,9.875,3,2265.0,998.4194175462201,418.0,16.356805660980015
6,0.125,5,0.0,0.0,0.0,0.0
6,0.375,5,0.0,0.0,0.0,0.0
6,0.625,3,0.0,0.0,0.0,0.0
6,0.875,5,0.0,0.0,0.0,0.0
6,1.125,6,0.0,732.632422614961,0.0,7.530011024358507
6,1.375,6,123.5,711.4236724109388,94.25,7.312027055973471
6,1.625,6,75.25,204.18433256904575,75.25,2.098610746380037
6,1.875,6,0.0,810.7770141454843,0.0,8.333182734420928
6,2.125,6,686.75,514.2217420529786,240.75,5.285181582331862
6,2.375,6,401.5,788.7162776731991,238.0,8.106442033744788
6,2.625,6,537.0,909.3935891570821,246.75,9.34676590942065
6,2.875,6,1104.0,788.2716801120453,356.5,8.101872450917778
6,3.125,6,690.5,596.7819534804986,246.0,6.133737124009441
6,3.375,6,1147.25,819.4724166600524,207.5,8.422554259314994
6,3.625,6,592.75,919.3018365404623,276.0,9.448603078682998
6,3.875,6,1503.25,643.9909160850019,194.0,6.618951807235746
6,4.125,6,1619.5,1061.0703283320418,642.75,10.905702536944775
6,4.375,6,1863.0,1625.8844490512438,830.5,16.71087362198719
6,4.625,6,1911.75,1218.1729112349637,1204.0,12.520406097281093
6,4.875,6,1864.75,1230.749636061968,375.5,12.649669932288072
6,5.125,6,2277.5,1369.7036784161262,503.0,14.077842421667363
6,5.375,6,2112.75,1680.572422321236,956.25,17.272957729803544
6,5.625,6,1238.75,1942.960972759532,948.75,19.96979261790978
6,5.875,6,2602.5,1301.8606844308135,497.5,13.380550741875878
6,6.125,6,2621.5,745.9240354531196,303.0,7.666622492965924
6,6.375,6,2821.0,1200.9036597496072,654.5,12.342912377302094
6,6.625,5,3393.5,1808.5558465250665,452.5,18.588373981448854
6,6.875,5,2624.0,2009.0088849977742,1229.0,20.6486344107896
6,7.125,5,3031.0,1964.496863066979,1646.5,20.191138938968898
6,7.375,4,4509.5,1861.2508506825905,706.5,19.129974311964546
6,7.625,6,2664.0,1715.4217095707593,1408.25,17.631139416935703
6,7.875,5,2392.0,3349.839033446234,739.0,34.42971410089146
6,8.125,5,3086.0,2044.5976254510324,1375.0,21.014416213073975
6,8.375,4,2012.0,1714.8167054625208,1257.5,17.624921172336922
6,8.625,4,860.75,3457.7239955159325,768.75,35.53855794764307
6,8.875,3,2120.0,2072.9570867081,704.5,21.305895335917572
6,9.125,4,1423.0,1471.3900103303679,1089.0,15.122976620898998
6,9.375,3,905.0,2999.3126434790574,905.0,30.826996695401178
6,9.625,3,2432.0,2228.8010416664233,338.5,22.907662692496256
6,9.875,3,101.0,2823.405803871157,101.0,29.019022600042728
6,10.375,3,702.0,2947.0617994877543,141.0,30.28996145215843
6,11.375,3,0.0,2105.596431734565,0.0,21.64136319168061
7,0.125,5,0.0,0.0,0.0,0.0
7,0.375,5,0.0,255.35896303047602,0.0,3.650592752401373
7,0.625,6,0.0,318.84191485227706,0.0,4.558140312398528
7,0.875,6,0.0,375.65751245871104,0.0,5.370371872175998
7,1.125,6,239.25,455.6237940084634,239.25,6.513563888612772
7,1.375,6,351.25,469.8042943609605,127.5,6.7162872674905
7,1.625,6,576.0,551.9389836446296,275.0,7.890478679694491
7,1.875,6,733.25,678.2112257008628,439.75,9.695657265201756
7,2.125,6,714.25,634.339630376872,392.5,9.068472199812323
7,2.375,6,643.75,737.1171322569207,185.75,10.537771726331963
7,2.625,6,540.75,718.8610957619003,390.75,10.276784785731241
7,2.875,6,739.5,742.3480596503682,505.25,10.612552675487752
7,3.125,6,378.75,810.38645102198,267.75,11.58522446064303
7,3.375,6,1095.0,1008.8799069595284,762.5,14.422872150958232
7,3.625,6,1868.0,1056.5730925970054,694.0,15.104690387376774
7,3.875,6,1322.25,1090.8228278078282,938.0,15.594322055866023
7,4.125,6,1294.5,878.2053100879467,365.5,12.55475782827658
7,4.375,6,787.25,860.2185042185503,749.25,12.297619788685493
7,4.625,6,186.75,1001.9760185087598,132.5,14.32417467489292
7,4.875,6,1729.5,787.1895843230312,285.75,11.253603778742406
7,5.125,6,1390.5,1196.5160850012282,1119.25,17.10530500359154
7,5.375,6,1549.75,720.8947045165472,309.0,10.305857105311611
7,5.625,6,2120.0,1592.5789043770067,1032.25,22.76738962654763
7,5.875,6,1165.5,1230.384614663236,829.0,17.589486985893295
7,6.125,6,2228.5,1452.9428326675486,940.0,20.771162725769102
7,6.375,6,1216.25,833.8680201326827,553.5,11.92091522705765
7,6.625,6,1126.75,1064.2959644760474,988.0,15.215095989650425
7,6.875,5,990.0,1057.7079937298383,126.0,15.12091484960455
7,7.125,6,1902.25,1122.5270449600164,854.75,16.04756318741982
7,7.375,5,2215.0,1975.865898789693,792.0,28.246832005571022
7,7.625,3,5166.5,2789.2055768623436,248.5,39.874275580591046
7,7.875,3,3115.0,630.7301985265437,241.5,9.016872030400911
7,8.125,3,1790.0,1124.7925734700302,285.0,16.079951014582274
7,8.375,3,422.0,2987.166104074786,422.0,42.70430456146942
8,0.125,6,22.0,152.2337019191217,22.0,1.7066558511112297
8,0.375,5,0.0,250.47993931650495,0.0,2.8080710685706833
8,0.625,6,255.5,577.6466047680017,255.5,6.475858797847553
8,0.875,5,0.0,686.2433970538442,0.0,7.693311626164173
8,1.125,6,800.25,1326.528200479231,668.0,14.871392382054157
8,1.375,6,887.0,1068.791778910498,778.5,11.98197061558854
8,1.625,6,1633.25,1090.5030834436004,842.25,12.225370890623322
8,1.875,6,1697.0,1063.602827657016,764.25,11.923798516334259
8,2.125,6,1928.25,1034.7957487671983,763.0,11.60084920142599
8,2.375,6,2359.75,1069.9626628999724,628.5,11.995097117712696
8,2.625,6,2073.75,1231.982616219347,987.25,13.811464307391782
8,2.875,6,2044.25,1537.8584460216096,1129.75,17.24056553835885
8,3.125,6,2268.75,1188.1795073416588,846.5,13.320398064368371
8,3.375,6,1777.25,1334.3562648957986,967.25,14.959150951746622
8,3.625,6,2569.0,1086.2242708882297,770.5,12.177402140002576
8,3.875,6,3660.0,1823.1312258492712,1133.5,20.438690872749675
8,4.125,6,3266.0,1820.6737672264812,902.0,20.41114088818925
8,4.375,6,3086.5,1907.3156791679767,1627.0,21.382462770941444
8,4.625,6,3619.75,2288.1487149367426,1837.0,25.651891423057656
8,4.875,6,3048.25,2027.1491229474625,2164.0,22.725887028558997
8,5.125,6,4255.0,2162.1985724411775,1386.0,24.23989430987867
8,5.375,6,3551.25,1733.3853197332285,1053.0,19.432570849027226
8,5.625,6,2932.25,1214.0785154456307,560.0,13.610745688852363
8,5.875,6,3326.5,1415.9738139057044,1489.75,15.874145895803862
8,6.125,6,2857.0,1527.15257096336,486.0,17.120544517526458
8,6.375,6,2647.5,1234.9730530123588,1181.25,13.844989383546624
8,6.625,6,5080.0,2933.217687114272,1732.5,32.88360635778332
8,6.875,5,3940.0,2439.0854228583303,2197.0,27.344006982716706
8,7.125,6,3514.75,2011.6268644225913,1698.25,22.551870677383313
8,7.375,4,2529.5,1088.1203498847603,152.75,12.198658630995071
8,7.625,5,3271.0,1454.2344033889449,1107.0,16.30307627117651
8,7.875,4,1045.25,1400.4842837985248,611.75,15.700496455140412
8,8.125,4,1684.0,1313.171058608385,669.5,14.721648639107453
8,8.375,4,3072.5,1571.4531226437098,932.0,17.61718747358419
8,8.625,3,3887.0,4472.252564424331,3887.0,50.13736058771671
8,8.875,5,1440.0,1084.160988967967,950.0,12.15427117677093
8,9.125,4,1132.5,1718.6030361410785,497.0,19.266850180953796
8,9.375,3,1776.0,1497.0716694044188,1443.0,16.783314679421736
8,9.625,3,1501.0,587.6362253412678,268.0,6.587850059879684
9,0.125,6,77.5,161.61641830787698,59.0,2.1356645960736964
9,0.375,6,209.25,116.36855961412716,20.0,1.537741124732437
9,0.625,5,72.0,216.25170519558915,72.0,2.8576373332750467
9,0.875,5,274.5,225.7273244425672,65.5,2.9828519913124176
9,1.125,5,1303.5,492.3440616073276,127.5,6.506033189393162
9,1.375,6,1304.5,627.5486966496438,387.0,8.292681818957963
9,1.625,6,1498.5,334.79163918274105,314.25,4.424071875556539
9,1.875,6,1851.0,399.0262835954544,357.5,5.272894398354204
9,2.125,6,2013.0,215.4656971925384,102.5,2.8472507062112773
9,2.375,6,2197.0,406.2023818246269,263.5,5.367722257345582
9,2.625,6,1972.0,488.12559859118227,358.0,6.4502887161041595
9,2.875,6,2057.0,434.44360009863954,287.5,5.740913116599135
9,3.125,6,2110.25,538.969077653502,209.5,7.122154973947831
9,3.375,6,2886.0,842.7293753038398,364.0,11.13616617514159
9,3.625,6,2861.0,532.9232355602446,389.5,7.042262775820873
9,3.875,6,2984.0,1104.5393610007748,897.5,14.595829018840764
9,4.125,6,3503.0,1314.0031107269115,769.75,17.36376756824462
9,4.375,6,4285.0,1174.4230356505557,888.5,15.519300107704733
9,4.625,6,4059.0,1188.8697153178728,893.5,15.71020436495372
9,4.875,6,3777.5,1583.6462252241397,1362.5,20.92694053814522
9,5.125,6,3642.5,1249.179907646079,1025.25,16.507167593605274
9,5.375,5,2379.0,1338.9259408197304,486.0,17.69310790643846
9,5.625,6,4789.75,1493.29687827527,652.0,19.73302779352851
9,5.875,6,3458.25,1556.882903432368,1129.5,20.57327919963486
9,6.125,6,4348.25,1089.9087920555555,482.0,14.402494774437468
9,6.375,6,3988.5,1864.0006884834206,1476.5,24.63165759475944
9,6.625,6,3622.5,1926.1872875363565,1659.5,25.453416419377028
9,6.875,4,5304.5,1397.1044759310832,431.5,18.461902556076424
9,7.125,6,2328.5,2165.841555069684,1031.5,28.620304658998137
9,7.375,5,3745.0,2243.057667560065,2320.0,29.640669541593194
9,7.625,4,2578.75,929.2228383618933,757.75,12.279125713404602
9,7.875,4,3403.75,2531.905454231391,1915.75,33.45762080252912
9,8.125,3,3056.0,3229.065551105046,1771.0,42.67017576617173
9,8.625,3,2179.0,776.8403954481255,614.0,10.265482595944835
