task,model,outer_fold,frames,sessions,mae_N,rmse_N,bias_N,r2,negative_prediction_rate,accuracy,balanced_accuracy,macro_f1,recall,precision,fpr,roc_auc
force,Median baseline,1,2365,9,0.6900574363288753,0.8004933586022235,-0.3661825385812504,-0.2646332359660788,0.0,,,,,,,
force,Median baseline,2,1025,9,0.7485766824277987,0.8599572796206693,-0.40963874352405855,-0.2935057903423841,0.0,,,,,,,
force,Median baseline,3,686,9,0.8197096477704295,0.9220100408365046,-0.4545190631678196,-0.32102996686900775,0.0,,,,,,,
force,Median baseline,4,1117,9,0.7851463438340991,0.8912427078971801,-0.4524805438219458,-0.3472648427744691,0.0,,,,,,,
force,Median baseline,5,1016,9,0.7434908061981019,0.8448745558221962,-0.4529975346822033,-0.403468826766886,0.0,,,,,,,
force,Median baseline,6,945,9,0.7345570692399236,0.8563550146560482,-0.33095380663029395,-0.17558200336137864,0.0,,,,,,,
force,Total light linear,1,2365,9,1.9372853091523676,2.6720333167176356,1.47244904548536,-13.090709552608299,0.0,,,,,,,
force,Total light linear,2,1025,9,1.5220141805582013,1.703828864581909,-1.5051909292442824,-4.077694471314123,0.0,,,,,,,
force,Total light linear,3,686,9,1.6298854112058954,1.8033803335865846,-1.6059141627166857,-4.053776443242641,0.0,,,,,,,
force,Total light linear,4,1117,9,1.4512108367997907,1.6347601377708647,-1.4111837054832983,-3.5328262940576067,0.0,,,,,,,
force,Total light linear,5,1016,9,1.4829201765745008,1.6697738804526467,-1.4311045847978634,-4.481931885924836,0.0,,,,,,,
force,Total light linear,6,945,9,1.3452798698453907,1.5484029635627914,-1.2143234326245904,-2.843379118652989,0.0,,,,,,,
force,NNLS,1,2365,9,1.981892958510335,2.877420431129883,1.3909081003497228,-15.340139924041114,0.0,,,,,,,
force,NNLS,2,1025,9,1.4690929553212861,1.6654619405412299,-1.4398694907796816,-3.8515895048733455,0.0,,,,,,,
force,NNLS,3,686,9,1.562583680346924,1.7404029890090065,-1.5130605822876988,-3.706965435890635,0.0,,,,,,,
force,NNLS,4,1117,9,1.3799854700308911,1.5821050621012618,-1.3315070335342827,-3.2455273024572984,0.0,,,,,,,
force,NNLS,5,1016,9,1.4531209298517485,1.652005699635948,-1.3612988107067534,-4.3658853757429945,0.0,,,,,,,
force,NNLS,6,945,9,1.3304825799528708,1.5513278915290774,-1.1832203975728155,-2.857913093351902,0.0,,,,,,,
force,Positive Ridge,1,2365,9,1.9784158686446314,2.872670793161226,1.3872316126801982,-15.286240469815663,0.0,,,,,,,
force,Positive Ridge,2,1025,9,1.469419685966035,1.6657522445678397,-1.4403613230757435,-3.853280998008737,0.0,,,,,,,
force,Positive Ridge,3,686,9,1.5629457267556,1.7407448744085219,-1.513671020553328,-3.708814893549391,0.0,,,,,,,
force,Positive Ridge,4,1117,9,1.380493946753687,1.5824720833827655,-1.3321928630769293,-3.2474973101973195,0.0,,,,,,,
force,Positive Ridge,5,1016,9,1.4534029911621373,1.652202943131651,-1.361942534824013,-4.367166786785357,0.0,,,,,,,
force,Positive Ridge,6,945,9,1.3306836974836342,1.551415914907091,-1.1838707486653013,-2.8583509068903528,0.0,,,,,,,
force,Isotonic,1,2365,9,0.5685031238433296,0.705237183088955,0.11098311204858068,0.018433948741386597,0.0,,,,,,,
force,Isotonic,2,1025,9,0.7727884171741277,0.8935770025924381,-0.5067671930141106,-0.3966210676840711,0.0,,,,,,,
force,Isotonic,3,686,9,0.8054548562105946,0.9198024168152925,-0.5116866716318863,-0.31471149748672134,0.0,,,,,,,
force,Isotonic,4,1117,9,0.7470359401383556,0.8682887838628727,-0.48144542214715347,-0.27876099245530384,0.0,,,,,,,
force,Isotonic,5,1016,9,0.7450429330509197,0.8609576897469929,-0.494822909106641,-0.45741061087134227,0.0,,,,,,,
force,Isotonic,6,945,9,0.700826585724695,0.8272156545298059,-0.39693314820277237,-0.09693963205620837,0.0,,,,,,,
force,Monotonic HistGB,1,2365,9,0.7027528358248676,0.8983582362108038,0.2599208282326424,-0.5927522702809593,0.0,,,,,,,
force,Monotonic HistGB,2,1025,9,0.6950958219324425,0.816994948378683,-0.4453608151071471,-0.16749052655659513,0.0,,,,,,,
force,Monotonic HistGB,3,686,9,0.742132007460497,0.8633112178912091,-0.4686466422750686,-0.15818020145889866,0.0,,,,,,,
force,Monotonic HistGB,4,1117,9,0.7157415743523182,0.8393181924582017,-0.4669896400827266,-0.19485243027263444,0.0,,,,,,,
force,Monotonic HistGB,5,1016,9,0.7208922870957786,0.8440554332843103,-0.4744071942756552,-0.400748764591742,0.0,,,,,,,
force,Monotonic HistGB,6,945,9,0.6735671414366458,0.803860747000567,-0.3653284920842551,-0.03587388211271314,0.0,,,,,,,
force,Monotonic XGBoost,1,2365,9,0.6950178752545639,0.8819678783810515,0.20593925449098593,-0.5351635904850114,0.0,,,,,,,
force,Monotonic XGBoost,2,1025,9,0.6966170171758206,0.8139677391498475,-0.44339290525797814,-0.15885475615919198,0.0,,,,,,,
force,Monotonic XGBoost,3,686,9,0.761980077570071,0.8777294777527498,-0.47856535147387996,-0.19718905075017878,0.0,,,,,,,
force,Monotonic XGBoost,4,1117,9,0.732551198997205,0.8476853114049914,-0.4767727697159307,-0.21879401675728682,0.0,,,,,,,
force,Monotonic XGBoost,5,1016,9,0.726846044620535,0.8423507657934659,-0.4804779965085187,-0.3950965300162317,0.0,,,,,,,
force,Monotonic XGBoost,6,945,9,0.6820886662165659,0.8075902188943151,-0.3666093639482862,-0.04550794933216196,0.0,,,,,,,
force,Extra Trees,1,2365,9,0.6536360346266891,0.784379583032032,-0.19389008370634744,-0.21423203481679876,0.0,,,,,,,
force,Extra Trees,2,1025,9,0.6357620039707551,0.7775480945989173,-0.3227522497590625,-0.05747265464100293,0.0,,,,,,,
force,Extra Trees,3,686,9,0.6357709171470325,0.7638078002143196,-0.2814711867496638,0.09341287595878134,0.0,,,,,,,
force,Extra Trees,4,1117,9,0.6452433558378832,0.7744914267651445,-0.3452020925873545,-0.017405842599519827,0.0,,,,,,,
force,Extra Trees,5,1016,9,0.631884089174427,0.7664595042570408,-0.3085936684790843,-0.15503923364690197,0.0,,,,,,,
force,Extra Trees,6,945,9,0.620672304602392,0.7558673045411071,-0.2842771091640582,0.08412467484964425,0.0,,,,,,,
force,RBF SVR,1,2365,9,0.7964873631351428,0.9951602180220805,0.02075978535214995,-0.95449758586887,0.0026942659558390532,,,,,,,
force,RBF SVR,2,1025,9,0.6704336172323905,0.8249875742064284,-0.42146516474782464,-0.19044528013897843,0.0,,,,,,,
force,RBF SVR,3,686,9,0.6383751065353488,0.7768057397592834,-0.3038552842376995,0.06229502536172138,0.0,,,,,,,
force,RBF SVR,4,1117,9,0.7100937952460117,0.8645376243962394,-0.46461755970756596,-0.26773591668535857,0.0,,,,,,,
force,RBF SVR,5,1016,9,0.709126027351947,0.8582619502088022,-0.4248590838709818,-0.4482983194463226,0.0,,,,,,,
force,RBF SVR,6,945,9,0.6847674611635785,0.8344470580767035,-0.3802953898109175,-0.11620204597560835,0.0,,,,,,,
localization,Logistic regression,1,2365,9,,,,,,0.3257692321124999,0.3257692321124998,0.3235284498421249,,,,
localization,Logistic regression,2,1025,9,,,,,,0.7972118824012906,0.7972118824012904,0.799157052989365,,,,
localization,Logistic regression,3,686,9,,,,,,0.8061939130873204,0.8061939130873205,0.8067663296191595,,,,
localization,Logistic regression,4,1117,9,,,,,,0.8110742906176325,0.8110742906176325,0.80644579212211,,,,
localization,Logistic regression,5,1016,9,,,,,,0.8580081852231459,0.858008185223146,0.8566933067786365,,,,
localization,Logistic regression,6,945,9,,,,,,0.8290673979008776,0.8290673979008777,0.8284594582063781,,,,
localization,RBF SVC,1,2365,9,,,,,,0.18361318030156007,0.18361318030156018,0.11774431250756508,,,,
localization,RBF SVC,2,1025,9,,,,,,0.8064300303826776,0.8064300303826776,0.8052850240029451,,,,
localization,RBF SVC,3,686,9,,,,,,0.8195892047182851,0.819589204718285,0.8191796591197718,,,,
localization,RBF SVC,4,1117,9,,,,,,0.8901913755657936,0.8901913755657939,0.8911668780773427,,,,
localization,RBF SVC,5,1016,9,,,,,,0.8923148960694183,0.8923148960694183,0.8904252622827818,,,,
localization,RBF SVC,6,945,9,,,,,,0.8402691420456745,0.8402691420456746,0.8380091389705352,,,,
localization,Random Forest,1,2365,9,,,,,,0.1105448780172135,0.1105448780172135,0.02523824974124693,,,,
localization,Random Forest,2,1025,9,,,,,,0.810571735027266,0.8105717350272658,0.808537778920056,,,,
localization,Random Forest,3,686,9,,,,,,0.8287400594644468,0.8287400594644466,0.8282360852243406,,,,
localization,Random Forest,4,1117,9,,,,,,0.8633021088197455,0.8633021088197457,0.8618830824595405,,,,
localization,Random Forest,5,1016,9,,,,,,0.877526455906043,0.877526455906043,0.8748533811113351,,,,
localization,Random Forest,6,945,9,,,,,,0.7486450052126584,0.7486450052126583,0.7120536716243376,,,,
localization,Extra Trees,1,2365,9,,,,,,0.14771808063159259,0.1477180806315925,0.0790696450160669,,,,
localization,Extra Trees,2,1025,9,,,,,,0.7946891025656786,0.7946891025656786,0.7961675756355446,,,,
localization,Extra Trees,3,686,9,,,,,,0.8277005995997011,0.8277005995997012,0.8279611910013258,,,,
localization,Extra Trees,4,1117,9,,,,,,0.8664244653903779,0.866424465390378,0.8644938443311008,,,,
localization,Extra Trees,5,1016,9,,,,,,0.874247986750416,0.8742479867504162,0.8726470711973747,,,,
localization,Extra Trees,6,945,9,,,,,,0.7515253607441272,0.7515253607441275,0.7131322789191725,,,,
localization,HistGB,1,2365,9,,,,,,0.11205348476024073,0.11205348476024073,0.02615871297822931,,,,
localization,HistGB,2,1025,9,,,,,,0.8437923703068515,0.8437923703068515,0.8436296004556448,,,,
localization,HistGB,3,686,9,,,,,,0.8317785819560951,0.8317785819560951,0.8313677631778799,,,,
localization,HistGB,4,1117,9,,,,,,0.8558825399036603,0.8558825399036604,0.857485553059858,,,,
localization,HistGB,5,1016,9,,,,,,0.8830841579590989,0.8830841579590989,0.8790845290106785,,,,
localization,HistGB,6,945,9,,,,,,0.7521943329619891,0.7521943329619892,0.7279890961640203,,,,
localization,XGBoost,1,2365,9,,,,,,0.1111111111111111,0.1111111111111111,0.022471255119682572,,,,
localization,XGBoost,2,1025,9,,,,,,0.8273248306885078,0.8273248306885077,0.8284330267821285,,,,
localization,XGBoost,3,686,9,,,,,,0.8256388104109795,0.8256388104109798,0.825070093698258,,,,
localization,XGBoost,4,1117,9,,,,,,0.8224268809296985,0.8224268809296986,0.8196801629970565,,,,
localization,XGBoost,5,1016,9,,,,,,0.8646645996498566,0.8646645996498568,0.8622569842972134,,,,
localization,XGBoost,6,945,9,,,,,,0.7710821610169831,0.7710821610169832,0.7530951967561058,,,,
contact,Logistic regression,1,2609,11,,,,,,0.817905069556195,0.8759136118016643,0.7673256710693129,0.7847573311301994,0.9907612278563204,0.03293010752688172,0.9367990039755304
contact,Logistic regression,2,1268,11,,,,,,0.8991906233092386,0.9013628786528454,0.8506292322486975,0.8979493345414642,0.976976866794851,0.09522357723577234,0.9583479283488326
contact,Logistic regression,3,939,11,,,,,,0.8980521014463347,0.9330318397727602,0.8563541111472629,0.8780636795455237,0.9969722098504549,0.012000000000000002,0.9753679701522942
contact,Logistic regression,4,1361,11,,,,,,0.8773857655056567,0.8871867259789467,0.8244380983215418,0.87178521666378,0.975770901256367,0.09741176470588235,0.9254377003885655
contact,Logistic regression,5,1265,11,,,,,,0.9128505677767496,0.9110708220878022,0.8680779856037005,0.9138675653132913,0.9781819492022648,0.09172592113768584,0.9586678817497046
contact,Logistic regression,6,1064,10,,,,,,0.8922118563873404,0.9251783889360103,0.7892665780331549,0.8839702232501688,0.9957927159904354,0.033613445378151266,0.9580564880735751
contact,RBF SVC,1,2609,11,,,,,,0.5608213674615803,0.731613057893191,0.5430544443006028,0.4632261157863725,1.0,0.0,0.6624329864338347
contact,RBF SVC,2,1268,11,,,,,,0.978744620017411,0.9870106011217511,0.965807674360746,0.9740212022435024,1.0,0.0,0.9916949435283208
contact,RBF SVC,3,939,11,,,,,,0.9055912384716732,0.8390071457326891,0.8405955559926253,0.9436392914653782,0.9411292346298641,0.26562500000000006,0.9715881489414211
contact,RBF SVC,4,1361,11,,,,,,0.9499271060222243,0.9693998981246922,0.9236999779687205,0.9387997962493849,1.0,0.0,0.9923385892069397
contact,RBF SVC,5,1265,11,,,,,,0.961852115572847,0.9766874039611841,0.9405923811888026,0.9533748079223686,1.0,0.0,0.9916771081080682
contact,RBF SVC,6,1064,10,,,,,,0.940118364679545,0.9667324248219695,0.8675843640353345,0.93346484964394,1.0,0.0,0.9864829688359104
contact,Random Forest,1,2609,11,,,,,,0.7611685761635889,0.8524793628526595,0.7159474724060124,0.7089909837698328,0.9987377465768924,0.004032258064516129,0.9724075791847048
contact,Random Forest,2,1268,11,,,,,,0.9687735046374197,0.9485492555440058,0.9476296394059646,0.9803302184050847,0.9814823281338312,0.08323170731707315,0.9911926294941394
contact,Random Forest,3,939,11,,,,,,0.8945090579710145,0.7972590076489534,0.8130183396267212,0.9500805152979064,0.9232199800451505,0.3555625000000001,0.9017992888013514
contact,Random Forest,4,1361,11,,,,,,0.9675397788247565,0.9801631981706843,0.9489057339977474,0.9603263963413686,1.0,0.0,0.9953114508108896
contact,Random Forest,5,1265,11,,,,,,0.9684644503953275,0.9792325487458624,0.9501405723975084,0.9623112513378793,0.9991126130935638,0.003846153846153846,0.9902295863881476
contact,Random Forest,6,1064,10,,,,,,0.9573310940864607,0.9725602250060169,0.899342318208691,0.9535238113565724,0.9990217408336336,0.008403361344537816,0.9872424811632652
contact,Extra Trees,1,2609,11,,,,,,0.5063010435469169,0.6982950821675626,0.49604391915211726,0.3965901643351144,1.0,0.0,0.9567670659061482
contact,Extra Trees,2,1268,11,,,,,,0.9766613632680721,0.9695337960712292,0.9614488639353351,0.9807342588091251,0.9906471516325424,0.04166666666666666,0.9923824037419137
contact,Extra Trees,3,939,11,,,,,,0.8959465579710145,0.8012121326489533,0.8161840068843809,0.9500805152979064,0.9247988635946195,0.34765625000000006,0.9045371680635901
contact,Extra Trees,4,1361,11,,,,,,0.9659723807056343,0.979205343764554,0.9465974847889282,0.958410687529108,1.0,0.0,0.9952176605454864
contact,Extra Trees,5,1265,11,,,,,,0.9698793276107838,0.9799589355007079,0.9522360050710554,0.964119551673685,0.9990324815673687,0.0042016806722689065,0.9912213336543528
contact,Extra Trees,6,1064,10,,,,,,0.9593790936402126,0.9736980025358792,0.9034646824488893,0.9557993664162968,0.9990240675877283,0.008403361344537816,0.9882127968509802
contact,HistGB,1,2609,11,,,,,,0.6402283091206193,0.7753829511531641,0.6093755036135722,0.5629970851020156,0.99519538987438,0.012231182795698925,0.8885761406602133
contact,HistGB,2,1268,11,,,,,,0.966239962913014,0.9502417207864984,0.9440412652212482,0.9753818155567369,0.9832221284445197,0.07489837398373982,0.9881344862474697
contact,HistGB,3,939,11,,,,,,0.8986845355731226,0.8059235356280193,0.8210636538603511,0.9516908212560384,0.9264797736708701,0.33984375000000006,0.8956583472651347
contact,HistGB,4,1361,11,,,,,,0.9601004884721887,0.9756169651774483,0.9380664085783169,0.9512339303548973,1.0,0.0,0.9945249131227301
contact,HistGB,5,1265,11,,,,,,0.9643488705555877,0.978213198672859,0.9442205474111648,0.9564263973457185,1.0,0.0,0.9915467477816141
contact,HistGB,6,1064,10,,,,,,0.9143652336541946,0.9524251298078856,0.8251217900222236,0.9048502596157676,1.0,0.0,0.9878150777545204
contact,XGBoost,1,2609,11,,,,,,0.6351464304849525,0.7707092582951669,0.6047243992520017,0.5576819574505377,0.9935611555897434,0.016263440860215053,0.8621842649437197
contact,XGBoost,2,1268,11,,,,,,0.9641275372531329,0.9506502068218108,0.9409945174389567,0.9718288689281744,0.9841286475356694,0.07052845528455284,0.983672296729077
contact,XGBoost,3,939,11,,,,,,0.8928071475625824,0.8038508957326892,0.8138267620212443,0.9436392914653782,0.9266882459044774,0.33593750000000006,0.9020918918005199
contact,XGBoost,4,1361,11,,,,,,0.9605784618372185,0.9759090600116334,0.9387541091331714,0.9518181200232672,1.0,0.0,0.9955590462494124
contact,XGBoost,5,1265,11,,,,,,0.9606855100086237,0.9759744783386033,0.9389082895076921,0.951948956677207,1.0,0.0,0.9914690479566046
contact,XGBoost,6,1064,10,,,,,,0.8989426477379435,0.9438570265210793,0.8024213747747154,0.8877140530421525,1.0,0.0,0.9800614874312098
force,Nested selected,1,2365,9,0.6536360346266891,0.784379583032032,-0.19389008370634744,-0.21423203481679876,0.0,,,,,,,
force,Nested selected,2,1025,9,0.6357620039707551,0.7775480945989173,-0.3227522497590625,-0.05747265464100293,0.0,,,,,,,
force,Nested selected,3,686,9,0.6357709171470325,0.7638078002143196,-0.2814711867496638,0.09341287595878134,0.0,,,,,,,
force,Nested selected,4,1117,9,0.6452433558378832,0.7744914267651445,-0.3452020925873545,-0.017405842599519827,0.0,,,,,,,
force,Nested selected,5,1016,9,0.631884089174427,0.7664595042570408,-0.3085936684790843,-0.15503923364690197,0.0,,,,,,,
force,Nested selected,6,945,9,0.620672304602392,0.7558673045411071,-0.2842771091640582,0.08412467484964425,0.0,,,,,,,
localization,Nested selected,1,2365,9,,,,,,0.18361318030156007,0.18361318030156018,0.11774431250756508,,,,
localization,Nested selected,2,1025,9,,,,,,0.8064300303826776,0.8064300303826776,0.8052850240029451,,,,
localization,Nested selected,3,686,9,,,,,,0.8061939130873204,0.8061939130873205,0.8067663296191595,,,,
localization,Nested selected,4,1117,9,,,,,,0.8110742906176325,0.8110742906176325,0.80644579212211,,,,
localization,Nested selected,5,1016,9,,,,,,0.8580081852231459,0.858008185223146,0.8566933067786365,,,,
localization,Nested selected,6,945,9,,,,,,0.7521943329619891,0.7521943329619892,0.7279890961640203,,,,
contact,Nested selected,1,2609,11,,,,,,0.5608213674615803,0.731613057893191,0.5430544443006028,0.4632261157863725,1.0,0.0,0.6624329864338347
contact,Nested selected,2,1268,11,,,,,,0.9687735046374197,0.9485492555440058,0.9476296394059646,0.9803302184050847,0.9814823281338312,0.08323170731707315,0.9911926294941394
contact,Nested selected,3,939,11,,,,,,0.8945090579710145,0.7972590076489534,0.8130183396267212,0.9500805152979064,0.9232199800451505,0.3555625000000001,0.9017992888013514
contact,Nested selected,4,1361,11,,,,,,0.9499271060222243,0.9693998981246922,0.9236999779687205,0.9387997962493849,1.0,0.0,0.9923385892069397
contact,Nested selected,5,1265,11,,,,,,0.9684644503953275,0.9792325487458624,0.9501405723975084,0.9623112513378793,0.9991126130935638,0.003846153846153846,0.9902295863881476
contact,Nested selected,6,1064,10,,,,,,0.940118364679545,0.9667324248219695,0.8675843640353345,0.93346484964394,1.0,0.0,0.9864829688359104
