train_groups,id,seconds,warnings
"(1, 2, 3, 4, 5)",con_021,0.28299259999766946,
"(1, 2, 3, 4, 5)",con_022,0.8314090999774635,
"(1, 2, 3, 4, 5)",con_024,1.6645254000322893,
"(1, 2, 3, 4, 5)",con_049,1.1008012000238523,
"(1, 2, 3, 4, 5)",con_018,6.3921404998982325,
"(1, 2, 3, 4, 5)",for_024,5.4221546000335366,
"(1, 2, 3, 4, 5)",con_029,13.070933800074272,
"(1, 2, 3, 4, 5)",con_028,36.25631399999838,
"(1, 2, 3, 4, 5)",for_056,30.797260400024243,
"(1, 2, 3, 4, 5)",for_059,10.391454600030556,
"(1, 2, 3, 4, 5)",loc_036,0.35557380004320294,
"(1, 2, 3, 4, 5)",for_060,3.9024482000386342,
"(1, 2, 3, 4, 5)",loc_042,1.8434395999647677,
"(1, 2, 3, 4, 5)",for_050,50.25953889999073,
"(1, 2, 3, 4, 5)",loc_047,9.602334899944253,
"(1, 2, 3, 4, 5)",loc_063,6.518313799984753,
"(1, 2, 3, 4, 5)",loc_062,22.69523880002089,
"(1, 2, 3, 4, 5)",for_053,86.11811069992837,
"(1, 2, 3, 4, 6)",con_021,0.116026800009422,
"(1, 2, 3, 4, 6)",con_022,0.631671900046058,
"(1, 2, 3, 4, 6)",con_025,1.4907744000665843,
"(1, 2, 3, 4, 6)",con_034,0.1634772999677807,
"(1, 2, 3, 4, 6)",con_019,6.7734031999716535,
"(1, 2, 3, 4, 6)",for_036,7.12576009996701,
"(1, 2, 3, 4, 6)",con_029,12.179377399967052,
"(1, 2, 3, 4, 6)",for_056,25.457375500001945,
"(1, 2, 3, 4, 6)",for_059,8.787862499943003,
"(1, 2, 3, 4, 6)",for_060,3.139196199947037,
"(1, 2, 3, 4, 6)",loc_036,0.2801802000030875,
"(1, 2, 3, 4, 6)",for_050,47.51227069995366,
"(1, 2, 3, 4, 6)",con_026,54.27112299995497,
"(1, 2, 3, 4, 6)",loc_055,2.234688999946229,
"(1, 2, 3, 4, 6)",loc_063,3.8287730999290943,
"(1, 2, 3, 4, 6)",loc_047,9.897702699992806,
"(1, 2, 3, 4, 6)",loc_062,22.373734700027853,
"(1, 2, 3, 4, 6)",for_053,80.72083020000719,
"(1, 2, 3, 5, 6)",con_022,0.6563650999451056,
"(1, 2, 3, 5, 6)",con_024,0.950833199894987,
"(1, 2, 3, 5, 6)",con_034,0.17816020001191646,
"(1, 2, 3, 5, 6)",con_046,0.176263100001961,
"(1, 2, 3, 5, 6)",con_018,5.775442100013606,
"(1, 2, 3, 5, 6)",for_024,4.863330599968322,
"(1, 2, 3, 5, 6)",con_029,11.905930200009607,
"(1, 2, 3, 5, 6)",for_056,26.015612700022757,
"(1, 2, 3, 5, 6)",for_059,8.911473499960266,
"(1, 2, 3, 5, 6)",for_050,43.99043150001671,
"(1, 2, 3, 5, 6)",loc_036,0.2420614999718964,
"(1, 2, 3, 5, 6)",for_060,4.390848199953325,
"(1, 2, 3, 5, 6)",loc_040,2.8252178999828175,
"(1, 2, 3, 5, 6)",con_026,53.71730589994695,
"(1, 2, 3, 5, 6)",loc_063,5.481377899996005,
"(1, 2, 3, 5, 6)",loc_047,9.538897500024177,
"(1, 2, 3, 5, 6)",loc_062,22.386525300098583,
"(1, 2, 3, 5, 6)",for_053,83.20949439995456,
"(1, 2, 4, 5, 6)",con_021,0.12855170003604144,
"(1, 2, 4, 5, 6)",con_022,0.6159512000158429,
"(1, 2, 4, 5, 6)",con_025,1.4171027999836951,
"(1, 2, 4, 5, 6)",con_049,0.6656110000330955,
"(1, 2, 4, 5, 6)",con_016,6.386855100048706,
"(1, 2, 4, 5, 6)",for_036,8.002673199982382,
"(1, 2, 4, 5, 6)",con_032,12.006280899979174,
"(1, 2, 4, 5, 6)",for_056,26.743581700022332,
"(1, 2, 4, 5, 6)",for_059,10.575592700042762,
"(1, 2, 4, 5, 6)",for_060,5.5391039999667555,
"(1, 2, 4, 5, 6)",loc_036,0.6690764999948442,
"(1, 2, 4, 5, 6)",for_050,52.892669199965894,
"(1, 2, 4, 5, 6)",con_026,59.355033300002106,
"(1, 2, 4, 5, 6)",loc_040,3.9415405000327155,
"(1, 2, 4, 5, 6)",loc_063,8.76270909991581,
"(1, 2, 4, 5, 6)",loc_047,13.516947800060734,
"(1, 2, 4, 5, 6)",loc_062,25.682737799943425,
"(1, 2, 4, 5, 6)",for_053,87.65183430002071,
"(1, 3, 4, 5, 6)",con_021,0.11607689992524683,
"(1, 3, 4, 5, 6)",con_022,0.4056997000006959,
"(1, 3, 4, 5, 6)",con_038,1.7117949000094086,
"(1, 3, 4, 5, 6)",con_049,0.4375692999456078,
"(1, 3, 4, 5, 6)",con_019,3.934340100036934,
"(1, 3, 4, 5, 6)",for_024,3.1426433000015095,
"(1, 3, 4, 5, 6)",con_029,6.86136360000819,
"(1, 3, 4, 5, 6)",for_055,12.772895599948242,
"(1, 3, 4, 5, 6)",for_059,5.532774000079371,
"(1, 3, 4, 5, 6)",con_027,26.850334499962628,
"(1, 3, 4, 5, 6)",loc_036,0.13173369993455708,
"(1, 3, 4, 5, 6)",for_060,1.6233531000325456,
"(1, 3, 4, 5, 6)",loc_056,0.694473100011237,
"(1, 3, 4, 5, 6)",for_050,27.367093199980445,
"(1, 3, 4, 5, 6)",loc_047,5.432046300033107,
"(1, 3, 4, 5, 6)",loc_063,3.426010899944231,
"(1, 3, 4, 5, 6)",loc_062,12.458990700077266,
"(1, 3, 4, 5, 6)",for_054,42.46999180002604,
"(2, 3, 4, 5, 6)",con_024,0.4395396000472829,
"(2, 3, 4, 5, 6)",con_022,0.6615054000867531,
"(2, 3, 4, 5, 6)",con_033,0.0970938999671489,
"(2, 3, 4, 5, 6)",con_034,0.12265480007044971,
"(2, 3, 4, 5, 6)",con_018,3.4118011000100523,
"(2, 3, 4, 5, 6)",for_024,3.772712300065905,
"(2, 3, 4, 5, 6)",con_029,5.213299500057474,
"(2, 3, 4, 5, 6)",con_028,15.105721600004472,
"(2, 3, 4, 5, 6)",for_059,5.128816999960691,
"(2, 3, 4, 5, 6)",for_056,14.765443500014953,
"(2, 3, 4, 5, 6)",for_060,1.6387978999409825,
"(2, 3, 4, 5, 6)",loc_048,0.2883263999829069,
"(2, 3, 4, 5, 6)",for_050,19.695345200016163,
"(2, 3, 4, 5, 6)",loc_054,1.346839000005275,
"(2, 3, 4, 5, 6)",loc_035,5.265193199971691,
"(2, 3, 4, 5, 6)",loc_061,2.4747648000484332,
"(2, 3, 4, 5, 6)",loc_060,15.622442099964246,
"(2, 3, 4, 5, 6)",for_053,38.68546359997708,
