id,family,tau,h,accuracy,balanced_accuracy,macro_f1
loc_000,Logistic regression,0.0,0,0.6871071138566598,0.6871071138566598,0.6935751063707309
loc_000,Logistic regression,0.3,1,0.7717425429930631,0.7717425429930631,0.7815230134776081
loc_000,Logistic regression,1.0,2,0.7679047264232742,0.7679047264232745,0.7775782764343657
loc_001,Logistic regression,0.0,0,0.7025664006126581,0.7025664006126582,0.7081497085849131
loc_001,Logistic regression,0.3,1,0.7725143337976629,0.772514333797663,0.7847869722904253
loc_001,Logistic regression,1.0,2,0.7685757975036399,0.76857579750364,0.7804508084936372
loc_002,Logistic regression,0.0,0,0.7017290801270588,0.701729080127059,0.7067272652780677
loc_002,Logistic regression,0.3,1,0.7709637775378845,0.7709637775378846,0.782588798050766
loc_002,Logistic regression,1.0,2,0.7804306692401205,0.7804306692401206,0.7920827281074201
loc_003,Logistic regression,0.0,0,0.6900006243336397,0.6900006243336398,0.6962198179635408
loc_003,Logistic regression,0.3,1,0.7630061178569416,0.7630061178569416,0.7759836111329941
loc_003,Logistic regression,1.0,2,0.7737894450509477,0.7737894450509475,0.787862649921942
loc_004,RBF SVC,0.0,0,0.6384283803301919,0.6384283803301922,0.6455916331761467
loc_004,RBF SVC,0.3,1,0.655453607540551,0.6554536075405514,0.6668152036005073
loc_004,RBF SVC,1.0,2,0.6794172152451922,0.6794172152451924,0.6939390086720997
loc_005,RBF SVC,0.0,0,0.7119381425894273,0.7119381425894277,0.7168561437921339
loc_005,RBF SVC,0.3,1,0.7550739774278281,0.7550739774278283,0.7635347177583576
loc_005,RBF SVC,1.0,2,0.7702031229607083,0.7702031229607085,0.7801948328306373
loc_006,RBF SVC,0.0,0,0.6990197843810133,0.6990197843810136,0.7077072167335481
loc_006,RBF SVC,0.3,1,0.7389886603118329,0.7389886603118332,0.7548695848197475
loc_006,RBF SVC,1.0,2,0.7527687531523192,0.7527687531523193,0.7712221724195766
loc_007,RBF SVC,0.0,0,0.7162623271635,0.7162623271635001,0.7199762934040559
loc_007,RBF SVC,0.3,1,0.7770983377505543,0.7770983377505545,0.7833032518500416
loc_007,RBF SVC,1.0,2,0.7844792741516852,0.7844792741516856,0.7909694336415489
loc_008,RBF SVC,0.0,0,0.6960131227445298,0.69601312274453,0.7037660579308304
loc_008,RBF SVC,0.3,1,0.7497344547546457,0.7497344547546461,0.7652517353599078
loc_008,RBF SVC,1.0,2,0.7597632764900656,0.7597632764900657,0.7785620504838787
loc_009,RBF SVC,0.0,0,0.6978306449933084,0.6978306449933084,0.7024327823071158
loc_009,RBF SVC,0.3,1,0.75273589946267,0.7527358994626703,0.7592646264270884
loc_009,RBF SVC,1.0,2,0.7695015983052429,0.7695015983052432,0.7796382842876981
loc_010,Extra Trees,0.0,0,0.69234473624722,0.6923447362472203,0.705128714947011
loc_010,Extra Trees,0.3,1,0.7453473368123015,0.7453473368123018,0.7648700497205585
loc_010,Extra Trees,1.0,2,0.7608030423060802,0.7608030423060804,0.7819147327238087
loc_011,Extra Trees,0.0,0,0.6915118502852854,0.6915118502852855,0.7058908978346963
loc_011,Extra Trees,0.3,1,0.7501441529459926,0.7501441529459929,0.7715159022332791
loc_011,Extra Trees,1.0,2,0.7620651969584875,0.7620651969584878,0.7857995731280022
loc_012,Logistic regression,0.0,0,0.7093547034321191,0.7093547034321193,0.7134793793956222
loc_012,Logistic regression,0.3,1,0.7894729797518196,0.7894729797518196,0.798862907521215
loc_012,Logistic regression,1.0,2,0.8020224118937639,0.8020224118937641,0.8125953991317136
loc_013,Logistic regression,0.0,0,0.7053694717312832,0.7053694717312833,0.7095225530327222
loc_013,Logistic regression,0.3,1,0.7718348318332833,0.7718348318332835,0.7831565073918567
loc_013,Logistic regression,1.0,2,0.7923767177867654,0.7923767177867658,0.8048138306525439
loc_014,Logistic regression,0.0,0,0.7144886610821104,0.7144886610821105,0.7181587401131614
loc_014,Logistic regression,0.3,1,0.7759271094413486,0.7759271094413485,0.7846891894483304
loc_014,Logistic regression,1.0,2,0.8020948116273849,0.8020948116273848,0.813234197073986
loc_015,Logistic regression,0.0,0,0.7143207896613325,0.7143207896613324,0.7168371044074784
loc_015,Logistic regression,0.3,1,0.7822533662004673,0.782253366200467,0.7885699231795651
loc_015,Logistic regression,1.0,2,0.8071685196649497,0.8071685196649497,0.8157536006917653
loc_016,RBF SVC,0.0,0,0.6988111511653978,0.698811151165398,0.7041042205518798
loc_016,RBF SVC,0.3,1,0.7565811462875527,0.7565811462875531,0.7662936323554359
loc_016,RBF SVC,1.0,2,0.7708219905820088,0.7708219905820092,0.7828705214024247
loc_017,RBF SVC,0.0,0,0.726491114568002,0.7264911145680021,0.7285030144254976
loc_017,RBF SVC,0.3,1,0.7684958210143412,0.7684958210143416,0.7753923405303298
loc_017,RBF SVC,1.0,2,0.7850678829677424,0.7850678829677427,0.7933060861067022
loc_018,RBF SVC,0.0,0,0.6947861562554762,0.6947861562554764,0.697595207872166
loc_018,RBF SVC,0.3,1,0.7584922569866545,0.7584922569866546,0.7685474334698859
loc_018,RBF SVC,1.0,2,0.7741570437455318,0.774157043745532,0.7885618227314226
loc_019,RBF SVC,0.0,0,0.724343896021395,0.7243438960213954,0.727829640420275
loc_019,RBF SVC,0.3,1,0.7521298217881722,0.7521298217881723,0.7593206488815948
loc_019,RBF SVC,1.0,2,0.7635549385491733,0.7635549385491737,0.7729397318508846
loc_020,RBF SVC,0.0,0,0.6922191826255067,0.6922191826255069,0.6957507120081847
loc_020,RBF SVC,0.3,1,0.7442099265107937,0.7442099265107938,0.7540323820938485
loc_020,RBF SVC,1.0,2,0.7633473549432501,0.7633473549432503,0.7768843648884105
loc_021,RBF SVC,0.0,0,0.7053200458938625,0.7053200458938628,0.7090351210675921
loc_021,RBF SVC,0.3,1,0.7487671840239927,0.7487671840239928,0.7544500867814391
loc_021,RBF SVC,1.0,2,0.7676643612076247,0.7676643612076248,0.7741732256834609
loc_022,Extra Trees,0.0,0,0.7143754368060908,0.7143754368060911,0.72418679966198
loc_022,Extra Trees,0.3,1,0.7663979672398015,0.7663979672398017,0.7848104247381282
loc_022,Extra Trees,1.0,2,0.7852130214356825,0.7852130214356827,0.8049674494120009
loc_023,Extra Trees,0.0,0,0.7311443377554728,0.731144337755473,0.7413577457908341
loc_023,Extra Trees,0.3,1,0.7881382304986816,0.7881382304986819,0.807719956151912
loc_023,Extra Trees,1.0,2,0.79512649728642,0.7951264972864202,0.8160712563138425
loc_024,Logistic regression,0.0,0,0.7569260931533964,0.7569260931533965,0.7618874836919792
loc_024,Logistic regression,0.3,1,0.8058177556509678,0.8058177556509679,0.8183752703924355
loc_024,Logistic regression,1.0,2,0.8153977492797676,0.8153977492797675,0.8291231678565731
loc_025,Logistic regression,0.0,0,0.7573061037611946,0.7573061037611949,0.7598926076234527
loc_025,Logistic regression,0.3,1,0.8029251854087123,0.8029251854087125,0.8113911636704993
loc_025,Logistic regression,1.0,2,0.8162620822639788,0.8162620822639787,0.8268331679621271
loc_026,Logistic regression,0.0,0,0.754197253410137,0.7541972534101373,0.7563322136130289
loc_026,Logistic regression,0.3,1,0.8014675641349349,0.8014675641349351,0.8083331105082774
loc_026,Logistic regression,1.0,2,0.8140736781979486,0.8140736781979486,0.8230845342827551
loc_027,Logistic regression,0.0,0,0.7516882509429754,0.7516882509429758,0.7526154913653635
loc_027,Logistic regression,0.3,1,0.7982079076066153,0.7982079076066153,0.8038381073260932
loc_027,Logistic regression,1.0,2,0.8177740650424664,0.8177740650424664,0.826537518570269
loc_028,RBF SVC,0.0,0,0.7065697008643781,0.706569700864378,0.7140464880298583
loc_028,RBF SVC,0.3,1,0.7487791911017098,0.74877919110171,0.7609121827476465
loc_028,RBF SVC,1.0,2,0.7749921863818461,0.7749921863818462,0.7926935345036537
loc_029,RBF SVC,0.0,0,0.7122283455733827,0.7122283455733827,0.7291496427143769
loc_029,RBF SVC,0.3,1,0.7580670591393815,0.7580670591393817,0.7830077001603705
loc_029,RBF SVC,1.0,2,0.7745517384961718,0.774551738496172,0.802541102859014
loc_030,RBF SVC,0.0,0,0.7200920064911752,0.7200920064911753,0.73235302119579
loc_030,RBF SVC,0.3,1,0.7597962913157831,0.7597962913157832,0.7766878544477295
loc_030,RBF SVC,1.0,2,0.791254899484526,0.7912548994845261,0.8114547438724067
loc_031,RBF SVC,0.0,0,0.7065003324449726,0.7065003324449727,0.7236858279792607
loc_031,RBF SVC,0.3,1,0.7406410556139918,0.740641055613992,0.7627476300206042
loc_031,RBF SVC,1.0,2,0.7604665073380051,0.760466507338005,0.7869119579997931
loc_032,RBF SVC,0.0,0,0.717808913999135,0.717808913999135,0.730814406482877
loc_032,RBF SVC,0.3,1,0.7606322900849972,0.7606322900849973,0.7781774668230473
loc_032,RBF SVC,1.0,2,0.7803200031825964,0.7803200031825965,0.8010813007611504
loc_033,RBF SVC,0.0,0,0.6990298870089897,0.6990298870089898,0.7150549650981612
loc_033,RBF SVC,0.3,1,0.7401606170906887,0.7401606170906888,0.7620669212506592
loc_033,RBF SVC,1.0,2,0.7539832398286824,0.7539832398286822,0.77926826608522
loc_034,Extra Trees,0.0,0,0.7226917398105285,0.7226917398105286,0.7352592582740075
loc_034,Extra Trees,0.3,1,0.7667442323469813,0.7667442323469813,0.7876775674086098
loc_034,Extra Trees,1.0,2,0.7779935355305907,0.7779935355305908,0.8010990901712545
loc_035,Extra Trees,0.0,0,0.7279675666163754,0.7279675666163757,0.7418341126850547
loc_035,Extra Trees,0.3,1,0.7799331070880087,0.7799331070880089,0.8028108270702414
loc_035,Extra Trees,1.0,2,0.7833693465156004,0.7833693465156004,0.8080869085306198
loc_036,Logistic regression,0.0,0,0.7968560928269289,0.7968560928269289,0.7968902320923044
loc_036,Logistic regression,0.3,1,0.8774546263088834,0.8774546263088834,0.8771776037291275
loc_036,Logistic regression,1.0,2,0.9020396756158546,0.9020396756158546,0.9014284384940585
loc_037,Logistic regression,0.0,0,0.7860667745888356,0.7860667745888356,0.7870215661390372
loc_037,Logistic regression,0.3,1,0.8626227387848973,0.8626227387848975,0.8632202109224654
loc_037,Logistic regression,1.0,2,0.8943222004346087,0.8943222004346091,0.8943285664800867
loc_038,Logistic regression,0.0,0,0.7759768096191072,0.7759768096191072,0.7773859219446709
loc_038,Logistic regression,0.3,1,0.8451005843023015,0.8451005843023016,0.8467650803121791
loc_038,Logistic regression,1.0,2,0.8835565158480962,0.8835565158480962,0.8849360175813196
loc_039,Logistic regression,0.0,0,0.7727473268588503,0.7727473268588505,0.7732955643421398
loc_039,Logistic regression,0.3,1,0.8439197378457307,0.8439197378457308,0.8447440057214027
loc_039,Logistic regression,1.0,2,0.8855429749267428,0.8855429749267432,0.8861690418874548
loc_040,RBF SVC,0.0,0,0.725504835988393,0.7255048359883931,0.7380819890325547
loc_040,RBF SVC,0.3,1,0.7791527122645023,0.7791527122645023,0.7876040579005633
loc_040,RBF SVC,1.0,2,0.8014265331053813,0.8014265331053814,0.8105814069733008
loc_041,RBF SVC,0.0,0,0.7286959177196889,0.728695917719689,0.7441653551803156
loc_041,RBF SVC,0.3,1,0.7592818735861513,0.7592818735861513,0.7807916280419468
loc_041,RBF SVC,1.0,2,0.768451281857455,0.7684512818574551,0.7932631700829954
loc_042,RBF SVC,0.0,0,0.7299527402650479,0.7299527402650479,0.7493640344553265
loc_042,RBF SVC,0.3,1,0.7740770322529245,0.7740770322529242,0.7981548557697344
loc_042,RBF SVC,1.0,2,0.7870159411360892,0.7870159411360892,0.8136188217784526
loc_043,RBF SVC,0.0,0,0.7263527739721851,0.7263527739721853,0.742257151160868
loc_043,RBF SVC,0.3,1,0.752362874009247,0.752362874009247,0.77520734696134
loc_043,RBF SVC,1.0,2,0.7656171332689846,0.7656171332689846,0.7923473263672215
loc_044,RBF SVC,0.0,0,0.7280865547456867,0.7280865547456868,0.7415092355962148
loc_044,RBF SVC,0.3,1,0.7745707055809014,0.7745707055809015,0.7949968869003473
loc_044,RBF SVC,1.0,2,0.7872203143576589,0.787220314357659,0.8106677986904861
loc_045,RBF SVC,0.0,0,0.7198269753719578,0.719826975371958,0.7347272037584301
loc_045,RBF SVC,0.3,1,0.7534083526055667,0.7534083526055667,0.7753837712579585
loc_045,RBF SVC,1.0,2,0.7611524006565927,0.7611524006565927,0.7873817138046015
loc_046,Extra Trees,0.0,0,0.7820509640127233,0.7820509640127232,0.7842433163932673
loc_046,Extra Trees,0.3,1,0.8574431732090485,0.8574431732090484,0.8598712976445785
loc_046,Extra Trees,1.0,2,0.8908696158195502,0.8908696158195499,0.89232201088319
loc_047,Extra Trees,0.0,0,0.7889459948523738,0.7889459948523739,0.7890943173992098
loc_047,Extra Trees,0.3,1,0.8791549278988189,0.8791549278988187,0.8806576247111025
loc_047,Extra Trees,1.0,2,0.9184406124697319,0.9184406124697316,0.9193586257444717
loc_048,Logistic regression,0.0,0,0.8425265326256649,0.8425265326256651,0.8482343315225835
loc_048,Logistic regression,0.3,1,0.8522629774773363,0.8522629774773365,0.8586610295153201
loc_048,Logistic regression,1.0,2,0.8484162702741163,0.8484162702741164,0.854456674222601
loc_049,Logistic regression,0.0,0,0.8504995004482082,0.8504995004482081,0.8537281430479582
loc_049,Logistic regression,0.3,1,0.8555736554082123,0.8555736554082123,0.8599075671337721
loc_049,Logistic regression,1.0,2,0.8497190801198459,0.8497190801198458,0.8536740590058944
loc_050,Logistic regression,0.0,0,0.859984693986173,0.8599846939861728,0.8612478526922016
loc_050,Logistic regression,0.3,1,0.8624163201424289,0.8624163201424287,0.8641491983268677
loc_050,Logistic regression,1.0,2,0.8612485707232215,0.8612485707232213,0.8627759677639442
loc_051,Logistic regression,0.0,0,0.8499992204839824,0.8499992204839822,0.8529168318366336
loc_051,Logistic regression,0.3,1,0.8461594344416338,0.8461594344416338,0.8501700144747858
loc_051,Logistic regression,1.0,2,0.8467534980397385,0.8467534980397384,0.8513535481020608
loc_052,RBF SVC,0.0,0,0.7608183477056112,0.7608183477056113,0.7703129150011822
loc_052,RBF SVC,0.3,1,0.7591416091206487,0.7591416091206487,0.7746493971587274
loc_052,RBF SVC,1.0,2,0.7548120078141644,0.7548120078141642,0.774303112366218
loc_053,RBF SVC,0.0,0,0.7607178592573522,0.7607178592573522,0.7837733233883527
loc_053,RBF SVC,0.3,1,0.7539990041732506,0.7539990041732507,0.7793160739745484
loc_053,RBF SVC,1.0,2,0.7496007058494456,0.7496007058494458,0.7749032877602647
loc_054,RBF SVC,0.0,0,0.7853828584238234,0.7853828584238235,0.7934751848037005
loc_054,RBF SVC,0.3,1,0.7798835343181015,0.7798835343181016,0.7963329521540886
loc_054,RBF SVC,1.0,2,0.775933898764987,0.7759338987649871,0.7973746201062671
loc_055,RBF SVC,0.0,0,0.7612323143273637,0.7612323143273635,0.775985609485498
loc_055,RBF SVC,0.3,1,0.7602804345214692,0.760280434521469,0.778033944408018
loc_055,RBF SVC,1.0,2,0.7591272384418896,0.7591272384418892,0.780179220885146
loc_056,RBF SVC,0.0,0,0.7806553625093238,0.7806553625093238,0.7880230808794771
loc_056,RBF SVC,0.3,1,0.7737036684844742,0.7737036684844745,0.7890626315303194
loc_056,RBF SVC,1.0,2,0.7772377971536584,0.7772377971536584,0.7960087517107818
loc_057,RBF SVC,0.0,0,0.7604412443651157,0.7604412443651155,0.7752235053307917
loc_057,RBF SVC,0.3,1,0.7608970605110708,0.7608970605110705,0.7779867157206137
loc_057,RBF SVC,1.0,2,0.7575344192258968,0.7575344192258966,0.7791118556204357
loc_058,Extra Trees,0.0,0,0.7766195127770505,0.7766195127770509,0.80045348753156
loc_058,Extra Trees,0.3,1,0.7780718551089244,0.7780718551089247,0.8025619462032528
loc_058,Extra Trees,1.0,2,0.7717123468214758,0.7717123468214764,0.7959808231873147
loc_059,Extra Trees,0.0,0,0.7787282464575597,0.7787282464575599,0.803021351368137
loc_059,Extra Trees,0.3,1,0.7835289428765905,0.7835289428765906,0.8088127147476991
loc_059,Extra Trees,1.0,2,0.7815100941675212,0.7815100941675214,0.8067870083199771
loc_060,HistGB,0.0,0,0.729388346575904,0.7293883465759043,0.7455577393008401
loc_060,HistGB,0.3,1,0.7759544769722939,0.775954476972294,0.7978619311890669
loc_060,HistGB,1.0,2,0.7830822055279812,0.7830822055279812,0.8050874115835761
loc_061,MLP,0.0,0,0.7611240584102187,0.761124058410219,0.7702901264033086
loc_061,MLP,0.3,1,0.7977047126659161,0.7977047126659164,0.8148549281430557
loc_061,MLP,1.0,2,0.8035690534279992,0.8035690534279997,0.8217971064370665
loc_062,HistGB,0.0,0,0.8051299205573893,0.8051299205573892,0.805876688713891
loc_062,HistGB,0.3,1,0.8962295215417085,0.8962295215417085,0.8961813514340107
loc_062,HistGB,1.0,2,0.925467682540654,0.925467682540654,0.9254350385811434
loc_063,MLP,0.0,0,0.8163161049869541,0.8163161049869542,0.8159603708546433
loc_063,MLP,0.3,1,0.8845080091625658,0.8845080091625659,0.8854126691887525
loc_063,MLP,1.0,2,0.8903938912900728,0.890393891290073,0.8909484846246595
