id,family,tau,h,threshold,threshold_policy,accuracy,balanced_accuracy,macro_f1,recall,fpr,precision
con_000,Random Forest,0.0,0,0.4237830638885498,balanced,0.9274278627461976,0.9152049075715312,0.8862620951562947,0.9344124085602931,0.10400259341723062,0.9758630748584505
con_000,Random Forest,0.0,0,0.985370397567749,fpr5,0.6844672197593625,0.7877299676307213,0.6434941470576132,0.6254599352614423,0.0499999999999996,0.9825453715269853
con_000,Random Forest,0.3,1,0.35307785868644714,balanced,0.9651718527546573,0.9439933545340302,0.9417627988404277,0.9772738517378735,0.08928714266981308,0.9801010128978631
con_000,Random Forest,0.3,1,0.9165586233139038,fpr5,0.7249140954326914,0.8124475027644225,0.6786418850497913,0.6748950055288444,0.0499999999999996,0.9838031894445297
con_000,Random Forest,1.0,2,0.3365299701690674,balanced,0.9770093934195105,0.956763263571183,0.9610030439242101,0.9885786104756987,0.07505208333333269,0.9834089758049801
con_000,Random Forest,1.0,2,0.887657105922699,fpr5,0.7474656063503999,0.8262289816585777,0.6987854517728375,0.7024579633171549,0.0499999999999996,0.984428821946896
con_001,Random Forest,0.0,0,0.3677453398704529,balanced,0.9114706177334885,0.9031998535949761,0.8647451630633465,0.9161967686697814,0.10979706147982926,0.9740596983241204
con_001,Random Forest,0.0,0,0.9573134779930115,fpr5,0.7137528459562503,0.8058900493806713,0.6689014635120738,0.6611030154280088,0.04932291666666622,0.9836910567522356
con_001,Random Forest,0.3,1,0.3136502206325531,balanced,0.9480905012732547,0.9316456891838245,0.9158953501476137,0.9574875367529296,0.0941961583852805,0.9786058346206777
con_001,Random Forest,0.3,1,0.8826959133148193,fpr5,0.735421894812743,0.8188689357188985,0.6879700921122398,0.6877378714377965,0.0499999999999996,0.9841008409705546
con_001,Random Forest,1.0,2,0.28224775195121765,balanced,0.9688499870427474,0.9466525383779758,0.9475458833759366,0.9815342434226176,0.08822916666666603,0.9804158586362967
con_001,Random Forest,1.0,2,0.8668748736381531,fpr5,0.7549109508865063,0.8307789144306427,0.7055440760688472,0.7115578288612849,0.0499999999999996,0.9846248946142122
con_002,Random Forest,0.0,0,0.38119083642959595,balanced,0.902489651278621,0.8958620771800312,0.8529276800914551,0.9062768364778155,0.11455268211775327,0.9726787052643272
con_002,Random Forest,0.0,0,0.9025762677192688,fpr5,0.7294982393083788,0.8154919795773425,0.6827647079433701,0.6803589591546845,0.0493749999999995,0.9841288480574981
con_002,Random Forest,0.3,1,0.36551517248153687,balanced,0.9324721131091771,0.9246504242086755,0.8943479097006403,0.9369416496237496,0.0876408012063985,0.9796367841666074
con_002,Random Forest,0.3,1,0.8709365725517273,fpr5,0.6978131283524067,0.7958858006598039,0.6549761502777594,0.6417716013196073,0.0499999999999996,0.9829814591509953
con_002,Random Forest,1.0,2,0.32467442750930786,balanced,0.9511269015850958,0.9377864630057073,0.9209686366874799,0.9587500093447472,0.08317708333333262,0.9810855946759104
con_002,Random Forest,1.0,2,0.8488498330116272,fpr5,0.7175711705699253,0.807960159792732,0.6721773054766282,0.6659203195854634,0.0499999999999996,0.9835884855453767
con_003,Extra Trees,0.0,0,0.2731722295284271,balanced,0.9191508095957563,0.902817049328815,0.873628758269877,0.9284843868911519,0.12285028823352173,0.971437007554414
con_003,Extra Trees,0.0,0,0.9182143211364746,fpr5,0.7543695983956051,0.8304480879084253,0.7050506729412304,0.7108961758168503,0.0499999999999996,0.9846108047490942
con_003,Extra Trees,0.3,1,0.2390800267457962,balanced,0.9513002813631641,0.9310257632145181,0.9201919923252657,0.9628857203052485,0.10083419387621229,0.9772579411548573
con_003,Extra Trees,0.3,1,0.9090366363525391,fpr5,0.7293648143236763,0.8151673865311354,0.6825814106915071,0.6803347730622704,0.0499999999999996,0.9839306135658116
con_003,Extra Trees,1.0,2,0.24991442263126373,balanced,0.9530117263426465,0.9382901522093956,0.9236357491975841,0.9614240544187906,0.08484374999999933,0.9807665147902699
con_003,Extra Trees,1.0,2,0.881768524646759,fpr5,0.7423924405825796,0.8234325331337985,0.694294497571472,0.6960838162675966,0.049218749999999645,0.9845301693904511
con_004,Extra Trees,0.0,0,0.2438977211713791,balanced,0.9009675979165885,0.8927350056597068,0.8504926045351646,0.9056719363490927,0.1202019250296793,0.9713513381514207
con_004,Extra Trees,0.0,0,0.8672282695770264,fpr5,0.7264059583987973,0.8133591967992649,0.6799605616625972,0.6767183935985295,0.0499999999999996,0.9838461260602631
con_004,Extra Trees,0.3,1,0.2324056625366211,balanced,0.9257965287920741,0.9170236169626027,0.8846298123329073,0.9308096212660578,0.0967623873408523,0.9774204837306659
con_004,Extra Trees,0.3,1,0.8738051056861877,fpr5,0.6713567499476433,0.7797180138568929,0.6323028046534647,0.6094360277137852,0.0499999999999996,0.9820946541915385
con_004,Extra Trees,1.0,2,0.24325519800186157,balanced,0.9255076047160877,0.9231227028820539,0.8854835353126802,0.9268704057641072,0.08062499999999939,0.9810362914676948
con_004,Extra Trees,1.0,2,0.8531612157821655,fpr5,0.6910589478286636,0.7917582458952943,0.6491529308213839,0.6335164917905881,0.0499999999999996,0.9827635194938968
con_005,HistGB,0.0,0,0.3883991241455078,balanced,0.893258781978159,0.8974698948857252,0.8433363494326633,0.8908524317452639,0.09591264197381355,0.9766337352966415
con_005,HistGB,0.0,0,0.955798327922821,fpr5,0.6999288296262355,0.7971787292160326,0.6568057837394556,0.6443574584320647,0.0499999999999996,0.9830485981671784
con_005,HistGB,0.3,1,0.2450430542230606,balanced,0.9370086384540196,0.9226514382880998,0.8997371267334596,0.9452127528345459,0.09990987625834624,0.977049977592234
con_005,HistGB,0.3,1,0.9104447960853577,fpr5,0.7144375862503186,0.8060451915974167,0.6694311364961238,0.662090383194833,0.0499999999999996,0.983495118170279
con_005,HistGB,1.0,2,0.24800610542297363,balanced,0.9452758998450039,0.9322540560028416,0.9122101396492206,0.9527169534690972,0.08820884146341401,0.9798399841842472
con_005,HistGB,1.0,2,0.8681407570838928,fpr5,0.7314484874363073,0.8164407423221876,0.6844315223809203,0.6828814846443748,0.0499999999999996,0.9839895826280171
con_006,HistGB,0.0,0,0.4926641583442688,balanced,0.8933132658140586,0.901928272442631,0.8444648702824787,0.8883904048834456,0.08453385999818375,0.9792925426963188
con_006,HistGB,0.0,0,0.9839960336685181,fpr5,0.6765568073536368,0.7828958267161112,0.6367322312697474,0.6157916534322221,0.0499999999999996,0.9822761810291186
con_006,HistGB,0.3,1,0.23529966175556183,balanced,0.9417031075735737,0.9242581509710479,0.9061338398951012,0.9516716542035891,0.1031553522614933,0.9764790399442009
con_006,HistGB,0.3,1,0.9253173470497131,fpr5,0.7298441471463845,0.8154603121450126,0.6830066837142815,0.6809206242900249,0.0499999999999996,0.9839442173780215
con_006,HistGB,1.0,2,0.25826480984687805,balanced,0.9483731235369441,0.933849900585134,0.916623198171509,0.9566721080808362,0.08897230691056845,0.9797513946649302
con_006,HistGB,1.0,2,0.8617462515830994,fpr5,0.7599646350107286,0.8338672769510008,0.7101657086881961,0.7177345539020012,0.0499999999999996,0.9847551935279587
con_007,Logistic regression,0.0,0,0.5038601160049438,balanced,0.8670685203817362,0.8980139658913446,0.8170609874865239,0.8493854086619594,0.05335747687927017,0.9862324312222603
con_007,Logistic regression,0.0,0,0.519932746887207,fpr5,0.8599349994247855,0.8952517597291993,0.8095882821405992,0.8397539935365486,0.049250474078149864,0.9871346320257218
con_007,Logistic regression,0.3,1,0.3936462104320526,balanced,0.9472084637446919,0.9536748412400142,0.9180156618788515,0.9435133908902216,0.03616370841019301,0.991554430576789
con_007,Logistic regression,0.3,1,0.3742656111717224,fpr5,0.9479277047008061,0.9489596454599938,0.9182898645938066,0.9473380242669845,0.04941873334699687,0.9885404237157321
con_007,Logistic regression,1.0,2,0.39042600989341736,balanced,0.9707139128689928,0.9765739707184149,0.9531537283855395,0.9673653083836083,0.014217366946778665,0.9967446322578498
con_007,Logistic regression,1.0,2,0.34187254309654236,fpr5,0.974465852212705,0.9650749924742132,0.9577592032362702,0.9798320577775577,0.049682072829131174,0.9888578395064845
con_008,Logistic regression,0.0,0,0.5284024477005005,balanced,0.8684984562511152,0.8992189657771201,0.8187363156212876,0.850943879379112,0.052505947824871724,0.9864736518922548
con_008,Logistic regression,0.0,0,0.5760529637336731,fpr5,0.8610944683497601,0.8959618313459847,0.8108579474126466,0.8411702609233455,0.04924659823137589,0.9871570128580566
con_008,Logistic regression,0.3,1,0.4475054442882538,balanced,0.9376088828221563,0.9560926832932783,0.9060831177119244,0.9270467111243716,0.014861344537814958,0.9964502351436001
con_008,Logistic regression,0.3,1,0.355056494474411,fpr5,0.9516335907122883,0.9512119007379072,0.9235663003054271,0.9518745564119347,0.04945075493612028,0.988587109842589
con_008,Logistic regression,1.0,2,0.359838604927063,balanced,0.9730643336347236,0.9779973760011764,0.9567127813930668,0.9702454522824647,0.014250700280111883,0.9967466793185052
con_008,Logistic regression,1.0,2,0.30025461316108704,fpr5,0.9747174518351133,0.9655277471736274,0.9581778562712508,0.979968711641677,0.04891321729442211,0.9890298914834694
con_009,RBF SVC,0.0,0,0.6256515383720398,balanced,0.8482583130814099,0.9042307746608613,0.8009631750938355,0.8162740493217225,0.0078125,0.9978776411405544
con_009,RBF SVC,0.0,0,0.5184911489486694,fpr5,0.8664632522979108,0.8989497652931677,0.8167088586778755,0.8478995305863349,0.0499999999999996,0.9870652229765685
con_009,RBF SVC,0.3,1,0.33154284954071045,balanced,0.9355116419981157,0.9316613901535329,0.8994392962747766,0.9377117859093059,0.07438900560224027,0.9826764296453613
con_009,RBF SVC,0.3,1,0.5355088710784912,fpr5,0.8654227526121369,0.8983139043740835,0.8155548944918354,0.8466278087481668,0.0499999999999996,0.9870460453013672
con_009,RBF SVC,1.0,2,0.29192107915878296,balanced,0.9532068215754922,0.9377984834956139,0.9238350757977325,0.9620115861925662,0.0864146192013383,0.9804291088675916
con_009,RBF SVC,1.0,2,0.5402906537055969,fpr5,0.866303808346344,0.8988523273227658,0.8165318404779389,0.847704654645531,0.0499999999999996,0.9870622879153574
con_010,RBF SVC,0.0,0,0.6519856452941895,balanced,0.8728486854308379,0.9177391272077341,0.8273209520934862,0.8471970044154681,0.011718749999999889,0.9969355576865697
con_010,RBF SVC,0.0,0,0.5156691074371338,fpr5,0.8843104006400441,0.9101399207615084,0.8370385528325827,0.8695506748563496,0.04927083333333282,0.9875649322019973
con_010,RBF SVC,0.3,1,0.32102230191230774,balanced,0.9439572094372638,0.9371291130112258,0.9112471941257654,0.9478589788235714,0.07360075280111977,0.9830372604603561
con_010,RBF SVC,0.3,1,0.5415998101234436,fpr5,0.9030071985472717,0.9212821768899995,0.8592542884057176,0.8925643537799985,0.0499999999999996,0.9877045338257023
con_010,RBF SVC,1.0,2,0.27338290214538574,balanced,0.9621169397540696,0.946071565307226,0.9375428969487234,0.9712857251522666,0.07914259453781458,0.9822148609650166
con_010,RBF SVC,1.0,2,0.5440371632575989,fpr5,0.9167974813587271,0.9297095719414444,0.8764748157045612,0.9094191438828885,0.0499999999999996,0.9879296622236672
con_011,XGBoost,0.0,0,0.5204686522483826,balanced,0.8761690698000039,0.8908487513604273,0.8241644239655113,0.8677806803369044,0.08608317761604978,0.9784311947248931
con_011,XGBoost,0.0,0,0.9150658249855042,fpr5,0.5665780888244747,0.7156866098371786,0.5442961667064261,0.48137321967435687,0.0499999999999996,0.9774386504979967
con_011,XGBoost,0.3,1,0.34699365496635437,balanced,0.9182796382490583,0.9169390133473245,0.8756266809058401,0.9190457096214777,0.08516768292682864,0.9798222606234558
con_011,XGBoost,0.3,1,0.8726980686187744,fpr5,0.5971923560189429,0.7343953286782425,0.569938532862996,0.5187906573564848,0.0499999999999996,0.9790317531054049
con_011,XGBoost,1.0,2,0.2882383465766907,balanced,0.9434229197733575,0.9292259546183314,0.9092518972116626,0.9515354712905157,0.09308356205385304,0.978723724092072
con_011,XGBoost,1.0,2,0.8421168327331543,fpr5,0.648330643224778,0.7656465041929195,0.6128124030794896,0.5812930083858386,0.0499999999999996,0.981244034696203
con_012,XGBoost,0.0,0,0.4963272213935852,balanced,0.8818842482295615,0.8930544123950146,0.8304566137168286,0.8755012972778738,0.08939247248784454,0.977813556214673
con_012,XGBoost,0.0,0,0.965268075466156,fpr5,0.63309215959737,0.7563340975317259,0.5999978204429413,0.5626681950634513,0.0499999999999996,0.9806352181203782
con_012,XGBoost,0.3,1,0.23525629937648773,balanced,0.9306063667940246,0.9168022251867232,0.8905186360762414,0.938494447712483,0.10488999733903659,0.9757654320536466
con_012,XGBoost,0.3,1,0.9212920665740967,fpr5,0.6747433549499897,0.7817876058027713,0.6351861843007499,0.6135752116055421,0.0499999999999996,0.9822132953659193
con_012,XGBoost,1.0,2,0.2282237857580185,balanced,0.9422758754855743,0.9252599576769148,0.9070628358079138,0.9519992570905235,0.10147934173669382,0.9768601306293602
con_012,XGBoost,1.0,2,0.866917073726654,fpr5,0.7162727280041503,0.8071666671136473,0.6710385081465563,0.664333334227294,0.0499999999999996,0.9835499259964386
con_013,Random Forest,0.0,0,0.5004629492759705,balanced,0.9390670949974297,0.9392909676016223,0.9052569543882207,0.938939167795034,0.06035723259178938,0.985916215897916
con_013,Random Forest,0.0,0,0.5474691390991211,fpr5,0.9302247194743035,0.9379362820754624,0.8939693368119597,0.9258181122736412,0.049945548122716454,0.988153689988307
con_013,Random Forest,0.3,1,0.49044784903526306,balanced,0.9748676331121919,0.9776234288672474,0.9593545248384586,0.9732928926807314,0.018046034946236467,0.9958966364733371
con_013,Random Forest,0.3,1,0.3972043991088867,fpr5,0.9787166046781822,0.9676509627155203,0.9644743780398561,0.9850398286568465,0.04973790322580596,0.9889037762976779
con_013,Random Forest,1.0,2,0.5161318778991699,balanced,0.9866145947838132,0.9912123912567746,0.9780994321830556,0.9839872825135493,0.0015625000000000222,0.9996472518025614
con_013,Random Forest,1.0,2,0.38653746247291565,fpr5,0.9830106526271138,0.9719555840128662,0.9714773762441018,0.9893278346923986,0.04541666666666633,0.9899015546240031
con_014,Random Forest,0.0,0,0.5661863684654236,balanced,0.8990219255311791,0.9219951817726475,0.855086021270645,0.8858943505360539,0.041903986990759035,0.989597932215792
con_014,Random Forest,0.0,0,0.5429139733314514,fpr5,0.9023866095513424,0.9215219387169719,0.8586278328455459,0.891452135742411,0.04840825830846729,0.9880766158863187
con_014,Random Forest,0.3,1,0.5240247249603271,balanced,0.9441438124424231,0.9615919363074066,0.9151580110258518,0.9341734559481464,0.01098958333333322,0.997392601973281
con_014,Random Forest,0.3,1,0.4247153401374817,fpr5,0.9647796829068993,0.9595795568182548,0.9429233284503686,0.9677511835289823,0.048592069892472556,0.9889650563180272
con_014,Random Forest,1.0,2,0.49463704228401184,balanced,0.9758652728423546,0.9821925509962538,0.9611773297246066,0.9722496853258408,0.007864583333333175,0.9982056571833778
con_014,Random Forest,1.0,2,0.4281056821346283,fpr5,0.9786928062609628,0.9687092612335516,0.9645116281623942,0.9843976891337695,0.04697916666666624,0.9895060100032631
con_015,Random Forest,0.0,0,0.34972766041755676,balanced,0.9321696437862373,0.9243759460591862,0.8939182671964265,0.9366231853445527,0.08787129322618037,0.9795775231883325
con_015,Random Forest,0.0,0,0.4942180812358856,fpr5,0.8943924930379666,0.9164060311766418,0.8489305026045741,0.8818133283872948,0.049001266034011115,0.9878020166330336
con_015,Random Forest,0.3,1,0.3623921871185303,balanced,0.9776645469397821,0.9809505383417152,0.9637848284161384,0.9757868375672487,0.013885760883818432,0.9968476748046876
con_015,Random Forest,0.3,1,0.29515349864959717,fpr5,0.9810276698702021,0.9693815274048978,0.9681963705632133,0.9876826084218048,0.04891955361200906,0.9891132417004036
con_015,Random Forest,1.0,2,0.3379548192024231,balanced,0.9900860171837341,0.9923210845752448,0.9836311140185668,0.9888088358171563,0.004166666666666652,0.9990644706423211
con_015,Random Forest,1.0,2,0.23200955986976624,fpr5,0.9864475498920406,0.9752347263764589,0.9771332289195244,0.9928548776152305,0.04238542486231267,0.9906023855654482
con_016,Extra Trees,0.0,0,0.4746118187904358,balanced,0.955764002167239,0.9420445584533298,0.9279903824068632,0.9636036842894735,0.07951456738281393,0.9819928875329051
con_016,Extra Trees,0.0,0,0.6551283001899719,fpr5,0.9087592155136524,0.9250815165594185,0.8664092298974527,0.899432186344643,0.04926915322580594,0.9879734945312987
con_016,Extra Trees,0.3,1,0.38864126801490784,balanced,0.9749775757126303,0.9570609490466079,0.9578736046997011,0.9852156480932153,0.07109374999999951,0.9842173965397161
con_016,Extra Trees,0.3,1,0.6568169593811035,fpr5,0.9115241067379257,0.9264869541176213,0.8698051540610304,0.9029739082352422,0.0499999999999996,0.9878445539791728
con_016,Extra Trees,1.0,2,0.4382825195789337,balanced,0.9776560708151203,0.959913084942574,0.9622579482325866,0.9877949198851474,0.06796874999999947,0.9849394950407236
con_016,Extra Trees,1.0,2,0.6600419282913208,fpr5,0.9138063475955706,0.9278816568639598,0.8726784653408561,0.9057633137279194,0.0499999999999996,0.9878815344717876
con_017,Extra Trees,0.0,0,0.34923818707466125,balanced,0.9529983836705181,0.9378316262022199,0.9235511975390791,0.9616651022238321,0.08600184981939207,0.9805138889870417
con_017,Extra Trees,0.0,0,0.5861446857452393,fpr5,0.8890227383271022,0.9127361178665625,0.8424812406814834,0.8754722357331247,0.0499999999999996,0.9874674940030613
con_017,Extra Trees,0.3,1,0.34641557931900024,balanced,0.9742342193968183,0.9569104951869449,0.9567174644347132,0.9841334903738894,0.07031249999999956,0.9843712255005134
con_017,Extra Trees,0.3,1,0.5702039003372192,fpr5,0.8997365815274369,0.9192834664889891,0.8552720061356119,0.8885669329779778,0.0499999999999996,0.9876499030024
con_017,Extra Trees,1.0,2,0.3512864112854004,balanced,0.9775859631831862,0.9592626025008365,0.9620987759750319,0.9880564550016725,0.06953124999999949,0.9846026227069785
con_017,Extra Trees,1.0,2,0.5690138339996338,fpr5,0.9057606439546714,0.9229648379722992,0.8626362742338587,0.8959296759445979,0.0499999999999996,0.9877501527277748
con_018,HistGB,0.0,0,0.4512427747249603,balanced,0.92888873719842,0.9445668228184627,0.8934988631338967,0.9199298311298237,0.030796185492898198,0.9926156743707442
con_018,HistGB,0.0,0,0.34841033816337585,fpr5,0.937796829209469,0.9425928971399142,0.9041828860744887,0.9350562189635003,0.04987042468367198,0.9882867929168383
con_018,HistGB,0.3,1,0.3837741017341614,balanced,0.9685630873709145,0.9761005866968013,0.9500002173986827,0.9642559448989789,0.01205477150537626,0.9972295565746809
con_018,HistGB,0.3,1,0.28915220499038696,fpr5,0.9761267416191708,0.9661945612594763,0.9603777620905307,0.9818022732532822,0.0494131507343295,0.988939475739197
con_018,HistGB,1.0,2,0.3773910701274872,balanced,0.9857901991462227,0.9913162328115805,0.9768163967659682,0.982632465623161,0.0,1.0
con_018,HistGB,1.0,2,0.26459747552871704,fpr5,0.9835347127696119,0.9721850238430786,0.9723211896338649,0.99002024929906,0.045650201612902785,0.9898571816658362
con_019,HistGB,0.0,0,0.5643962025642395,balanced,0.9161839997525735,0.9352845463093502,0.8768475709653645,0.9052694017201293,0.03470030910142885,0.9915538402936503
con_019,HistGB,0.0,0,0.4943101406097412,fpr5,0.9216792186014849,0.9328198562749634,0.88277121612033,0.9153131399309253,0.04967342738099856,0.9880838566344928
con_019,HistGB,0.3,1,0.4754175841808319,balanced,0.9522337477158509,0.9662123649422432,0.9263405639999491,0.9442459664436261,0.011821236559139692,0.9972256662581999
con_019,HistGB,0.3,1,0.3727422058582306,fpr5,0.964631354316587,0.9590316127079963,0.9426508227568615,0.9678312066643532,0.04976798124836046,0.988701955455659
con_019,HistGB,1.0,2,0.45655205845832825,balanced,0.9757903978190852,0.9845976042227741,0.9612380604576944,0.9707577084455482,0.0015625000000000222,0.9996424462370062
con_019,HistGB,1.0,2,0.3430894613265991,fpr5,0.9805619111265212,0.969588181799541,0.9674796336765267,0.9868326135990816,0.04765624999999962,0.9893823594090976
con_020,Logistic regression,0.0,0,0.35715463757514954,balanced,0.9599842577988709,0.9707568313498715,0.9373783487293668,0.9538285014840129,0.012314838784269977,0.9971391066342785
con_020,Logistic regression,0.0,0,0.188604936003685,fpr5,0.9643338786803146,0.9592956175527787,0.9422512466663613,0.9672128850389067,0.04862164993334939,0.988952335792085
con_020,Logistic regression,0.3,1,0.26742273569107056,balanced,0.9870311089060506,0.9911127983338649,0.9787484737094131,0.9846987149472995,0.0024731182795697526,0.9994421895052278
con_020,Logistic regression,0.3,1,0.15422946214675903,fpr5,0.9822959167776112,0.9708354849103945,0.9702822482715543,0.9888447349874496,0.04717376516666061,0.9895098895579864
con_020,Logistic regression,1.0,2,0.24611054360866547,balanced,0.9916622296636468,0.9949046959055619,0.986231840569248,0.9898093918111238,0.0,1.0
con_020,Logistic regression,1.0,2,0.15745261311531067,fpr5,0.9911889725631075,0.9892989463517605,0.9853128367625812,0.99226898754102,0.013671094837499065,0.9969476542928957
con_021,Logistic regression,0.0,0,0.4653943181037903,balanced,0.960466592858457,0.9713871576876305,0.9381135479316463,0.9542262700989287,0.011451954723667557,0.9973401384120567
con_021,Logistic regression,0.0,0,0.18157801032066345,fpr5,0.9636282310931049,0.9594083314233479,0.9412514090904891,0.9660396023329663,0.04722293948627032,0.9892538396303582
con_021,Logistic regression,0.3,1,0.3918592035770416,balanced,0.9843476055180811,0.9904346478166051,0.974537258005839,0.98086929563321,0.0,1.0
con_021,Logistic regression,0.3,1,0.15465764701366425,fpr5,0.9853626591022691,0.9774126116319113,0.9754995539040273,0.9899055433710455,0.03508032010722306,0.99218641119764
con_021,Logistic regression,1.0,2,0.22690066695213318,balanced,0.9921192849594119,0.9951840074751961,0.9869742231832741,0.9903680149503923,0.0,1.0
con_021,Logistic regression,1.0,2,0.12114368379116058,fpr5,0.9871967837381884,0.9767155964461447,0.9784070367648633,0.9931860336193564,0.03975484072706692,0.9911834043755423
con_022,RBF SVC,0.0,0,0.39452359080314636,balanced,0.9744629405506192,0.9806314229720636,0.9589819095346723,0.9709380934526507,0.009675247508523444,0.9977904827992111
con_022,RBF SVC,0.0,0,0.3289210796356201,fpr5,0.9741411451669073,0.9652442106857233,0.9572814323935925,0.9792251077275841,0.04873668635613737,0.9890608405917293
con_022,RBF SVC,0.3,1,0.34962281584739685,balanced,0.9890141120283753,0.9932864017951182,0.9819578916629526,0.9865728035902364,0.0,1.0
con_022,RBF SVC,0.3,1,0.29216742515563965,fpr5,0.9833806750425882,0.9718221771944123,0.9720564316499946,0.9899855309558319,0.0463411765670072,0.9897048801520085
con_022,RBF SVC,1.0,2,0.3111855387687683,balanced,0.9928115253068247,0.9956070432430595,0.9881012825475051,0.991214086486119,0.0,1.0
con_022,RBF SVC,1.0,2,0.28195059299468994,fpr5,0.9861427863501776,0.9735737664697601,0.9765647442686944,0.9933250834247022,0.046177550485181906,0.9897749967604208
con_023,RBF SVC,0.0,0,0.4908461570739746,balanced,0.964421190251705,0.9729381970787683,0.9437983653131055,0.9595543292076684,0.013677935050131929,0.9968423431564031
con_023,RBF SVC,0.0,0,0.4095648229122162,fpr5,0.9672764653085424,0.9607717683217177,0.9466684015371505,0.9709934350152997,0.0494498983718642,0.9888095067598611
con_023,RBF SVC,0.3,1,0.4291301369667053,balanced,0.9882620976781443,0.9921970475699275,0.9807293156808143,0.9860135548828395,0.001619459742984497,0.9996351483827735
con_023,RBF SVC,0.3,1,0.3466251492500305,fpr5,0.9834271192708338,0.9734453210300522,0.9722203431975603,0.9891310039798522,0.04224036191974789,0.990599318757038
con_023,RBF SVC,1.0,2,0.4358915686607361,balanced,0.9909629289643462,0.9944773454782115,0.9850986866975942,0.9889546909564231,0.0,1.0
con_023,RBF SVC,1.0,2,0.32433632016181946,fpr5,0.9856600704804461,0.9735872939965815,0.97578872814711,0.9925587998997979,0.045384211906634886,0.9899412168128846
con_024,XGBoost,0.0,0,0.4312882423400879,balanced,0.943893734256957,0.9554543395463595,0.9139576453081775,0.9372876740915838,0.02637899499886487,0.9937846568189821
con_024,XGBoost,0.0,0,0.3214052617549896,fpr5,0.9527363105195785,0.9521146368049855,0.9251814886559209,0.953091552642203,0.04886227903223206,0.9887356335215272
con_024,XGBoost,0.3,1,0.37404865026474,balanced,0.9799150881726296,0.9858023507769413,0.9674991109541999,0.9765509381130225,0.004946236559139727,0.9988757085200592
con_024,XGBoost,0.3,1,0.23682449758052826,fpr5,0.9805926656460698,0.9691769756999903,0.9675012238368781,0.9871159170438301,0.04876196564384949,0.9891417689939426
con_024,XGBoost,1.0,2,0.3612394332885742,balanced,0.9890209502959977,0.993290580736443,0.9819688688631019,0.9865811614728861,0.0,1.0
con_024,XGBoost,1.0,2,0.2076105922460556,fpr5,0.9849246440344571,0.9735396127609823,0.9746078261067448,0.991430376190729,0.04435115066876427,0.9901568488777205
con_025,XGBoost,0.0,0,0.280990332365036,balanced,0.9381044418901339,0.9446883127350068,0.9049125024893883,0.9343422299787778,0.04496560450876419,0.9894186269358675
con_025,XGBoost,0.0,0,0.26387596130371094,fpr5,0.9394384780874818,0.943951787077371,0.906488043655018,0.9368594443789735,0.048955870224231535,0.988521008731707
con_025,XGBoost,0.3,1,0.27565526962280273,balanced,0.97753188336508,0.9769883079591289,0.96331146568035,0.9778424978827666,0.023865881964508673,0.9946055528083587
con_025,XGBoost,0.3,1,0.21378114819526672,fpr5,0.979880674415778,0.968538976542116,0.9663462965806098,0.9863616446292995,0.04928369154506751,0.9890185677633448
con_025,XGBoost,1.0,2,0.30313390493392944,balanced,0.9884417252649202,0.9922989157383593,0.981016929779776,0.986237616422955,0.001639784946236511,0.9996306548639785
con_025,XGBoost,1.0,2,0.1875888556241989,fpr5,0.9845968423257343,0.9723029090198488,0.9740199007561682,0.9916219470719552,0.04701612903225749,0.9895735538168783
con_026,Random Forest,0.0,0,0.5035317540168762,balanced,0.9426401400311648,0.9462237327161471,0.9109560370515896,0.9405923727826032,0.04814490735030885,0.9887533198687999
con_026,Random Forest,0.0,0,0.49599868059158325,fpr5,0.9433548516245611,0.9460326073935932,0.9118527805879068,0.9418247054708284,0.04975949068364205,0.9883955617779078
con_026,Random Forest,0.3,1,0.49836266040802,balanced,0.9763393031906829,0.9812467038017135,0.9618165723517309,0.9735350742700937,0.011041666666666616,0.9974859304132597
con_026,Random Forest,0.3,1,0.39706099033355713,fpr5,0.9787093363647857,0.9675813109413445,0.9644582110174854,0.985068208035324,0.049905586152635184,0.9888671009117258
con_026,Random Forest,1.0,2,0.5147144198417664,balanced,0.9869309205231381,0.9916892662456214,0.9786147563291111,0.9842118658245762,0.0008333333333333526,0.9998118795815213
con_026,Random Forest,1.0,2,0.37285298109054565,fpr5,0.9831068482634376,0.9710421480128419,0.9715778205223791,0.9900009626923499,0.04791666666666616,0.9893587591966133
con_027,Random Forest,0.0,0,0.4858554005622864,balanced,0.914573512396833,0.9261472882534535,0.8732082755684807,0.9079599261930498,0.055665349686142784,0.9865590846157379
con_027,Random Forest,0.0,0,0.5143179893493652,fpr5,0.9085484055058103,0.9249910993262429,0.8661550062276946,0.8991525804655629,0.04917038181307698,0.9879936274453681
con_027,Random Forest,0.3,1,0.4972149431705475,balanced,0.9556506853343695,0.969839191963596,0.9313610620679773,0.9475429672605251,0.007864583333333175,0.9981589567108001
con_027,Random Forest,0.3,1,0.39154019951820374,fpr5,0.9716437600511083,0.9633751859001902,0.95336611728006,0.9763686595659188,0.04961828776553845,0.9888329525913252
con_027,Random Forest,1.0,2,0.46586906909942627,balanced,0.9830861946805604,0.9893397115640461,0.9725383506801353,0.9795127564614255,0.0008333333333333526,0.9998109772642025
con_027,Random Forest,1.0,2,0.3860192894935608,fpr5,0.9810075878106961,0.9697997758843147,0.9681913261623516,0.9874120517686289,0.04781249999999948,0.9893541026546341
con_028,Random Forest,0.0,0,0.4111417233943939,balanced,0.9134090636029596,0.9220246779296997,0.8710363939910248,0.9084858554162509,0.06443649955685171,0.9844829396020259
con_028,Random Forest,0.0,0,0.48321542143821716,fpr5,0.8998704834013375,0.9194455123282339,0.8554516673540165,0.8886847525859677,0.049793727929499765,0.9877018365544638
con_028,Random Forest,0.3,1,0.35585081577301025,balanced,0.9786268540121846,0.9808702121081834,0.9652342054794409,0.9773449351001853,0.015604510883818423,0.9964644937570181
con_028,Random Forest,0.3,1,0.2954345941543579,fpr5,0.9808025124610937,0.9692091641746401,0.9678321303223021,0.9874272829104965,0.049008954561216456,0.9890907736539464
con_028,Random Forest,1.0,2,0.3296501040458679,balanced,0.9906069542331912,0.9926394349943576,0.9844744500719339,0.9894455366553818,0.004166666666666652,0.9990650720856671
con_028,Random Forest,1.0,2,0.22899454832077026,fpr5,0.9865580662578474,0.9752033973402819,0.9773097808322526,0.9930464484964565,0.04263965381589263,0.9905483577272427
con_029,Extra Trees,0.0,0,0.39950302243232727,balanced,0.960720028028439,0.9487951398488403,0.9358664540194459,0.9675342498453531,0.0699439701476724,0.9841893372795967
con_029,Extra Trees,0.0,0,0.5583592057228088,fpr5,0.9202891053121562,0.932074700681991,0.8809954598315035,0.9135544793865361,0.049405078022554005,0.9881249218275162
con_029,Extra Trees,0.3,1,0.4954420328140259,balanced,0.9688381003188646,0.9618159918615287,0.9490608099006479,0.972850733723057,0.049218749999999645,0.9888822618272141
con_029,Extra Trees,0.3,1,0.4947652518749237,fpr5,0.9688245798896138,0.961503909932542,0.9490105979626143,0.9730078198650837,0.0499999999999996,0.9887095850294334
con_029,Extra Trees,1.0,2,0.5650869607925415,balanced,0.9621315529900204,0.9732123379383457,0.9406181908220894,0.9557996758766913,0.009374999999999911,0.9978250649470737
con_029,Extra Trees,1.0,2,0.49797582626342773,fpr5,0.9769256862151622,0.9664545860203773,0.9616223926205694,0.982909172040754,0.0499999999999996,0.9888220479003907
con_030,Extra Trees,0.0,0,0.242425337433815,balanced,0.9598323896474364,0.9421870925190583,0.9337706167538777,0.9699154165779389,0.08554123153982218,0.9807779450876913
con_030,Extra Trees,0.0,0,0.5353177189826965,fpr5,0.8555068869152472,0.8925181722307634,0.8047649797865626,0.8343575810206659,0.049321236559139336,0.9870341378505519
con_030,Extra Trees,0.3,1,0.2787739038467407,balanced,0.9747740796226247,0.955965021477865,0.9574666409476402,0.9855221128482026,0.07359206989247247,0.9836768274304961
con_030,Extra Trees,0.3,1,0.47309306263923645,fpr5,0.9010602485796065,0.9200923741319817,0.8568791814515591,0.8901847482639632,0.0499999999999996,0.9876720712787748
con_030,Extra Trees,1.0,2,0.29656466841697693,balanced,0.9782918931257454,0.9599978235768449,0.9632589578407261,0.9887456471536893,0.06874999999999953,0.9847834448894245
con_030,Extra Trees,1.0,2,0.47565096616744995,fpr5,0.9119302644289164,0.9267351615954491,0.8703150442460095,0.9034703231908978,0.0499999999999996,0.9878511516914936
con_031,HistGB,0.0,0,0.29384663701057434,balanced,0.9253255759334957,0.9181235520066753,0.8842771832299781,0.9294410181773936,0.09319391416404299,0.9782037133399872
con_031,HistGB,0.0,0,0.6232059001922607,fpr5,0.8816208849045541,0.9082605868709637,0.8338710361229832,0.8663981980666055,0.04987702432467822,0.9873686486787174
con_031,HistGB,0.3,1,0.35003936290740967,balanced,0.9516228396604924,0.9413853517590416,0.9221718366199707,0.9574728327470362,0.07470212922895292,0.9829576757095313
con_031,HistGB,0.3,1,0.46914544701576233,fpr5,0.9207742765980464,0.9324110501297005,0.8816287944370917,0.9141246917228153,0.0493025914634142,0.9881565684186385
con_031,HistGB,1.0,2,0.2889013886451721,balanced,0.9761395769315475,0.9580748803470571,0.9597540294926843,0.9864622606941139,0.07031249999999956,0.9844075455173658
con_031,HistGB,1.0,2,0.465692400932312,fpr5,0.9381543318936013,0.9427609806016454,0.90466316592996,0.9355219612032903,0.0499999999999996,0.9882624942693516
con_032,HistGB,0.0,0,0.6216139197349548,balanced,0.895052897281851,0.9198170606323786,0.8503794869828021,0.8809019467958348,0.04126782553107755,0.9896967638858298
con_032,HistGB,0.0,0,0.5868290662765503,fpr5,0.8981342493021814,0.9183077853138589,0.853335355431264,0.8866065144383652,0.04999094381064739,0.98762514713687
con_032,HistGB,0.3,1,0.44401663541793823,balanced,0.9393611932485809,0.9464917460322178,0.906794359322015,0.935286591657931,0.04230309959349554,0.990048888142103
con_032,HistGB,0.3,1,0.4294561445713043,fpr5,0.9421970543810928,0.9454805966526239,0.9102684345043717,0.9403207445116464,0.04935955120639868,0.9884695576175666
con_032,HistGB,1.0,2,0.32973116636276245,balanced,0.9755169621766944,0.9598211296635357,0.9589341968575886,0.9844860093270711,0.06484374999999953,0.9855743479853766
con_032,HistGB,1.0,2,0.417219340801239,fpr5,0.9645701888776609,0.9589040043141264,0.9425489682767975,0.9678080086282523,0.0499999999999996,0.9886496127340224
con_033,Logistic regression,0.0,0,0.36795181035995483,balanced,0.9050430972129181,0.937839155905257,0.864864762563097,0.8863024922458668,0.010624180435352737,0.9973432810114293
con_033,Logistic regression,0.0,0,0.1877068430185318,fpr5,0.9154708824831566,0.9290718289499947,0.8748209559385369,0.9076989130735346,0.04955525517354509,0.9880133397488393
con_033,Logistic regression,0.3,1,0.22423729300498962,balanced,0.9485609812050525,0.9644622305953828,0.9212700777940822,0.939474552982006,0.010550091791240335,0.997510705562186
con_033,Logistic regression,0.3,1,0.14452247321605682,fpr5,0.9563456073163908,0.9540313664899525,0.9303743756250417,0.9576680306457843,0.04960529766587951,0.9886203189803578
con_033,Logistic regression,1.0,2,0.19129939377307892,balanced,0.9708403467485124,0.9802959417150806,0.9536530795700748,0.9654371496247586,0.004845266194597353,0.9988859696188788
con_033,Logistic regression,1.0,2,0.13506470620632172,fpr5,0.9732520908215839,0.9656782709055237,0.9559772341725192,0.9775799879164758,0.04622344610542839,0.9896018044020211
con_034,Logistic regression,0.0,0,0.7165837287902832,balanced,0.9592810272488648,0.9716143474939407,0.9365051724460397,0.9522334156802496,0.009004720692368129,0.9979029797007705
con_034,Logistic regression,0.0,0,0.2515880763530731,fpr5,0.9623195721526216,0.9585882336109968,0.9392935518912535,0.9644517656049788,0.047275298382985276,0.989224532273999
con_034,Logistic regression,0.3,1,0.40894031524658203,balanced,0.985580068661031,0.9896041658631234,0.9764126551419854,0.9832805845455492,0.004072252819302347,0.9990805137408302
con_034,Logistic regression,0.3,1,0.1973530501127243,fpr5,0.9821187511876048,0.9706660320336887,0.9699925438624651,0.9886631621327001,0.04733109806532265,0.9894733588246954
con_034,Logistic regression,1.0,2,0.3040381669998169,balanced,0.9911960291974464,0.9946197956206616,0.9854760425781799,0.9892395912413232,0.0,1.0
con_034,Logistic regression,1.0,2,0.15674801170825958,fpr5,0.9865717517434665,0.9762663400556026,0.9773802546986954,0.9924605584222461,0.03992787831104083,0.991138953651908
con_035,RBF SVC,0.0,0,0.44504591822624207,balanced,0.9739212666491056,0.9822198249892682,0.9583037632729754,0.9691792333118696,0.0047395833333332416,0.9989144449717896
con_035,RBF SVC,0.0,0,0.3735710382461548,fpr5,0.9718635006382673,0.96467345167513,0.9538100596601755,0.9759721000457747,0.04662519669551479,0.9894952798457322
con_035,RBF SVC,0.3,1,0.43081003427505493,balanced,0.9866735689964944,0.9915522504978576,0.9782059319940789,0.9838857509957152,0.0007812499999999556,0.9998235765871487
con_035,RBF SVC,0.3,1,0.36616864800453186,fpr5,0.9806844208861839,0.9708783266526682,0.9677539220506928,0.986287903305336,0.04453124999999958,0.9900662568867825
con_035,RBF SVC,1.0,2,0.3987182378768921,balanced,0.9908020279184894,0.9943790170612989,0.9848384216587507,0.988758034122598,0.0,1.0
con_035,RBF SVC,1.0,2,0.3741210103034973,fpr5,0.9869493599184495,0.9826062060612748,0.9782643126511344,0.9894311621225493,0.024218749999999734,0.9945899944332084
con_036,RBF SVC,0.0,0,0.5991849899291992,balanced,0.9695741857554558,0.9792028037035738,0.951730951963967,0.9640721183565311,0.00566651094938353,0.9986955518801558
con_036,RBF SVC,0.0,0,0.4646337330341339,fpr5,0.9735925832058733,0.9648233945410105,0.9564175823449548,0.9786035481572237,0.04895675907520258,0.9890050847905963
con_036,RBF SVC,0.3,1,0.5235065817832947,balanced,0.9869260950493253,0.9916942215906671,0.9786073936373805,0.9842014513114155,0.0008130081300812275,0.9998164651005741
con_036,RBF SVC,0.3,1,0.4202924072742462,fpr5,0.9810966705005874,0.9715134375937021,0.9684385451047404,0.9865728035902364,0.04354592840283211,0.990286699001261
con_036,RBF SVC,1.0,2,0.5121460556983948,balanced,0.9897183860405457,0.9930844518124924,0.9830694173274414,0.9877949198851474,0.001626016260162566,0.999634332177523
con_036,RBF SVC,1.0,2,0.40702196955680847,fpr5,0.9838461242313722,0.9735737324232372,0.9728915957571098,0.9897160624074497,0.0425685975609752,0.9905325080800428
con_037,XGBoost,0.0,0,0.407473087310791,balanced,0.9197896742663617,0.9389648792040748,0.8817075247516433,0.9088324143019538,0.030902655893804254,0.992500535839948
con_037,XGBoost,0.0,0,0.346184641122818,fpr5,0.9283411809155254,0.9370638652258887,0.8915197039080607,0.9233567898810319,0.049229059429254485,0.9882908797823629
con_037,XGBoost,0.3,1,0.3362641930580139,balanced,0.9649597945358247,0.9751113024297883,0.9447743484969879,0.9591589328821309,0.008936328022554396,0.9979338693757082
con_037,XGBoost,0.3,1,0.2794296145439148,fpr5,0.9714678222125365,0.9649652644580009,0.9532462954337315,0.9751835695008426,0.04525304058484092,0.9897931130740927
con_037,XGBoost,1.0,2,0.3161621689796448,balanced,0.9845919617243556,0.9905839766093283,0.9749223900589911,0.9811679532186567,0.0,1.0
con_037,XGBoost,1.0,2,0.24854740500450134,fpr5,0.9815791337958719,0.9700961943431867,0.9691077495293846,0.9881408134831211,0.047948424796747546,0.9893319503604688
con_038,XGBoost,0.0,0,0.3419799506664276,balanced,0.92052661187047,0.9380679012179411,0.8824006703164811,0.910503017957629,0.03436721552174671,0.9916819248340714
con_038,XGBoost,0.0,0,0.29136666655540466,fpr5,0.9265842164257266,0.9358393301217627,0.8891753907433649,0.9212955800279915,0.04961691978446603,0.9881736274035315
con_038,XGBoost,0.3,1,0.27239295840263367,balanced,0.97105929196214,0.9740466488222752,0.9534405582436161,0.9693522308992055,0.021258933254655,0.995150065021364
con_038,XGBoost,0.3,1,0.2235422134399414,fpr5,0.9748102454742893,0.9653327141202339,0.958302876192603,0.9802259776766069,0.04956054943613897,0.9888892077308366
con_038,XGBoost,1.0,2,0.2711789011955261,balanced,0.988071581639747,0.9923942411737027,0.9804359583519822,0.9856014904774866,0.0008130081300812275,0.9998167257626739
con_038,XGBoost,1.0,2,0.18755875527858734,fpr5,0.9832620526739212,0.9706072194583195,0.9717996080842208,0.9904933859399798,0.04927894702334079,0.989064916021509
con_039,Random Forest,0.0,0,0.3768518567085266,balanced,0.9550405351731103,0.9411069302966895,0.9268511519940026,0.963002595102494,0.08078873450911495,0.9816984058717678
con_039,Random Forest,0.0,0,0.5504629611968994,fpr5,0.8840098810483656,0.9099679689450426,0.8366923926003689,0.86917668796455,0.049240750074464934,0.9875671494994156
con_039,Random Forest,0.3,1,0.4020731747150421,balanced,0.9633299025840968,0.9575031975858364,0.9406139630955745,0.9666594482973888,0.05165305312571622,0.9882649918822343
con_039,Random Forest,0.3,1,0.40878963470458984,fpr5,0.9605292269702148,0.956723386562538,0.9365437293947086,0.9627039929174589,0.04925721979238307,0.9887577174823885
con_039,Random Forest,1.0,2,0.41470786929130554,balanced,0.9707941127557186,0.9676641105729393,0.9524895479300257,0.9725826854315925,0.037254464285713995,0.9915596950040543
con_039,Random Forest,1.0,2,0.39473140239715576,fpr5,0.974317159340267,0.9649314363849983,0.9575220097852652,0.9796804296004208,0.04981755683042399,0.9888260842438817
con_040,Random Forest,0.0,0,0.3868084251880646,balanced,0.9151116317796996,0.9175693735010428,0.8720688093084645,0.9137072079389321,0.07856846093684644,0.9812497001075912
con_040,Random Forest,0.0,0,0.5094650983810425,fpr5,0.8718165521367989,0.9023959808451796,0.8227343618647588,0.8543425928748667,0.04955063118450753,0.9872754348437791
con_040,Random Forest,0.3,1,0.40616676211357117,balanced,0.9218812147561918,0.9355497348676434,0.8835216914731971,0.9140706318353622,0.042971162100075344,0.9896611708077401
con_040,Random Forest,0.3,1,0.3993249535560608,fpr5,0.9237023564447262,0.9341962641188988,0.8854248995161964,0.9177058377737701,0.04931330953597268,0.988199705072808
con_040,Random Forest,1.0,2,0.3763788640499115,balanced,0.9428519239832165,0.946070367781934,0.9112064624462086,0.9410128132410921,0.048872077677224235,0.9885904332100789
con_040,Random Forest,1.0,2,0.37578606605529785,fpr5,0.9430778985984688,0.9459046439356993,0.9114737666341333,0.9414626155486228,0.04965332767722419,0.9884156313067157
con_041,Random Forest,0.0,0,0.2595866322517395,balanced,0.9493100155946756,0.9254865752905796,0.9165795445108023,0.96292341005416,0.11195025947300064,0.9748149381750983
con_041,Random Forest,0.0,0,0.43462619185447693,fpr5,0.8779377781094522,0.9062814559070158,0.8297074698963217,0.8617413907965582,0.049178478982526475,0.9874768794443091
con_041,Random Forest,0.3,1,0.28387129306793213,balanced,0.9666814927246752,0.9568080335721263,0.9453914061078716,0.9723234693832752,0.0587074022390226,0.9867602065942257
con_041,Random Forest,0.3,1,0.29742100834846497,fpr5,0.9601118416659598,0.9563111462773306,0.9359069631318693,0.9622836676023194,0.04966137504765822,0.9886616257087022
con_041,Random Forest,1.0,2,0.284610778093338,balanced,0.9760155450372483,0.969754597784201,0.9604821541231119,0.979593229181847,0.040084033613445036,0.9909888154916677
con_041,Random Forest,1.0,2,0.2720453143119812,fpr5,0.9788360558785304,0.9679134284835031,0.964678071241948,0.9850775572471178,0.04925070028011158,0.9890116901698119
con_042,Extra Trees,0.0,0,0.3806267976760864,balanced,0.9750560139757439,0.95688233042823,0.9579794830672141,0.9854409760028956,0.07167631514643558,0.9840937064156281
con_042,Extra Trees,0.0,0,0.48202863335609436,fpr5,0.9525542245255649,0.9517442477158795,0.9248845571217565,0.953017068416814,0.049528572985055086,0.9885829022956488
con_042,Extra Trees,0.3,1,0.4431876242160797,balanced,0.9748578701194379,0.9628730411508302,0.9581744172949688,0.9817063438157855,0.05596026151412514,0.9874911087132278
con_042,Extra Trees,0.3,1,0.4605240821838379,fpr5,0.9697646489934711,0.9622034230688821,0.9504649405120454,0.9740853495218081,0.049678503384044004,0.988793638138474
con_042,Extra Trees,1.0,2,0.4803096652030945,balanced,0.9673649274433778,0.9682413278424681,0.9475362561192748,0.9668641272153261,0.030381471530389947,0.9930656017033229
con_042,Extra Trees,1.0,2,0.4626361131668091,fpr5,0.9725432532461737,0.9643728841029509,0.954800652791445,0.9772120356137299,0.04846626740782811,0.9890987101104654
con_043,Extra Trees,0.0,0,0.2659962773323059,balanced,0.9730960423567292,0.9534816086127023,0.9546679930787985,0.9843042902104594,0.07734107298505488,0.9828386857636533
con_043,Extra Trees,0.0,0,0.47808218002319336,fpr5,0.8875025751459993,0.9120683695046761,0.840756411686101,0.873464978369612,0.04932823936025976,0.9876057228781374
con_043,Extra Trees,0.3,1,0.26777753233909607,balanced,0.9764082226821994,0.9543790981091193,0.9598711756130475,0.9889962938668174,0.08023809764857892,0.982290216014272
con_043,Extra Trees,0.3,1,0.4408155381679535,fpr5,0.9006975507322039,0.9201056110683731,0.8564887858068222,0.8896072305401069,0.04939600840336078,0.9878113654274725
con_043,Extra Trees,1.0,2,0.3080067038536072,balanced,0.9740468768312629,0.9528449685877458,0.9560725756222521,0.9861622529704164,0.08047231579492464,0.9821893072275226
con_043,Extra Trees,1.0,2,0.44584062695503235,fpr5,0.8963336661064049,0.9173928368035873,0.8512094932178673,0.884299854279443,0.049514180672268315,0.9877101370235337
con_044,HistGB,0.0,0,0.7054315209388733,balanced,0.8544275377989018,0.9079015434099618,0.8075038420477632,0.8238709631640094,0.0080678763440859,0.9978285818556695
con_044,HistGB,0.0,0,0.5383694767951965,fpr5,0.85337274429717,0.8912148414706613,0.8024611831191654,0.83174868876946,0.0493190058281372,0.9869945782068852
con_044,HistGB,0.3,1,0.5972467660903931,balanced,0.8615186958727065,0.9128831770476573,0.8153065250822562,0.8321675637727338,0.006401209677419306,0.9982935364557017
con_044,HistGB,0.3,1,0.46052229404449463,fpr5,0.8555032566040118,0.8926690576235282,0.8047995446021229,0.8342656560214303,0.04892754077437389,0.9871349044282574
con_044,HistGB,1.0,2,0.5914381742477417,balanced,0.8620703662939616,0.9135143277889619,0.8159743214502265,0.8326738168682464,0.005645161290322553,0.998495697662475
con_044,HistGB,1.0,2,0.46287834644317627,fpr5,0.8570748457269193,0.8970278969722696,0.8073480135613225,0.8342445307295756,0.040188736785036316,0.9894080984710633
con_045,HistGB,0.0,0,0.8851059675216675,balanced,0.8390813021905208,0.900729736195282,0.7918590025620118,0.8038536256163705,0.0023941532258064946,0.9993385833725582
con_045,HistGB,0.0,0,0.6356043815612793,fpr5,0.8457600844989633,0.8863545078843482,0.7942774906815752,0.8225632711358856,0.049854255367189126,0.986710454262923
con_045,HistGB,0.3,1,0.7544772624969482,balanced,0.8446389588604231,0.9050571415258137,0.7978744953501025,0.8101142830516275,0.0,1.0
con_045,HistGB,0.3,1,0.5224562883377075,fpr5,0.8501903400570705,0.8894431740023695,0.7990898514696064,0.8277601492311845,0.04887380122644547,0.9870491619034529
con_045,HistGB,1.0,2,0.6797837018966675,balanced,0.844818092536963,0.9051666121059214,0.7980622665082588,0.810333224211843,0.0,1.0
con_045,HistGB,1.0,2,0.5120877623558044,fpr5,0.8535166441504742,0.8924008749823535,0.8028928852981969,0.8312970836751139,0.046495333710406817,0.9877234604388302
con_046,Logistic regression,0.0,0,0.21031881868839264,balanced,0.9360277261948865,0.9586739385182663,0.904515381590001,0.9230870334386687,0.005739156402135959,0.9986202726471183
con_046,Logistic regression,0.0,0,0.08727492392063141,fpr5,0.9425850531408306,0.9455014337536478,0.9107731694421759,0.9409185499335064,0.04991568242621092,0.9883484804689571
con_046,Logistic regression,0.3,1,0.12177853286266327,balanced,0.9588231504593001,0.9690415869986793,0.935588033980965,0.9529840438653687,0.014900869868010092,0.996537362206072
con_046,Logistic regression,0.3,1,0.07015762478113174,fpr5,0.9654941157989032,0.9595552751956311,0.9439522361649377,0.9688877390007734,0.04977718860951108,0.9887120720866731
con_046,Logistic regression,1.0,2,0.12721428275108337,balanced,0.9694365247905116,0.9774007520778616,0.9513746221162942,0.9648855377691685,0.010084033613445342,0.9976829333999492
con_046,Logistic regression,1.0,2,0.06705816835165024,fpr5,0.9738291586895309,0.9648600923650903,0.9567777931817167,0.9789543394463546,0.049234154716174094,0.9889473930401124
con_047,Logistic regression,0.0,0,0.5165760517120361,balanced,0.9135540824538533,0.9416998969061012,0.8750667396540744,0.8974707599097108,0.014070966097508242,0.9965279929551992
con_047,Logistic regression,0.0,0,0.05411738157272339,fpr5,0.918936688190057,0.9316660216833141,0.8793366872997064,0.911662783336767,0.048330739970138814,0.9883563203438139
con_047,Logistic regression,0.3,1,0.21894535422325134,balanced,0.9393159217438993,0.9558305113253147,0.9081826544182062,0.9298790134116616,0.018217990761032254,0.9956651425480797
con_047,Logistic regression,0.3,1,0.09497819095849991,fpr5,0.9469593702058728,0.9481560938996391,0.9168913093671549,0.9462755280951491,0.04996334029587102,0.9884027429110306
con_047,Logistic regression,1.0,2,0.20677810907363892,balanced,0.9491796729909581,0.961458676296961,0.9216816510837638,0.9421630996732415,0.019245747079319364,0.9954811366912214
con_047,Logistic regression,1.0,2,0.09560748934745789,fpr5,0.9576037709179962,0.9548772289329175,0.932224280738776,0.9591617949094698,0.04940733704363498,0.9886826699078779
con_048,RBF SVC,0.0,0,0.4135621190071106,balanced,0.992136276950524,0.9942829331364313,0.9869787763262654,0.9909096162728626,0.002343749999999978,0.9994746647800254
con_048,RBF SVC,0.0,0,0.3302671015262604,fpr5,0.9862646693899985,0.97335616498903,0.9767510083867414,0.9936409576191239,0.04692862764106387,0.9896136836256892
con_048,RBF SVC,0.3,1,0.4164407551288605,balanced,0.9926016909479358,0.9954788111348496,0.9877593034121885,0.9909576222696993,0.0,1.0
con_048,RBF SVC,0.3,1,0.32165074348449707,fpr5,0.985321476341758,0.9722776531321216,0.9751799710450354,0.992775089604408,0.04821978334016486,0.9893217660027723
con_048,RBF SVC,1.0,2,0.403928279876709,balanced,0.9919115354190706,0.9950570494227653,0.986636607698983,0.9901140988455306,0.0,1.0
con_048,RBF SVC,1.0,2,0.32698434591293335,fpr5,0.9857024756752415,0.976684396899576,0.9760063737849385,0.9908556635470509,0.03748686974789894,0.9916627986776174
con_049,RBF SVC,0.0,0,0.5360039472579956,balanced,0.991086820747657,0.9939207174668382,0.985281183390343,0.9894674511938389,0.001626016260162566,0.9996349500529464
con_049,RBF SVC,0.0,0,0.37074896693229675,fpr5,0.9865770448671285,0.9739044910810105,0.9772808228350646,0.993818504173482,0.046009522011461024,0.9898168307237291
con_049,RBF SVC,0.3,1,0.4925602674484253,balanced,0.9925142512053235,0.9954253757365866,0.987616885465437,0.9908507514731733,0.0,1.0
con_049,RBF SVC,0.3,1,0.3302903175354004,fpr5,0.9882532278454433,0.9752910830295212,0.9800600578701766,0.9956601677402566,0.04507800168121434,0.990039218643629
con_049,RBF SVC,1.0,2,0.488631010055542,balanced,0.9914413159833338,0.9947696931009262,0.9858735174591112,0.9895393862018524,0.0,1.0
con_049,RBF SVC,1.0,2,0.3164534866809845,fpr5,0.986612530464487,0.9753445777792553,0.9774039783527952,0.9930513605703342,0.04236220501182342,0.9906093264014632
con_050,XGBoost,0.0,0,0.11925173550844193,balanced,0.921434096717356,0.8935629283258559,0.8742807410390561,0.937360478655357,0.15023462200364512,0.9656084359156116
con_050,XGBoost,0.0,0,0.6496005058288574,fpr5,0.8316554190528185,0.8778932720675228,0.7795971827208062,0.8052337887587009,0.04944724462365546,0.9865376384079567
con_050,XGBoost,0.3,1,0.7064444422721863,balanced,0.834447911173748,0.896957359247756,0.7868479007093695,0.7987282265600281,0.004813508064516081,0.9986625765515972
con_050,XGBoost,0.3,1,0.5850478410720825,fpr5,0.8328470840547372,0.8784392201242508,0.7807768191727698,0.8067944348721572,0.04991599462365548,0.9864376803853689
con_050,XGBoost,1.0,2,0.643893301486969,balanced,0.8290195456019613,0.8933166040327394,0.7812160418528272,0.7922783693558013,0.005645161290322553,0.9984191199049876
con_050,XGBoost,1.0,2,0.5803548693656921,fpr5,0.826533814289835,0.8799061820345386,0.7756974008201869,0.7960353184357175,0.03622295436664014,0.989989184255674
con_051,XGBoost,0.0,0,0.6759604215621948,balanced,0.8518350055420526,0.9059728894381835,0.8046534616122663,0.8208990718871197,0.008953293010752539,0.9975821509190074
con_051,XGBoost,0.0,0,0.4885197877883911,fpr5,0.8509071090230692,0.8896838028346677,0.7998068068351978,0.8287489982735836,0.04938139260424812,0.9869318245523282
con_051,XGBoost,0.3,1,0.5807792544364929,balanced,0.8581219790925818,0.9117384652698393,0.8118430478603582,0.8274839869912912,0.0040070564516128115,0.9989250549727627
con_051,XGBoost,0.3,1,0.4318479299545288,fpr5,0.8562057163427808,0.8951346947841485,0.806069013282751,0.8339605858048557,0.043691196236558705,0.9884917589752548
con_051,XGBoost,1.0,2,0.5268359184265137,balanced,0.8627849842587149,0.9155191391258451,0.8171112173570705,0.8326511814774967,0.001612903225806428,0.9995697253222919
con_051,XGBoost,1.0,2,0.446260929107666,fpr5,0.8616806761519198,0.9086881835145839,0.8144842870258637,0.8348192433732537,0.017442876344085922,0.9953783047254486
