session_id,roi,speed_mm_min,displacement_mm_abs,contributing_cycles,median_within_cycle_cv,max_within_cycle_cv,expected_cycles,coverage_qualification,evidence_role
2026-08-06_144254_451441_1_R1_C1,1,200.0,1.75,20,0.20755927609039415,0.21935186470042647,20,complete-cycle-bin-coverage,hysteresis supporting component
2026-08-06_144909_491053_1_R1_C2,1,200.0,2.625,20,0.16442475350497496,0.2997703450743754,20,complete-cycle-bin-coverage,hysteresis supporting component
2026-08-06_150913_693123_1_R1_C3,1,200.0,3.5,20,0.24222356381884133,0.3662039257381096,20,complete-cycle-bin-coverage,hysteresis supporting component
2026-08-06_152926_414022_1_R1_C4,1,400.0,1.75,20,0.16122667209304625,0.3172448573997873,20,complete-cycle-bin-coverage,hysteresis supporting component
2026-08-06_154111_645036_1_R1_C5,1,400.0,2.625,20,0.25660580313718795,0.4176503877956091,20,complete-cycle-bin-coverage,hysteresis supporting component
2026-08-06_154622_006482_1_R1_C6,1,400.0,3.5,20,0.23787152479669088,0.33212059660796145,20,complete-cycle-bin-coverage,hysteresis supporting component
2026-08-06_155251_338554_1_R1_C7,1,600.0,1.75,20,0.14610105135544912,0.24337679148607683,20,complete-cycle-bin-coverage,hysteresis supporting component
2026-08-06_155959_900105_1_R1_C8,1,600.0,2.625,20,0.2104104336890666,0.34852904583398386,20,complete-cycle-bin-coverage,hysteresis supporting component
2026-08-06_160455_512944_1_R1_C9,1,600.0,3.5,20,0.2630527551260409,0.3701410280014991,20,complete-cycle-bin-coverage,hysteresis supporting component
2026-08-06_164216_084997_1_R2_C1,2,200.0,1.75,20,0.15524802039595142,0.29288224674470986,20,complete-cycle-bin-coverage,hysteresis supporting component
2026-08-06_165107_056573_1_R2_C2,2,200.0,2.625,20,0.18459773358063158,0.2641979535853774,20,complete-cycle-bin-coverage,hysteresis supporting component
2026-08-06_165621_343986_1_R2_C3,2,200.0,3.5,20,0.2185080718522874,0.28030150177366014,20,complete-cycle-bin-coverage,hysteresis supporting component
2026-08-06_170218_140499_1_R2_C4,2,400.0,1.75,20,0.21619116439799016,0.3730835192102601,20,complete-cycle-bin-coverage,hysteresis supporting component
2026-08-06_170518_492336_1_R2_C5,2,400.0,2.625,20,0.24137746982892538,0.4269382721568085,20,complete-cycle-bin-coverage,hysteresis supporting component
2026-08-06_170819_549765_1_R2_C6,2,400.0,3.5,20,0.2191901269792903,0.28613845169334945,20,complete-cycle-bin-coverage,hysteresis supporting component
2026-08-06_171152_415386_1_R2_C7,2,600.0,1.75,20,0.19067151471624605,0.2784132816737382,20,complete-cycle-bin-coverage,hysteresis supporting component
2026-08-06_171440_920025_1_R2_C8,2,600.0,2.625,20,0.19536216060717326,0.2746878113613805,20,complete-cycle-bin-coverage,hysteresis supporting component
2026-08-06_171648_486143_1_R2_C9,2,600.0,3.5,20,0.249846927397249,0.3272769003913473,20,complete-cycle-bin-coverage,hysteresis supporting component
2026-08-06_173509_505304_1_R3_C1,3,200.0,1.75,20,0.17270066204437318,0.35242982967573505,20,complete-cycle-bin-coverage,hysteresis supporting component
2026-08-06_173802_716278_1_R3_C2,3,200.0,2.625,20,0.20709289491115468,0.28322977960693274,20,complete-cycle-bin-coverage,hysteresis supporting component
2026-08-06_174053_419889_1_R3_C3,3,200.0,3.5,20,0.230522519624331,0.33915580083183344,20,complete-cycle-bin-coverage,hysteresis supporting component
2026-08-06_174715_654572_1_R3_C4,3,400.0,1.75,20,0.2687543385675978,0.3198914897224833,20,complete-cycle-bin-coverage,hysteresis supporting component
2026-08-06_174942_221340_1_R3_C5,3,400.0,2.625,20,0.21042197738921045,0.3198487857451587,20,complete-cycle-bin-coverage,hysteresis supporting component
2026-08-06_185641_699282_1_R3_C6,3,400.0,3.5,20,0.09778742329783469,0.2376535827044865,20,complete-cycle-bin-coverage,hysteresis supporting component
2026-08-06_185929_681648_1_R3_C7,3,600.0,1.75,20,0.07950484958381371,0.09815939631966455,20,complete-cycle-bin-coverage,hysteresis supporting component
2026-08-06_190205_982848_1_R3_C8,3,600.0,2.625,20,0.09636812687741067,0.11496372275740387,20,complete-cycle-bin-coverage,hysteresis supporting component
2026-08-06_190724_390600_1_R3_C9,3,600.0,3.5,20,0.11657539183114388,0.29616217538893624,20,complete-cycle-bin-coverage,hysteresis supporting component
2026-08-06_191115_902071_1_R4_C1,4,200.0,1.75,20,0.07636887841922278,0.11778553370022916,20,complete-cycle-bin-coverage,hysteresis supporting component
2026-08-06_191358_881488_1_R4_C2,4,200.0,2.625,20,0.07535995209824554,0.09948373617118646,20,complete-cycle-bin-coverage,hysteresis supporting component
2026-08-06_192118_888808_1_R4_C3,4,200.0,3.5,20,0.09895850984648259,0.1516301669816318,20,complete-cycle-bin-coverage,hysteresis supporting component
2026-08-06_192659_980626_1_R4_C4,4,400.0,1.75,20,0.0889373957514754,0.1414784806148402,20,complete-cycle-bin-coverage,hysteresis supporting component
2026-08-06_192914_525462_1_R4_C5,4,400.0,2.625,20,0.09339684491779728,0.1637187315822498,20,complete-cycle-bin-coverage,hysteresis supporting component
2026-08-06_193335_273481_1_R4_C6,4,400.0,3.5,20,0.13184377788106533,0.17387696166988154,20,complete-cycle-bin-coverage,hysteresis supporting component
2026-08-06_193621_292128_1_R4_C7,4,600.0,1.75,19,0.09108082803275357,0.10952471753053807,20,partial-cycle-bin-coverage,hysteresis supporting component
2026-08-06_194249_708059_1_R4_C8,4,600.0,2.625,20,0.09982307757981579,0.15278933975982215,20,complete-cycle-bin-coverage,hysteresis supporting component
2026-08-06_194530_798719_1_R4_C9,4,600.0,3.5,20,0.12892553690114944,0.21422712351970463,20,complete-cycle-bin-coverage,hysteresis supporting component
2026-08-06_194830_490665_1_R5_C1,5,200.0,1.75,20,0.08680467870222079,0.11922981046698228,20,complete-cycle-bin-coverage,hysteresis supporting component
2026-08-06_195131_049166_1_R5_C2,5,200.0,2.625,20,0.09700068905371328,0.11357276980029565,20,complete-cycle-bin-coverage,hysteresis supporting component
2026-08-06_195403_454504_1_R5_C3,5,200.0,3.5,20,0.0668393868818278,0.07590794400559511,20,complete-cycle-bin-coverage,hysteresis supporting component
2026-08-06_195745_434078_1_R5_C4,5,400.0,1.75,20,0.09009143180347634,0.09785182196120004,20,complete-cycle-bin-coverage,hysteresis supporting component
2026-08-06_200232_791572_1_R5_C5,5,400.0,2.625,20,0.0889297164227427,0.09423437190383155,20,complete-cycle-bin-coverage,hysteresis supporting component
2026-08-06_200455_454425_1_R5_C6,5,400.0,3.5,20,0.08617157597673414,0.10953303097695695,20,complete-cycle-bin-coverage,hysteresis supporting component
2026-08-06_201033_905050_1_R5_C7,5,600.0,1.75,20,0.07062008271356292,0.09173420818939022,20,complete-cycle-bin-coverage,hysteresis supporting component
2026-08-06_201304_772051_1_R5_C8,5,600.0,2.625,20,0.11190043449024717,0.15274001052523511,20,complete-cycle-bin-coverage,hysteresis supporting component
2026-08-06_202208_781184_1_R5_C9,5,600.0,3.5,20,0.11683673981611209,0.16248758368456317,20,complete-cycle-bin-coverage,hysteresis supporting component
2026-08-06_202937_503280_1_R6_C1,6,200.0,1.75,20,0.08001274591582375,0.16604100383223566,20,complete-cycle-bin-coverage,hysteresis supporting component
2026-08-06_203241_232640_1_R6_C2,6,200.0,2.625,20,0.09934214127277653,0.16546813086608897,20,complete-cycle-bin-coverage,hysteresis supporting component
2026-08-06_203541_327988_1_R6_C3,6,200.0,3.5,20,0.10004481949178531,0.15531940419035978,20,complete-cycle-bin-coverage,hysteresis supporting component
2026-08-06_203834_012908_1_R6_C4,6,400.0,1.75,20,0.11326348007967757,0.1864808348279433,20,complete-cycle-bin-coverage,hysteresis supporting component
2026-08-06_204358_285902_1_R6_C5,6,400.0,2.625,20,0.11165147892669179,0.15381855575090495,20,complete-cycle-bin-coverage,hysteresis supporting component
2026-08-06_204614_459866_1_R6_C6,6,400.0,3.5,20,0.10568170387946593,0.15700106306320186,20,complete-cycle-bin-coverage,hysteresis supporting component
2026-08-06_204846_576213_1_R6_C7,6,600.0,1.75,20,0.06413514915508202,0.07767738192007806,20,complete-cycle-bin-coverage,hysteresis supporting component
2026-08-06_205041_958053_1_R6_C8,6,600.0,2.625,20,0.09593488557093505,0.15802390551989773,20,complete-cycle-bin-coverage,hysteresis supporting component
2026-08-06_205305_219434_1_R6_C9,6,600.0,3.5,20,0.13335447609883505,0.22132109677238887,20,complete-cycle-bin-coverage,hysteresis supporting component
2026-08-07_094240_670545_1_R7_C1,7,200.0,1.75,20,0.09273665548272292,0.15324254447248212,20,complete-cycle-bin-coverage,hysteresis supporting component
2026-08-07_094528_762418_1_R7_C2,7,200.0,2.625,20,0.09292103973116285,0.15245683762087678,20,complete-cycle-bin-coverage,hysteresis supporting component
2026-08-07_094818_406548_1_R7_C3,7,200.0,3.5,20,0.11565448982101804,0.20384466155143366,20,complete-cycle-bin-coverage,hysteresis supporting component
2026-08-07_095053_424037_1_R7_C4,7,400.0,1.75,20,0.10350973004884052,0.20992310968355984,20,complete-cycle-bin-coverage,hysteresis supporting component
2026-08-07_095436_287372_1_R7_C5,7,400.0,2.625,20,0.10710200226617621,0.1605483637137785,20,complete-cycle-bin-coverage,hysteresis supporting component
2026-08-07_095653_974863_1_R7_C6,7,400.0,3.5,20,0.11125585021420556,0.2760238100332974,20,complete-cycle-bin-coverage,hysteresis supporting component
2026-08-07_095957_373755_1_R7_C7,7,600.0,1.75,20,0.07718415732467407,0.10228535679119459,20,complete-cycle-bin-coverage,hysteresis supporting component
2026-08-07_100214_041362_1_R7_C8,7,600.0,2.625,20,0.12406296309217033,0.1427643059326925,20,complete-cycle-bin-coverage,hysteresis supporting component
2026-08-07_100416_759979_1_R7_C9,7,600.0,3.5,19,0.10697898779816754,0.15140284723137015,20,partial-cycle-bin-coverage,hysteresis supporting component
2026-08-07_100731_125330_1_R8_C1,8,200.0,1.75,20,0.0646412156473691,0.10373253481956513,20,complete-cycle-bin-coverage,hysteresis supporting component
2026-08-07_101009_300632_1_R8_C2,8,200.0,2.625,20,0.09465250742257934,0.16885506647548187,20,complete-cycle-bin-coverage,hysteresis supporting component
2026-08-07_101257_411774_1_R8_C3,8,200.0,3.5,20,0.0876001512686905,0.17290926974764684,20,complete-cycle-bin-coverage,hysteresis supporting component
2026-08-07_101531_828063_1_R8_C4,8,400.0,1.75,20,0.09353457307177071,0.13043226621345635,20,complete-cycle-bin-coverage,hysteresis supporting component
2026-08-07_101740_121167_1_R8_C5,8,400.0,2.625,20,0.08463938879960738,0.11587375533543051,20,complete-cycle-bin-coverage,hysteresis supporting component
2026-08-07_102007_014740_1_R8_C6,8,400.0,3.5,20,0.10195240964190408,0.13573178320585327,20,complete-cycle-bin-coverage,hysteresis supporting component
2026-08-07_102231_135842_1_R8_C7,8,600.0,1.75,20,0.06578134608726532,0.1288606969879633,20,complete-cycle-bin-coverage,hysteresis supporting component
2026-08-07_102422_750493_1_R8_C8,8,600.0,2.625,20,0.1030813454204696,0.15327773542859807,20,complete-cycle-bin-coverage,hysteresis supporting component
2026-08-07_102613_098259_1_R8_C9,8,600.0,3.5,20,0.10270442241409378,0.1439801131188411,20,complete-cycle-bin-coverage,hysteresis supporting component
2026-08-07_103221_876936_1_R9_C1,9,200.0,1.75,20,0.0822692370205033,0.08883367056989129,20,complete-cycle-bin-coverage,hysteresis supporting component
2026-08-07_103441_167892_1_R9_C2,9,200.0,2.625,20,0.07074974996493934,0.09292508719134256,20,complete-cycle-bin-coverage,hysteresis supporting component
2026-08-07_103650_255736_1_R9_C3,9,200.0,3.5,20,0.07902410986005956,0.1310917159928499,20,complete-cycle-bin-coverage,hysteresis supporting component
2026-08-07_103945_858185_1_R9_C4,9,400.0,1.75,20,0.09117936219445989,0.15176733048568616,20,complete-cycle-bin-coverage,hysteresis supporting component
2026-08-07_104144_165197_1_R9_C5,9,400.0,2.625,20,0.09168540867395025,0.14456654869724445,20,complete-cycle-bin-coverage,hysteresis supporting component
2026-08-07_104339_334149_1_R9_C6,9,400.0,3.5,20,0.12649436041999013,0.1694909461928224,20,complete-cycle-bin-coverage,hysteresis supporting component
2026-08-07_104553_398347_1_R9_C7,9,600.0,1.75,20,0.07146068753949594,0.10437690102333162,20,complete-cycle-bin-coverage,hysteresis supporting component
2026-08-07_104753_096796_1_R9_C8,9,600.0,2.625,20,0.10206286594828651,0.14413345182907775,20,complete-cycle-bin-coverage,hysteresis supporting component
2026-08-07_104950_940412_1_R9_C9,9,600.0,3.5,20,0.10949762754351479,0.1792476457106044,20,complete-cycle-bin-coverage,hysteresis supporting component
2026-08-07_105648_296214_1_R9_C1_10,9,200.0,1.75,10,0.06873590205990164,0.12709380342769155,10,complete-cycle-bin-coverage,hysteresis supporting component
2026-08-07_105802_547467_1_R9_C2_10,9,200.0,2.625,10,0.07429600285124141,0.14373659823351212,10,complete-cycle-bin-coverage,hysteresis supporting component
2026-08-07_105919_843572_1_R9_C3_10,9,200.0,3.5,10,0.09936785820283231,0.12494759549623026,10,complete-cycle-bin-coverage,hysteresis supporting component
2026-08-07_110055_692031_1_R9_C4_10,9,400.0,1.75,10,0.06556708787756306,0.1176779898737971,10,complete-cycle-bin-coverage,hysteresis supporting component
2026-08-07_110207_287853_1_R9_C5_10,9,400.0,2.625,10,0.09276735560183712,0.13344218846354405,10,complete-cycle-bin-coverage,hysteresis supporting component
2026-08-07_110347_071170_1_R9_C6_10,9,400.0,3.5,10,0.09652703717151695,0.1891083242335088,10,complete-cycle-bin-coverage,hysteresis supporting component
2026-08-07_110513_841199_1_R9_C7_10,9,600.0,1.75,10,0.05498426555643862,0.06374631307557152,10,complete-cycle-bin-coverage,hysteresis supporting component
2026-08-07_110625_821668_1_R9_C8_10,9,600.0,2.625,10,0.09247872885565633,0.19693519336623716,10,complete-cycle-bin-coverage,hysteresis supporting component
2026-08-07_110748_800932_1_R9_C9_10,9,600.0,3.5,10,0.09522226665625386,0.16274299686160773,10,complete-cycle-bin-coverage,hysteresis supporting component
2026-08-07_123435_699757_1_R8_C1_10,8,200.0,1.75,10,0.08294539277985498,0.16096563879398354,10,complete-cycle-bin-coverage,hysteresis supporting component
2026-08-07_123619_614408_1_R8_C2_10,8,200.0,2.625,10,0.1024946081494573,0.17354249781000955,10,complete-cycle-bin-coverage,hysteresis supporting component
2026-08-07_123814_851482_1_R8_C3_10,8,200.0,3.5,10,0.11080494762053167,0.22852308332950463,10,complete-cycle-bin-coverage,hysteresis supporting component
2026-08-07_124122_519050_1_R8_C4_10,8,400.0,1.75,10,0.0886131564245581,0.2073585607657236,10,complete-cycle-bin-coverage,hysteresis supporting component
2026-08-07_124257_772512_1_R8_C5_10,8,400.0,2.625,9,0.10376114360600447,0.2543416911068917,10,partial-cycle-bin-coverage,hysteresis supporting component
2026-08-07_124601_232759_1_R8_C6_10,8,400.0,3.5,9,0.09283819337308923,0.24961323634065952,10,partial-cycle-bin-coverage,hysteresis supporting component
2026-08-07_124904_883403_1_R8_C7_10,8,600.0,1.75,10,0.04620048877934027,0.08023585240485226,10,complete-cycle-bin-coverage,hysteresis supporting component
2026-08-07_125056_967138_1_R8_C8_10,8,600.0,2.625,10,0.10234410099746682,0.15330553981922224,10,complete-cycle-bin-coverage,hysteresis supporting component
2026-08-07_125220_451550_1_R8_C9_10,8,600.0,3.5,10,0.11423588078931611,0.1790081324986882,10,complete-cycle-bin-coverage,hysteresis supporting component
2026-08-07_134120_489574_1_R7_C1_10,7,200.0,1.75,10,2.122922450501845,3.0,10,complete-cycle-bin-coverage,hysteresis supporting component
2026-08-07_134258_312163_1_R7_C2_10,7,200.0,2.625,10,3.162277660168379,3.1622776601683795,10,complete-cycle-bin-coverage,hysteresis supporting component
2026-08-07_134426_185463_1_R7_C3_10,7,200.0,3.5,10,2.209477858635469,2.209477858635469,10,complete-cycle-bin-coverage,hysteresis supporting component
2026-08-07_134606_024401_1_R7_C4_10,7,400.0,1.75,10,,,10,complete-cycle-bin-coverage,hysteresis supporting component
2026-08-07_134729_621602_1_R7_C5_10,7,400.0,2.625,10,,,10,complete-cycle-bin-coverage,hysteresis supporting component
2026-08-07_134849_142666_1_R7_C6_10,7,400.0,3.5,10,,,10,complete-cycle-bin-coverage,hysteresis supporting component
2026-08-07_135023_601951_1_R7_C7_10,7,600.0,1.75,10,,,10,complete-cycle-bin-coverage,hysteresis supporting component
2026-08-07_135138_998584_1_R7_C8_10,7,600.0,2.625,10,,,10,complete-cycle-bin-coverage,hysteresis supporting component
2026-08-07_135241_805113_1_R7_C9_10,7,600.0,3.5,10,,,10,complete-cycle-bin-coverage,hysteresis supporting component
2026-08-07_135536_092435_1_R6_C1_10,6,200.0,1.75,10,,,10,complete-cycle-bin-coverage,hysteresis supporting component
2026-08-07_135707_048188_1_R6_C2_10,6,200.0,2.625,10,,,10,complete-cycle-bin-coverage,hysteresis supporting component
2026-08-07_135821_173621_1_R6_C3_10,6,200.0,3.5,10,,,10,complete-cycle-bin-coverage,hysteresis supporting component
2026-08-07_135952_640577_1_R6_C4_10,6,400.0,1.75,10,,,10,complete-cycle-bin-coverage,hysteresis supporting component
2026-08-07_140114_451664_1_R6_C5_10,6,400.0,2.625,10,,,10,complete-cycle-bin-coverage,hysteresis supporting component
2026-08-07_140221_558208_1_R6_C6_10,6,400.0,3.5,10,,,10,complete-cycle-bin-coverage,hysteresis supporting component
2026-08-07_140358_124283_1_R6_C7_10,6,600.0,1.75,10,,,10,complete-cycle-bin-coverage,hysteresis supporting component
2026-08-07_140514_509041_1_R6_C8_10,6,600.0,2.625,10,,,10,complete-cycle-bin-coverage,hysteresis supporting component
2026-08-07_140619_186445_1_R6_C9_10,6,600.0,3.5,10,,,10,complete-cycle-bin-coverage,hysteresis supporting component
2026-08-07_140827_356397_1_R5_C1_10,5,200.0,1.75,10,,,10,complete-cycle-bin-coverage,hysteresis supporting component
2026-08-07_140946_637079_1_R5_C2_10,5,200.0,2.625,10,,,10,complete-cycle-bin-coverage,hysteresis supporting component
2026-08-07_141105_019594_1_R5_C3_10,5,200.0,3.5,10,,,10,complete-cycle-bin-coverage,hysteresis supporting component
2026-08-07_141238_342189_1_R5_C4_10,5,400.0,1.75,10,,,10,complete-cycle-bin-coverage,hysteresis supporting component
2026-08-07_141341_745844_1_R5_C5_10,5,400.0,2.625,10,,,10,complete-cycle-bin-coverage,hysteresis supporting component
2026-08-07_141459_959333_1_R5_C6_10,5,400.0,3.5,10,,,10,complete-cycle-bin-coverage,hysteresis supporting component
2026-08-07_141603_725937_1_R5_C7_10,5,600.0,1.75,10,,,10,complete-cycle-bin-coverage,hysteresis supporting component
2026-08-07_141730_372163_1_R5_C8_10,5,600.0,2.625,10,,,10,complete-cycle-bin-coverage,hysteresis supporting component
2026-08-07_141909_581407_1_R5_C9_10,5,600.0,3.5,10,,,10,complete-cycle-bin-coverage,hysteresis supporting component
2026-08-07_142150_188860_1_R4_C1_10,4,200.0,1.75,10,,,10,complete-cycle-bin-coverage,hysteresis supporting component
2026-08-07_142331_778138_1_R4_C2_10,4,200.0,2.625,10,,,10,complete-cycle-bin-coverage,hysteresis supporting component
2026-08-07_142448_171570_1_R4_C3_10,4,200.0,3.5,10,,,10,complete-cycle-bin-coverage,hysteresis supporting component
2026-08-07_142628_905280_1_R4_C4_10,4,400.0,1.75,10,,,10,complete-cycle-bin-coverage,hysteresis supporting component
2026-08-07_142725_765637_1_R4_C5_10,4,400.0,2.625,10,,,10,complete-cycle-bin-coverage,hysteresis supporting component
2026-08-07_142829_384154_1_R4_C6_10,4,400.0,3.5,10,,,10,complete-cycle-bin-coverage,hysteresis supporting component
2026-08-07_142948_893571_1_R4_C7_10,4,600.0,1.75,10,,,10,complete-cycle-bin-coverage,hysteresis supporting component
2026-08-07_143104_921482_1_R4_C8_10,4,600.0,2.625,10,,,10,complete-cycle-bin-coverage,hysteresis supporting component
2026-08-07_143211_557162_1_R4_C9_10,4,600.0,3.5,10,,,10,complete-cycle-bin-coverage,hysteresis supporting component
2026-08-07_143439_978377_1_R3_C1_10,3,200.0,1.75,10,2.0395332598208595,2.358143394605259,10,complete-cycle-bin-coverage,hysteresis supporting component
2026-08-07_143559_165814_1_R3_C2_10,3,200.0,2.625,10,1.4418904653462459,3.1622776601683795,10,complete-cycle-bin-coverage,hysteresis supporting component
2026-08-07_143708_058660_1_R3_C3_10,3,200.0,3.5,10,1.638619976022789,3.1622776601683795,10,complete-cycle-bin-coverage,hysteresis supporting component
2026-08-07_143834_343810_1_R3_C4_10,3,400.0,1.75,10,2.6938958151909174,2.82842712474619,10,complete-cycle-bin-coverage,hysteresis supporting component
2026-08-07_143951_031030_1_R3_C5_10,3,400.0,2.625,10,1.5954252177101909,3.0443801813678317,10,complete-cycle-bin-coverage,hysteresis supporting component
2026-08-07_144054_585104_1_R3_C6_10,3,400.0,3.5,10,1.84792011230211,2.6501974950851883,10,complete-cycle-bin-coverage,hysteresis supporting component
2026-08-07_144200_325579_1_R3_C7_10,3,600.0,1.75,10,1.5868934379706745,1.736967371795029,10,complete-cycle-bin-coverage,hysteresis supporting component
2026-08-07_144307_932339_1_R3_C8_10,3,600.0,2.625,10,1.258544004388724,1.8421166605364618,10,complete-cycle-bin-coverage,hysteresis supporting component
2026-08-07_144428_518012_1_R3_C9_10,3,600.0,3.5,10,1.4142135623730951,2.449489742783178,10,complete-cycle-bin-coverage,hysteresis supporting component
2026-08-07_144631_897061_1_R2_C1_10,2,200.0,1.75,10,,,10,complete-cycle-bin-coverage,hysteresis supporting component
2026-08-07_144756_980761_1_R2_C2_10,2,200.0,2.625,10,3.1622776601683795,3.1622776601683795,10,complete-cycle-bin-coverage,hysteresis supporting component
2026-08-07_144902_920168_1_R2_C3_10,2,200.0,3.5,10,,,10,complete-cycle-bin-coverage,hysteresis supporting component
2026-08-07_145023_400029_1_R2_C4_10,2,400.0,1.75,10,,,10,complete-cycle-bin-coverage,hysteresis supporting component
2026-08-07_145129_967571_1_R2_C5_10,2,400.0,2.625,10,2.995352392457285,3.1622776601683795,10,complete-cycle-bin-coverage,hysteresis supporting component
2026-08-07_145235_712747_1_R2_C6_10,2,400.0,3.5,10,3.162277660168379,3.162277660168379,10,complete-cycle-bin-coverage,hysteresis supporting component
2026-08-07_145400_245009_1_R2_C7_10,2,600.0,1.75,10,,,10,complete-cycle-bin-coverage,hysteresis supporting component
2026-08-07_145458_654619_1_R2_C8_10,2,600.0,2.625,10,2.449489742783178,2.449489742783178,10,complete-cycle-bin-coverage,hysteresis supporting component
2026-08-07_145613_571627_1_R2_C9_10,2,600.0,3.5,10,2.889871946172419,3.16227766016838,10,complete-cycle-bin-coverage,hysteresis supporting component
2026-08-07_145838_520114_1_R1_C1_10,1,200.0,1.75,10,0.5180954990817866,0.6459777073527353,10,complete-cycle-bin-coverage,hysteresis supporting component
2026-08-07_145956_431473_1_R1_C2_10,1,200.0,2.625,10,0.4861055298101924,0.7171991740002739,10,complete-cycle-bin-coverage,hysteresis supporting component
2026-08-07_150122_586242_1_R1_C3_10,1,200.0,3.5,10,0.32719526579014624,0.47118564140037283,10,complete-cycle-bin-coverage,hysteresis supporting component
2026-08-07_150245_907207_1_R1_C4_10,1,400.0,1.75,10,0.8164196233572828,0.8498360754944125,10,complete-cycle-bin-coverage,hysteresis supporting component
2026-08-07_150348_209187_1_R1_C5_10,1,400.0,2.625,10,0.48886208514707596,0.7797580005501288,10,complete-cycle-bin-coverage,hysteresis supporting component
2026-08-07_150452_569537_1_R1_C6_10,1,400.0,3.5,10,0.524902453236965,0.9433893663832985,10,complete-cycle-bin-coverage,hysteresis supporting component
2026-08-07_150600_763161_1_R1_C7_10,1,600.0,1.75,10,0.35019159167207675,0.5300139079016651,10,complete-cycle-bin-coverage,hysteresis supporting component
2026-08-07_150706_349207_1_R1_C8_10,1,600.0,2.625,10,0.3966392419521767,0.6788368033113081,10,complete-cycle-bin-coverage,hysteresis supporting component
2026-08-07_150828_746134_1_R1_C9_10,1,600.0,3.5,10,0.48859995920866883,0.6150176406802562,10,complete-cycle-bin-coverage,hysteresis supporting component
