target_roi,measured_roi,force_bin_N,independent_sessions,median_response,median_share_total,median_relative_target
1,1,0.125,6,8.0,0.08779857972885732,1.0
1,1,0.375,3,0.0,0.3272186065429027,1.0
1,1,0.625,4,95.5,0.281437125748503,1.0
1,1,0.875,3,0.0,0.23950695867302482,1.0
1,1,1.125,5,6.5,0.2947622735535666,1.0
1,1,1.375,4,348.25,0.68959392417468,1.0
1,1,1.625,5,164.0,0.6829075840381235,1.0
1,1,1.875,5,2.0,0.7363618079197297,1.0
1,1,2.125,5,464.5,1.0,1.0
1,1,2.375,4,441.25,0.8754102336898861,1.0
1,1,2.625,6,438.0,0.6772212841691949,1.0
1,1,2.875,6,782.0,0.9455228139035676,1.0
1,1,3.125,6,677.5,0.9711359404096834,1.0
1,1,3.375,5,925.0,1.0,1.0
1,1,3.625,6,1311.25,0.9792954264524104,1.0
1,1,3.875,6,1140.0,1.0,1.0
1,1,4.125,6,1361.5,1.0,1.0
1,1,4.375,6,1120.5,1.0,1.0
1,1,4.625,6,1603.25,1.0,1.0
1,1,4.875,6,1214.0,1.0,1.0
1,2,0.125,6,0.0,0.09961685823754789,0.25437653481029476
1,2,0.375,3,0.0,0.09991877330652285,0.2287681713848508
1,2,0.625,4,122.5,0.057889716508329664,0.10512950736414424
1,2,0.875,3,317.5,0.3039084420718786,0.18454644126042552
1,2,1.125,5,0.0,0.030454487012533102,0.09153278352857988
1,2,1.375,4,30.5,0.03944935278405589,0.06100773217775512
1,2,1.625,5,0.0,0.012033195020746889,0.027410207939508508
1,2,1.875,5,0.0,0.0,0.0
1,2,2.125,5,0.0,0.0,0.0
1,2,2.375,4,0.0,0.0,0.0
1,2,2.625,6,35.5,0.014671732605279573,0.018550069340874054
1,2,2.875,6,0.0,0.007816685335800906,0.00817459509014974
1,2,3.125,6,0.0,0.0,0.0
1,2,3.375,5,0.0,0.0,0.0
1,2,3.625,6,16.75,0.012785072563925363,0.01564009661835749
1,2,3.875,6,0.0,0.0,0.0
1,2,4.125,6,0.0,0.0,0.0
1,2,4.375,6,0.0,0.0,0.0
1,2,4.625,6,0.0,0.0,0.0
1,2,4.875,6,0.0,0.0,0.0
1,3,0.125,6,135.5,0.40606843124596514,4.625
1,3,0.375,3,0.0,0.1691507851579026,0.4586247086247086
1,3,0.625,4,123.0,0.1748476946448421,0.5478723404255319
1,3,0.875,3,387.0,0.3173043121693177,0.3354513365493276
1,3,1.125,5,0.0,0.05348547410131885,0.17867898842908536
1,3,1.375,4,191.75,0.12012987012987013,0.18849116447666517
1,3,1.625,5,31.0,0.10019805424564154,0.092703578310104
1,3,1.875,5,180.5,0.1378915202444614,0.05130552093141215
1,3,2.125,5,0.0,0.0,0.0
1,3,2.375,4,5.75,0.03836068629877803,0.04418716417238571
1,3,2.625,6,0.25,0.03770359093325601,0.0
1,3,2.875,6,0.0,0.0,0.0
1,3,3.125,6,0.0,0.0,0.0
1,3,3.375,5,0.0,0.0,0.0
1,3,3.625,6,0.0,0.0,0.0
1,3,3.875,6,0.0,0.0,0.0
1,3,4.125,6,0.0,0.0,0.0
1,3,4.375,6,0.0,0.0,0.0
1,3,4.625,6,0.0,0.0,0.0
1,3,4.875,6,0.0,0.0,0.0
1,4,0.125,6,0.0,0.0,0.0
1,4,0.375,3,0.0,0.0,0.0
1,4,0.625,4,0.0,0.0,0.0
1,4,0.875,3,0.0,0.0014446943353524696,0.005791611451373661
1,4,1.125,5,0.0,0.0,0.0
1,4,1.375,4,0.0,0.0,0.0
1,4,1.625,5,0.0,0.0,0.0
1,4,1.875,5,0.0,0.0,0.0
1,4,2.125,5,0.0,0.0,0.0
1,4,2.375,4,0.0,0.0,0.0
1,4,2.625,6,0.0,0.0,0.0
1,4,2.875,6,0.0,0.0,0.0
1,4,3.125,6,0.0,0.0,0.0
1,4,3.375,5,0.0,0.0,0.0
1,4,3.625,6,0.0,0.0,0.0
1,4,3.875,6,0.0,0.0,0.0
1,4,4.125,6,0.0,0.0,0.0
1,4,4.375,6,0.0,0.0,0.0
1,4,4.625,6,0.0,0.0,0.0
1,4,4.875,6,0.0,0.0,0.0
1,5,0.125,6,0.0,0.0,0.0
1,5,0.375,3,0.0,0.0,0.0
1,5,0.625,4,0.0,0.0,0.0
1,5,0.875,3,0.0,0.0008793039614957423,0.008023648648648648
1,5,1.125,5,0.0,0.0,0.0
1,5,1.375,4,0.0,0.0,0.0
1,5,1.625,5,0.0,0.0,0.0
1,5,1.875,5,0.0,0.0,0.0
1,5,2.125,5,0.0,0.0,0.0
1,5,2.375,4,0.0,0.0,0.0
1,5,2.625,6,0.0,0.0,0.0
1,5,2.875,6,0.0,0.0,0.0
1,5,3.125,6,0.0,0.0,0.0
1,5,3.375,5,0.0,0.0,0.0
1,5,3.625,6,0.0,0.0,0.0
1,5,3.875,6,0.0,0.0,0.0
1,5,4.125,6,0.0,0.0,0.0
1,5,4.375,6,0.0,0.0,0.0
1,5,4.625,6,0.0,0.0,0.0
1,5,4.875,6,0.0,0.0,0.0
1,6,0.125,6,0.0,0.0,0.0
1,6,0.375,3,0.0,0.1449899100552052,0.486610558530987
1,6,0.625,4,0.0,0.0,0.0
1,6,0.875,3,0.0,0.04911596871116575,0.19995525385808355
1,6,1.125,5,0.0,0.0,0.0
1,6,1.375,4,0.0,0.0,0.0
1,6,1.625,5,0.0,0.0,0.0
1,6,1.875,5,0.0,0.0,0.0
1,6,2.125,5,0.0,0.0,0.0
1,6,2.375,4,0.0,0.0,0.0
1,6,2.625,6,0.0,0.0,0.0
1,6,2.875,6,0.0,0.0,0.0
1,6,3.125,6,0.0,0.0,0.0
1,6,3.375,5,0.0,0.0,0.0
1,6,3.625,6,0.0,0.0,0.0
1,6,3.875,6,0.0,0.0,0.0
1,6,4.125,6,0.0,0.0,0.0
1,6,4.375,6,0.0,0.0,0.0
1,6,4.625,6,0.0,0.0,0.0
1,6,4.875,6,0.0,0.0,0.0
1,7,0.125,6,0.0,0.0,0.0
1,7,0.375,3,0.0,0.05843072354800044,0.10772357723577236
1,7,0.625,4,0.0,0.0,0.0
1,7,0.875,3,0.0,0.023427752396425812,0.1103640664648973
1,7,1.125,5,0.0,0.0,0.0
1,7,1.375,4,0.0,0.0,0.0
1,7,1.625,5,0.0,0.0,0.0
1,7,1.875,5,0.0,0.0,0.0
1,7,2.125,5,0.0,0.0,0.0
1,7,2.375,4,0.0,0.0,0.0
1,7,2.625,6,0.0,0.0,0.0
1,7,2.875,6,0.0,0.0,0.0
1,7,3.125,6,0.0,0.0,0.0
1,7,3.375,5,0.0,0.0,0.0
1,7,3.625,6,0.0,0.0,0.0
1,7,3.875,6,0.0,0.0,0.0
1,7,4.125,6,0.0,0.0,0.0
1,7,4.375,6,0.0,0.0,0.0
1,7,4.625,6,0.0,0.0,0.0
1,7,4.875,6,0.0,0.0,0.0
1,8,0.125,6,0.0,0.0,0.0
1,8,0.375,3,0.0,0.0,0.0
1,8,0.625,4,0.0,0.0,0.0
1,8,0.875,3,0.0,0.0019792605298728904,0.011107330245219644
1,8,1.125,5,0.0,0.0,0.0
1,8,1.375,4,0.0,0.0,0.0
1,8,1.625,5,0.0,0.0,0.0
1,8,1.875,5,0.0,0.0,0.0
1,8,2.125,5,0.0,0.0,0.0
1,8,2.375,4,0.0,0.0,0.0
1,8,2.625,6,0.0,0.0,0.0
1,8,2.875,6,0.0,0.0,0.0
1,8,3.125,6,0.0,0.0,0.0
1,8,3.375,5,0.0,0.0,0.0
1,8,3.625,6,0.0,0.0,0.0
1,8,3.875,6,0.0,0.0,0.0
1,8,4.125,6,0.0,0.0,0.0
1,8,4.375,6,0.0,0.0,0.0
1,8,4.625,6,0.0,0.0,0.0
1,8,4.875,6,0.0,0.0,0.0
1,9,0.125,6,0.0,0.0,0.0
1,9,0.375,3,0.0,0.04731032251586921,0.11865671641791045
1,9,0.625,4,0.0,0.0,0.0
1,9,0.875,3,0.0,0.011647165152951076,0.04110747534334962
1,9,1.125,5,0.0,0.0,0.0
1,9,1.375,4,0.0,0.0,0.0
1,9,1.625,5,0.0,0.0,0.0
1,9,1.875,5,0.0,0.0,0.0
1,9,2.125,5,0.0,0.0,0.0
1,9,2.375,4,0.0,0.0,0.0
1,9,2.625,6,0.0,0.0,0.0
1,9,2.875,6,0.0,0.0,0.0
1,9,3.125,6,0.0,0.0,0.0
1,9,3.375,5,0.0,0.0,0.0
1,9,3.625,6,0.0,0.0,0.0
1,9,3.875,6,0.0,0.0,0.0
1,9,4.125,6,0.0,0.0,0.0
1,9,4.375,6,0.0,0.0,0.0
1,9,4.625,6,0.0,0.0,0.0
1,9,4.875,6,0.0,0.0,0.0
2,1,0.125,5,0.0,0.08336704262654891,1.1343445287107259
2,1,0.375,3,0.0,0.28169014084507044,1.0785714285714285
2,1,0.625,4,0.0,0.12024533529692007,0.9682680773733847
2,1,0.875,3,0.0,0.22836676843770926,0.649104320337197
2,1,1.125,5,0.0,0.11691603103665257,0.6291739894551845
2,1,1.375,3,0.0,0.0,0.22443762781186094
2,1,1.625,6,0.0,0.0,0.0
2,1,1.875,5,0.0,0.0,0.0
2,1,2.125,5,0.0,0.0,0.0
2,1,2.375,5,0.0,0.0,0.0
2,1,2.625,5,0.0,0.0,0.0
2,1,2.875,6,0.0,0.0,0.0
2,1,3.125,6,0.0,0.0,0.0
2,1,3.375,5,0.0,0.0,0.0
2,1,3.625,6,0.0,0.0,0.0
2,1,3.875,6,0.0,0.0,0.0
2,1,4.125,6,0.0,0.0,0.0
2,1,4.375,6,0.0,0.0,0.0
2,1,4.625,6,0.0,0.0,0.0
2,1,4.875,6,0.0,0.0,0.0
2,2,0.125,5,0.0,0.07845562225064619,1.0
2,2,0.375,3,0.0,0.25862068965517243,1.0
2,2,0.625,4,0.0,0.13157997675699062,1.0
2,2,0.875,3,0.0,0.35912105876382794,1.0
2,2,1.125,5,0.0,0.16965850831586338,1.0
2,2,1.375,3,0.0,0.45419309372797745,1.0
2,2,1.625,6,29.5,1.0,1.0
2,2,1.875,5,258.0,1.0,1.0
2,2,2.125,5,1139.0,1.0,1.0
2,2,2.375,5,987.0,1.0,1.0
2,2,2.625,5,1524.5,1.0,1.0
2,2,2.875,6,1346.75,1.0,1.0
2,2,3.125,6,1627.0,1.0,1.0
2,2,3.375,5,1204.0,1.0,1.0
2,2,3.625,6,1604.75,1.0,1.0
2,2,3.875,6,1885.5,1.0,1.0
2,2,4.125,6,1784.5,1.0,1.0
2,2,4.375,6,2103.0,1.0,1.0
2,2,4.625,6,2196.5,1.0,1.0
2,2,4.875,6,2070.0,1.0,1.0
2,3,0.125,5,0.0,0.5690491795645407,0.9150717703349283
2,3,0.375,3,0.0,0.13663793103448277,0.5283333333333333
2,3,0.625,4,9.0,0.5434564776641739,0.2910127844241145
2,3,0.875,3,0.0,0.14736492180729693,0.4076923076923077
2,3,1.125,5,0.0,0.5775899879007864,0.5498251748251748
2,3,1.375,3,0.0,0.11416985483379691,0.13596491228070176
2,3,1.625,6,0.0,0.0,0.0
2,3,1.875,5,0.0,0.0,0.0
2,3,2.125,5,0.0,0.0,0.0
2,3,2.375,5,0.0,0.0,0.0
2,3,2.625,5,0.0,0.0,0.0
2,3,2.875,6,0.0,0.0,0.0
2,3,3.125,6,0.0,0.0,0.0
2,3,3.375,5,0.0,0.0,0.0
2,3,3.625,6,0.0,0.0,0.0
2,3,3.875,6,0.0,0.0,0.0
2,3,4.125,6,0.0,0.0,0.0
2,3,4.375,6,0.0,0.0,0.0
2,3,4.625,6,0.0,0.0,0.0
2,3,4.875,6,0.0,0.0,0.0
2,4,0.125,5,0.0,0.0595091961703552,0.7856553998351196
2,4,0.375,3,0.0,0.0,0.0
2,4,0.625,4,0.0,0.04592536654026186,0.4572590627763041
2,4,0.875,3,0.0,0.08107036541553322,0.22325581395348837
2,4,1.125,5,0.0,0.043495606987396,0.21528998242530756
2,4,1.375,3,0.0,0.0,0.0570430733410943
2,4,1.625,6,0.0,0.0,0.0
2,4,1.875,5,0.0,0.0,0.0
2,4,2.125,5,0.0,0.0,0.0
2,4,2.375,5,0.0,0.0,0.0
2,4,2.625,5,0.0,0.0,0.0
2,4,2.875,6,0.0,0.0,0.0
2,4,3.125,6,0.0,0.0,0.0
2,4,3.375,5,0.0,0.0,0.0
2,4,3.625,6,0.0,0.0,0.0
2,4,3.875,6,0.0,0.0,0.0
2,4,4.125,6,0.0,0.0,0.0
2,4,4.375,6,0.0,0.0,0.0
2,4,4.625,6,0.0,0.0,0.0
2,4,4.875,6,0.0,0.0,0.0
2,5,0.125,5,0.0,0.048320894651675536,0.6450892857142857
2,5,0.375,3,0.0,0.028289644432909423,0.12976190476190477
2,5,0.625,4,0.0,0.004750251907298115,0.017614091273018415
2,5,0.875,3,0.0,0.0,0.0
2,5,1.125,5,0.0,0.0,0.0
2,5,1.375,3,0.0,0.0,0.0
2,5,1.625,6,0.0,0.0,0.0
2,5,1.875,5,0.0,0.0,0.0
2,5,2.125,5,0.0,0.0,0.0
2,5,2.375,5,0.0,0.0,0.0
2,5,2.625,5,0.0,0.0,0.0
2,5,2.875,6,0.0,0.0,0.0
2,5,3.125,6,0.0,0.0,0.0
2,5,3.375,5,0.0,0.0,0.0
2,5,3.625,6,0.0,0.0,0.0
2,5,3.875,6,0.0,0.0,0.0
2,5,4.125,6,0.0,0.0,0.0
2,5,4.375,6,0.0,0.0,0.0
2,5,4.625,6,0.0,0.0,0.0
2,5,4.875,6,0.0,0.0,0.0
2,6,0.125,5,0.0,0.04758588651486581,0.6265328874024526
2,6,0.375,3,0.0,0.030437539632213063,0.069164265129683
2,6,0.625,4,0.0,0.025607543862067015,0.17473996203765735
2,6,0.875,3,0.0,0.005501926671510186,0.030342156229825695
2,6,1.125,5,0.0,0.006834453313609762,0.026848591549295774
2,6,1.375,3,0.0,0.0,0.0
2,6,1.625,6,0.0,0.0,0.0
2,6,1.875,5,0.0,0.0,0.0
2,6,2.125,5,0.0,0.0,0.0
2,6,2.375,5,0.0,0.0,0.0
2,6,2.625,5,0.0,0.0,0.0
2,6,2.875,6,0.0,0.0,0.0
2,6,3.125,6,0.0,0.0,0.0
2,6,3.375,5,0.0,0.0,0.0
2,6,3.625,6,0.0,0.0,0.0
2,6,3.875,6,0.0,0.0,0.0
2,6,4.125,6,0.0,0.0,0.0
2,6,4.375,6,0.0,0.0,0.0
2,6,4.625,6,0.0,0.0,0.0
2,6,4.875,6,0.0,0.0,0.0
2,7,0.125,5,0.0,0.046930346353422914,0.7098103874690849
2,7,0.375,3,0.0,0.03706896551724138,0.14333333333333334
2,7,0.625,4,0.0,0.022673827337857926,0.3045539354571211
2,7,0.875,3,0.0,0.06238689903983938,0.11693548387096774
2,7,1.125,5,0.0,0.030947135281568696,0.12612612612612611
2,7,1.375,3,0.0,0.0,0.07085201793721974
2,7,1.625,6,0.0,0.0,0.0
2,7,1.875,5,0.0,0.0,0.0
2,7,2.125,5,0.0,0.0,0.0
2,7,2.375,5,0.0,0.0,0.0
2,7,2.625,5,0.0,0.0,0.0
2,7,2.875,6,0.0,0.0,0.0
2,7,3.125,6,0.0,0.0,0.0
2,7,3.375,5,0.0,0.0,0.0
2,7,3.625,6,0.0,0.0,0.0
2,7,3.875,6,0.0,0.0,0.0
2,7,4.125,6,0.0,0.0,0.0
2,7,4.375,6,0.0,0.0,0.0
2,7,4.625,6,0.0,0.0,0.0
2,7,4.875,6,0.0,0.0,0.0
2,8,0.125,5,0.0,0.021775160898087956,0.2610132158590308
2,8,0.375,3,0.0,0.0,0.0
2,8,0.625,4,0.0,0.009603236571712172,0.048399708410683126
2,8,0.875,3,0.0,0.0,0.0
2,8,1.125,5,0.0,0.0,0.0
2,8,1.375,3,0.0,0.0,0.0
2,8,1.625,6,0.0,0.0,0.0
2,8,1.875,5,0.0,0.0,0.0
2,8,2.125,5,0.0,0.0,0.0
2,8,2.375,5,0.0,0.0,0.0
2,8,2.625,5,0.0,0.0,0.0
2,8,2.875,6,0.0,0.0,0.0
2,8,3.125,6,0.0,0.0,0.0
2,8,3.375,5,0.0,0.0,0.0
2,8,3.625,6,0.0,0.0,0.0
2,8,3.875,6,0.0,0.0,0.0
2,8,4.125,6,0.0,0.0,0.0
2,8,4.375,6,0.0,0.0,0.0
2,8,4.625,6,0.0,0.0,0.0
2,8,4.875,6,0.0,0.0,0.0
2,9,0.125,5,0.0,0.031531498126944044,0.4329896907216495
2,9,0.375,3,0.0,0.01341381623071764,0.02577319587628866
2,9,0.625,4,0.0,0.009573107201567326,0.031582767673566756
2,9,0.875,3,0.0,0.0009946949602122016,0.005810200129115558
2,9,1.125,5,0.0,0.0,0.0
2,9,1.375,3,0.0,0.0,0.007513661202185792
2,9,1.625,6,0.0,0.0,0.0
2,9,1.875,5,0.0,0.0,0.0
2,9,2.125,5,0.0,0.0,0.0
2,9,2.375,5,0.0,0.0,0.0
2,9,2.625,5,0.0,0.0,0.0
2,9,2.875,6,0.0,0.0,0.0
2,9,3.125,6,0.0,0.0,0.0
2,9,3.375,5,0.0,0.0,0.0
2,9,3.625,6,0.0,0.0,0.0
2,9,3.875,6,0.0,0.0,0.0
2,9,4.125,6,0.0,0.0,0.0
2,9,4.375,6,0.0,0.0,0.0
2,9,4.625,6,0.0,0.0,0.0
2,9,4.875,6,0.0,0.0,0.0
3,1,0.125,6,110.0,0.08926430869679601,0.7953643349725236
3,1,0.375,4,0.0,0.0,0.48493975903614456
3,1,0.625,6,239.0,0.17087335236941537,0.7468014823333973
3,1,0.875,2,476.0,0.10987122038827157,0.41311287122805446
3,1,1.125,5,3.0,0.08874381871713405,0.5758451315929423
3,1,1.375,5,252.0,0.024766584766584766,0.3582956895006769
3,1,1.625,6,0.0,0.0,0.0
3,1,1.875,6,108.5,0.04518950437317784,0.049679487179487176
3,1,2.125,5,18.0,0.004226344212256398,0.004280618311533888
3,1,2.375,6,64.0,0.019298334276704132,0.020645767283810058
3,1,2.625,6,29.0,0.014103730664240218,0.01451310861423221
3,1,2.875,6,0.0,0.0,0.0
3,1,3.125,6,22.25,0.006069401958220089,0.006463763934698927
3,1,3.375,6,0.0,0.0,0.0
3,1,3.625,6,64.5,0.017273751408186256,0.01936404402772116
3,1,3.875,6,147.75,0.032007794298663905,0.03558006028843737
3,1,4.125,6,45.0,0.012258414230212816,0.013853141778252644
3,1,4.375,6,56.0,0.013851100667820925,0.015590200445434299
3,1,4.625,6,81.5,0.01775203449235564,0.021231952814451154
3,1,4.875,6,90.5,0.019804482948194764,0.02356364200331043
3,2,0.125,6,38.0,0.06074766355140187,0.22807017543859648
3,2,0.375,4,0.0,0.0,0.7936746987951807
3,2,0.625,6,416.75,0.26252615547303093,0.0
3,2,0.875,2,329.0,0.07141306707184719,0.2870855148342059
3,2,1.125,5,260.0,0.14858348228632934,0.2990702222957562
3,2,1.375,5,79.5,0.049336609336609334,0.18320755224567875
3,2,1.625,6,69.5,0.057724252491694356,0.0757238307349666
3,2,1.875,6,0.0,0.0,0.0
3,2,2.125,5,188.5,0.04852274528175379,0.05306506763502913
3,2,2.375,6,0.0,0.0,0.0
3,2,2.625,6,26.0,0.014299109235818097,0.015474378488077117
3,2,2.875,6,0.0,0.0,0.0
3,2,3.125,6,0.0,0.0,0.0
3,2,3.375,6,88.0,0.026833199033037873,0.03268624522979924
3,2,3.625,6,29.5,0.009575666541494556,0.010247136829415311
3,2,3.875,6,119.0,0.01884922273605877,0.020287609766409143
3,2,4.125,6,0.0,0.0,0.0
3,2,4.375,6,23.0,0.007852138197632278,0.009770603228547154
3,2,4.625,6,0.0,0.0,0.0
3,2,4.875,6,0.0,0.0,0.0
3,3,0.125,6,115.0,0.14767415822270574,1.0
3,3,0.375,4,166.0,0.2402315484804631,1.0
3,3,0.625,6,22.0,0.07133022939693567,1.0
3,3,0.875,2,1582.5,0.614786908545959,1.0
3,3,1.125,5,94.0,0.3718586836937106,1.0
3,3,1.375,5,1516.0,0.3680581553457789,1.0
3,3,1.625,6,1218.5,0.8600999286224126,1.0
3,3,1.875,6,1887.5,0.9234466753111605,1.0
3,3,2.125,5,2548.0,0.9514772547182462,1.0
3,3,2.375,6,2548.0,0.9807016657232959,1.0
3,3,2.625,6,4537.0,0.9665246500304321,1.0
3,3,2.875,6,3358.25,0.9961717313262246,1.0
3,3,3.125,6,4240.25,0.9692326420271108,1.0
3,3,3.375,6,3860.0,0.9278600166321819,1.0
3,3,3.625,6,4304.5,0.945214138844813,1.0
3,3,3.875,6,4446.0,0.921339823532346,1.0
3,3,4.125,6,4343.25,0.9515270712714062,1.0
3,3,4.375,6,4635.5,0.9531762558809993,1.0
3,3,4.625,6,5384.25,0.9459960056365235,1.0
3,3,4.875,6,5315.25,0.961118257235025,1.0
3,4,0.125,6,0.0,0.0,0.0
3,4,0.375,4,8.0,0.045586107091172216,0.09487951807228916
3,4,0.625,6,140.75,0.11769273378840056,0.2569832402234637
3,4,0.875,2,370.0,0.08031256783156067,0.3228621291448517
3,4,1.125,5,0.0,0.004697501548626884,0.0141568139390168
3,4,1.375,5,50.5,0.03882063882063882,0.19488131882434379
3,4,1.625,6,0.0,0.0,0.0
3,4,1.875,6,1.5,0.001838235294117647,0.001851851851851852
3,4,2.125,5,0.0,0.0,0.0
3,4,2.375,6,0.0,0.0,0.0
3,4,2.625,6,0.0,0.0,0.0
3,4,2.875,6,0.0,0.0,0.0
3,4,3.125,6,0.0,0.0,0.0
3,4,3.375,6,0.0,0.0,0.0
3,4,3.625,6,0.0,0.0,0.0
3,4,3.875,6,21.5,0.004998362861025958,0.005647409346306133
3,4,4.125,6,0.0,0.0,0.0
3,4,4.375,6,0.0,0.0,0.0
3,4,4.625,6,0.0,0.0,0.0
3,4,4.875,6,0.0,0.0,0.0
3,5,0.125,6,0.0,0.0,0.0
3,5,0.375,4,0.0,0.0,0.0
3,5,0.625,6,0.0,0.0,0.0
3,5,0.875,2,11.5,0.0024962014326025614,0.010034904013961605
3,5,1.125,5,0.0,0.0,0.0
3,5,1.375,5,0.0,0.0,0.0
3,5,1.625,6,0.0,0.0,0.0
3,5,1.875,6,0.0,0.0,0.0
3,5,2.125,5,0.0,0.0,0.0
3,5,2.375,6,0.0,0.0,0.0
3,5,2.625,6,0.0,0.0,0.0
3,5,2.875,6,0.0,0.0,0.0
3,5,3.125,6,0.0,0.0,0.0
3,5,3.375,6,0.0,0.0,0.0
3,5,3.625,6,0.0,0.0,0.0
3,5,3.875,6,0.0,0.0,0.0
3,5,4.125,6,0.0,0.0,0.0
3,5,4.375,6,0.0,0.0,0.0
3,5,4.625,6,0.0,0.0,0.0
3,5,4.875,6,0.0,0.0,0.0
3,6,0.125,6,0.0,0.0,0.0
3,6,0.375,4,0.0,0.0,0.0
3,6,0.625,6,0.0,0.0,0.0
3,6,0.875,2,16.0,0.0034729759062296505,0.013961605584642234
3,6,1.125,5,0.0,0.0,0.0
3,6,1.375,5,0.0,0.0,0.0
3,6,1.625,6,0.0,0.0,0.0
3,6,1.875,6,0.0,0.0,0.0
3,6,2.125,5,0.0,0.0,0.0
3,6,2.375,6,0.0,0.0,0.0
3,6,2.625,6,0.0,0.0,0.0
3,6,2.875,6,0.0,0.0,0.0
3,6,3.125,6,0.0,0.0,0.0
3,6,3.375,6,0.0,0.0,0.0
3,6,3.625,6,0.0,0.0,0.0
3,6,3.875,6,0.0,0.0,0.0
3,6,4.125,6,0.0,0.0,0.0
3,6,4.375,6,0.0,0.0,0.0
3,6,4.625,6,0.0,0.0,0.0
3,6,4.875,6,0.0,0.0,0.0
3,7,0.125,6,45.0,0.06921054712207464,0.35278895917193787
3,7,0.375,4,0.0,0.0,0.20783132530120482
3,7,0.625,6,118.75,0.09538572961264637,0.21601489757914338
3,7,0.875,2,414.5,0.08997178207076188,0.36169284467713786
3,7,1.125,5,0.0,0.019151352467478837,0.05771624144368388
3,7,1.375,5,45.0,0.03352088358187996,0.053538635169883615
3,7,1.625,6,0.0,0.0,0.0
3,7,1.875,6,0.0,0.0,0.0
3,7,2.125,5,0.0,0.0,0.0
3,7,2.375,6,0.0,0.0,0.0
3,7,2.625,6,0.0,0.0,0.0
3,7,2.875,6,0.0,0.0,0.0
3,7,3.125,6,0.0,0.0,0.0
3,7,3.375,6,6.75,0.0021816418875242405,0.002200847733941963
3,7,3.625,6,12.5,0.00441696113074205,0.00508957654723127
3,7,3.875,6,29.75,0.008420158177855365,0.008566486827668515
3,7,4.125,6,0.0,0.0,0.0
3,7,4.375,6,8.5,0.0007090423757090423,0.0007100492857739537
3,7,4.625,6,0.0,0.0,0.0
3,7,4.875,6,0.0,0.0,0.0
3,8,0.125,6,0.0,0.0,0.0
3,8,0.375,4,0.0,0.0,0.0
3,8,0.625,6,0.0,0.0,0.0
3,8,0.875,2,127.5,0.027675276752767528,0.11125654450261781
3,8,1.125,5,0.0,0.0,0.0
3,8,1.375,5,0.0,0.0,0.0969188767550702
3,8,1.625,6,0.0,0.0,0.0
3,8,1.875,6,0.0,0.0,0.0
3,8,2.125,5,0.0,0.0,0.0
3,8,2.375,6,0.0,0.0,0.0
3,8,2.625,6,0.0,0.0,0.0
3,8,2.875,6,0.0,0.0,0.0
3,8,3.125,6,0.0,0.0,0.0
3,8,3.375,6,0.0,0.0,0.0
3,8,3.625,6,0.0,0.0,0.0
3,8,3.875,6,0.0,0.0,0.0
3,8,4.125,6,0.0,0.0,0.0
3,8,4.375,6,0.0,0.0,0.0
3,8,4.625,6,0.0,0.0,0.0
3,8,4.875,6,0.0,0.0,0.0
3,9,0.125,6,0.0,0.0,0.0
3,9,0.375,4,0.0,0.0,0.0
3,9,0.625,6,0.0,0.0,0.0
3,9,0.875,2,0.0,0.0,0.0
3,9,1.125,5,0.0,0.0,0.0
3,9,1.375,5,0.0,0.0,0.0
3,9,1.625,6,0.0,0.0,0.0
3,9,1.875,6,0.0,0.0,0.0
3,9,2.125,5,0.0,0.0,0.0
3,9,2.375,6,0.0,0.0,0.0
3,9,2.625,6,0.0,0.0,0.0
3,9,2.875,6,0.0,0.0,0.0
3,9,3.125,6,0.0,0.0,0.0
3,9,3.375,6,0.0,0.0,0.0
3,9,3.625,6,0.0,0.0,0.0
3,9,3.875,6,0.0,0.0,0.0
3,9,4.125,6,0.0,0.0,0.0
3,9,4.375,6,0.0,0.0,0.0
3,9,4.625,6,0.0,0.0,0.0
3,9,4.875,6,0.0,0.0,0.0
4,1,0.125,6,600.75,0.2185992984585824,1.426488988988989
4,1,0.375,5,566.0,0.2610699834850674,3.460790367397345
4,1,0.625,6,518.75,0.17434491691987739,3.153921792384647
4,1,0.875,6,473.75,0.1573803532272434,0.8744604523383592
4,1,1.125,6,606.0,0.2153509153732438,0.8404084029557353
4,1,1.375,6,579.75,0.17232877782210054,1.1344037330297227
4,1,1.625,6,586.0,0.19210189675207556,1.043838773516924
4,1,1.875,6,575.0,0.18702425861653982,0.7709688134855613
4,1,2.125,6,571.25,0.1886425064194786,0.7323041335506216
4,1,2.375,6,616.0,0.18262885357367536,0.5820325491410779
4,1,2.625,6,549.75,0.1659378198347058,0.614914298428431
4,1,2.875,6,501.5,0.1802422904411251,0.7181469717630624
4,1,3.125,6,540.0,0.18693034130032848,0.6722222579435673
4,1,3.375,6,690.0,0.18960873287825955,0.6455543106667816
4,1,3.625,6,573.25,0.17765578481428607,0.43631700608811513
4,1,3.875,6,566.0,0.1612184251578451,0.2701780908610369
4,1,4.125,6,573.75,0.13937310555345372,0.3393995427450656
4,1,4.375,6,571.0,0.191296408774783,0.5995256228032211
4,1,4.625,6,573.5,0.18862977896624034,0.590229099781503
4,1,4.875,6,544.0,0.1697417589693932,0.44816205855740743
4,2,0.125,6,916.5,0.21694105582660805,1.370005085730892
4,2,0.375,5,764.0,0.345679012345679,4.7027374704126785
4,2,0.625,6,925.5,0.3570662008355421,3.160903452939885
4,2,0.875,6,873.75,0.27178671433813784,1.4898390630097946
4,2,1.125,6,818.25,0.2703672127495003,1.4426806571088484
4,2,1.375,6,939.5,0.2743147889747884,2.289395894788594
4,2,1.625,6,935.25,0.2825711266146663,1.3840152071102412
4,2,1.875,6,907.0,0.25574604275224627,1.102658110173933
4,2,2.125,6,916.0,0.24536964454245624,1.1490614652613993
4,2,2.375,6,863.0,0.28243432583354533,0.9121631096462886
4,2,2.625,6,861.0,0.2813527562495669,0.9299806507621853
4,2,2.875,6,1000.75,0.28811274173718204,1.0394736102879005
4,2,3.125,6,870.0,0.2654690230719351,0.9731869989690436
4,2,3.375,6,984.25,0.2670142405087115,0.9073179575333429
4,2,3.625,6,932.75,0.25635331926302585,0.649890489618742
4,2,3.875,6,939.25,0.281087039411672,0.49854061145330425
4,2,4.125,6,831.75,0.2796664754474766,0.4115594081635803
4,2,4.375,6,908.25,0.28102171464943204,0.9864871116850218
4,2,4.625,6,910.5,0.2426538652731195,0.8134297742109444
4,2,4.875,6,976.0,0.31333768407533436,0.886036382789077
4,3,0.125,6,562.5,0.22862656028146672,2.069264069264069
4,3,0.375,5,507.0,0.20430544272948822,2.178835834244261
4,3,0.625,6,641.0,0.22471546498466194,2.9729932030108976
4,3,0.875,6,609.25,0.22968054225457585,1.1206093670289827
4,3,1.125,6,586.25,0.20540325490535538,1.061407452541774
4,3,1.375,6,634.25,0.19834061685351928,1.22626651972516
4,3,1.625,6,591.5,0.1765589194587105,0.8361028223694316
4,3,1.875,6,586.5,0.17505801736137017,0.715139521447741
4,3,2.125,6,606.25,0.177129402455038,0.7056380970060244
4,3,2.375,6,518.75,0.1609248317125766,0.5140215236147538
4,3,2.625,6,614.25,0.1827286354939499,0.5896918658246447
4,3,2.875,6,551.0,0.17157083213332816,0.6192322923625251
4,3,3.125,6,605.0,0.1690761326444671,0.44988859578547025
4,3,3.375,6,592.5,0.16439117174676082,0.5527541835699797
4,3,3.625,6,589.0,0.1746111473038085,0.6235529360719688
4,3,3.875,6,534.75,0.15660645937148365,0.2979862760402502
4,3,4.125,6,610.5,0.16829921401956033,0.37196189917475536
4,3,4.375,6,595.25,0.17760459219702132,0.5307410525627875
4,3,4.625,6,606.0,0.1671354660811038,0.3813699280126388
4,3,4.875,6,506.5,0.169687105583171,0.361393815847159
4,4,0.125,6,48.75,0.013136620856911883,1.0
4,4,0.375,5,28.5,0.008392226148409895,1.0
4,4,0.625,6,53.0,0.020625142851008058,1.0
4,4,0.875,6,316.5,0.14975572304273782,1.0
4,4,1.125,6,427.5,0.17828627249301376,1.0
4,4,1.375,6,426.5,0.13827481234309064,1.0
4,4,1.625,6,468.75,0.16674979931377337,1.0
4,4,1.875,6,756.25,0.23241837544935212,1.0
4,4,2.125,6,851.5,0.23345897389388093,1.0
4,4,2.375,6,854.25,0.2401203234826009,1.0
4,4,2.625,6,554.5,0.17999019071275785,1.0
4,4,2.875,6,617.0,0.1666045397995352,1.0
4,4,3.125,6,794.0,0.23040037935088944,1.0
4,4,3.375,6,874.5,0.21412436926736295,1.0
4,4,3.625,6,653.0,0.19468548746199815,1.0
4,4,3.875,6,749.75,0.21715820053942086,1.0
4,4,4.125,6,276.25,0.11239960628927131,1.0
4,4,4.375,6,424.25,0.13574877704308408,1.0
4,4,4.625,6,847.75,0.279542057840426,1.0
4,4,4.875,6,299.5,0.06299229098882893,1.0
4,5,0.125,6,54.5,0.017798824297844545,0.21713147410358566
4,5,0.375,5,0.0,0.013551077136900626,0.05016008537886873
4,5,0.625,6,64.25,0.018179898882705034,0.3716515324534627
4,5,0.875,6,113.75,0.03101366275737396,0.2913961038961039
4,5,1.125,6,51.0,0.013063891499497684,0.05713860608158346
4,5,1.375,6,77.0,0.027921792343493648,0.21426317880281032
4,5,1.625,6,84.0,0.030881678700241395,0.1917150770466322
4,5,1.875,6,110.25,0.034771866569893624,0.13110932172141543
4,5,2.125,6,194.0,0.05813542089753644,0.197153659910329
4,5,2.375,6,127.0,0.04630752087722473,0.12060997232817729
4,5,2.625,6,41.75,0.012044974314830516,0.019308567740064824
4,5,2.875,6,179.0,0.06268570219363546,0.17138597042209147
4,5,3.125,6,3.0,0.0007869249394673124,0.002397639247510144
4,5,3.375,6,65.0,0.024977054464865346,0.12548913174276477
4,5,3.625,6,137.5,0.0421211402616527,0.14884719411031
4,5,3.875,6,91.5,0.03620534224319101,0.0936280337575184
4,5,4.125,6,38.0,0.012454743937850959,0.05463158709404112
4,5,4.375,6,120.0,0.0367760811233509,0.027058028458727373
4,5,4.625,6,93.75,0.029916653606928953,0.061044627113369984
4,5,4.875,6,18.0,0.007403856193670464,0.07908352796785144
4,6,0.125,6,145.75,0.04723614172436948,0.4710476605637896
4,6,0.375,5,133.0,0.06300813008130081,0.5261912112792014
4,6,0.625,6,145.0,0.06360746928460988,1.2585431846691755
4,6,0.875,6,223.0,0.07964224845702103,0.3743047801679775
4,6,1.125,6,190.75,0.07417685800980578,0.33142698703723344
4,6,1.375,6,191.25,0.06356655492963166,0.1435822442322272
4,6,1.625,6,216.0,0.07811219746824054,0.2500289874308439
4,6,1.875,6,219.25,0.05954113703272766,0.20977611217249792
4,6,2.125,6,231.25,0.05948762729860106,0.19678332986391833
4,6,2.375,6,159.0,0.05049497345015802,0.17740021373894024
4,6,2.625,6,212.5,0.06373664300114334,0.1378981897135677
4,6,2.875,6,177.5,0.04466113409023763,0.17270950744159266
4,6,3.125,6,174.0,0.06684781392376517,0.13878648104794172
4,6,3.375,6,153.5,0.06632089355551767,0.10832351400890286
4,6,3.625,6,177.5,0.047089593643008854,0.11653759364699331
4,6,3.875,6,156.75,0.041523303943858475,0.07386608893086496
4,6,4.125,6,133.75,0.040714846384091764,0.07897058317304165
4,6,4.375,6,126.5,0.03442692619800561,0.09231772045167573
4,6,4.625,6,190.25,0.04968515529764845,0.074225099391338
4,6,4.875,6,255.5,0.06357487230991409,0.10289418738940612
4,7,0.125,6,0.0,0.0,0.6565833813851933
4,7,0.375,5,0.0,0.0,0.0
4,7,0.625,6,0.0,0.0,0.0640096618357488
4,7,0.875,6,0.0,0.0,0.0
4,7,1.125,6,0.0,0.0,0.0
4,7,1.375,6,0.0,0.0,0.0
4,7,1.625,6,0.0,0.0,0.0
4,7,1.875,6,0.0,0.0,0.0
4,7,2.125,6,0.0,0.0,0.0
4,7,2.375,6,0.0,0.0,0.0
4,7,2.625,6,0.0,0.0,0.0
4,7,2.875,6,0.0,0.0,0.0
4,7,3.125,6,0.0,0.0,0.0
4,7,3.375,6,0.0,0.0,0.0
4,7,3.625,6,0.0,0.0,0.0
4,7,3.875,6,0.0,0.0,0.0
4,7,4.125,6,0.0,0.0,0.0
4,7,4.375,6,0.0,0.0,0.0
4,7,4.625,6,0.0,0.0,0.011584289496910856
4,7,4.875,6,0.0,0.0,0.03690281475846329
4,8,0.125,6,0.0,0.0,0.0
4,8,0.375,5,0.0,0.0,0.0
4,8,0.625,6,0.0,0.0,0.0
4,8,0.875,6,0.0,0.0,0.0
4,8,1.125,6,0.0,0.0,0.0
4,8,1.375,6,0.0,0.0,0.0
4,8,1.625,6,0.0,0.0,0.0
4,8,1.875,6,0.0,0.0,0.0
4,8,2.125,6,0.0,0.0,0.0
4,8,2.375,6,0.0,0.0,0.0
4,8,2.625,6,0.0,0.0,0.0
4,8,2.875,6,0.0,0.0,0.0
4,8,3.125,6,0.0,0.0,0.0
4,8,3.375,6,0.0,0.0,0.0
4,8,3.625,6,0.0,0.0,0.0
4,8,3.875,6,0.0,0.0,0.0
4,8,4.125,6,0.0,0.0,0.0
4,8,4.375,6,0.0,0.0,0.0
4,8,4.625,6,0.0,0.0,0.0
4,8,4.875,6,0.0,0.0,0.0
4,9,0.125,6,0.0,0.0,0.0
4,9,0.375,5,0.0,0.0,0.0
4,9,0.625,6,0.0,0.0,0.012104564265638962
4,9,0.875,6,0.0,0.0,0.0
4,9,1.125,6,0.0,0.0,0.0
4,9,1.375,6,0.0,0.0,0.0
4,9,1.625,6,0.0,0.0,0.0
4,9,1.875,6,0.0,0.0,0.0
4,9,2.125,6,0.0,0.0,0.0
4,9,2.375,6,0.0,0.0,0.0
4,9,2.625,6,0.0,0.0,0.0
4,9,2.875,6,0.0,0.0,0.0
4,9,3.125,6,0.0,0.0,0.0
4,9,3.375,6,0.0,0.0,0.0
4,9,3.625,6,0.0,0.0,0.0
4,9,3.875,6,0.0,0.0,0.0
4,9,4.125,6,0.0,0.0,0.0
4,9,4.375,6,0.0,0.0,0.0
4,9,4.625,6,0.0,0.0,0.0
4,9,4.875,6,0.0,0.0,0.0
5,1,0.125,6,0.0,0.3324538258575198,3.652173913043478
5,1,0.375,6,31.5,1.0,7.8125
5,1,0.625,6,0.0,0.3568847170197746,0.7667185877466252
5,1,0.875,6,0.0,0.0,0.0
5,1,1.125,6,0.0,0.0,0.0
5,1,1.375,6,0.0,0.0,0.0
5,1,1.625,6,0.0,0.0,0.0
5,1,1.875,6,0.0,0.0,0.0
5,1,2.125,6,0.0,0.0,0.0
5,1,2.375,6,0.0,0.0,0.0
5,1,2.625,6,0.0,0.0,0.0
5,1,2.875,6,0.0,0.0,0.0
5,1,3.125,6,0.0,0.0,0.0
5,1,3.375,6,0.0,0.0,0.0
5,1,3.625,6,0.0,0.0,0.0
5,1,3.875,6,0.0,0.0,0.0
5,1,4.125,6,0.0,0.009305993690851735,0.010982874162323157
5,1,4.375,6,0.0,0.0,0.0
5,1,4.625,6,0.0,0.0,0.0
5,1,4.875,6,0.0,0.0,0.0
5,2,0.125,6,0.0,0.0,1.6570048309178744
5,2,0.375,6,0.0,0.0,2.4875
5,2,0.625,6,0.0,0.0,0.14777443824245026
5,2,0.875,6,0.0,0.0,0.0
5,2,1.125,6,0.0,0.0,0.0
5,2,1.375,6,0.0,0.0,0.0
5,2,1.625,6,0.0,0.0,0.0
5,2,1.875,6,0.0,0.0,0.0
5,2,2.125,6,0.0,0.0,0.0
5,2,2.375,6,0.0,0.0,0.0
5,2,2.625,6,0.0,0.0,0.0
5,2,2.875,6,0.0,0.0,0.0
5,2,3.125,6,0.0,0.0,0.0
5,2,3.375,6,0.0,0.0,0.0
5,2,3.625,6,0.0,0.0,0.0
5,2,3.875,6,0.0,0.0,0.0
5,2,4.125,6,0.0,0.0,0.0
5,2,4.375,6,0.0,0.0,0.0
5,2,4.625,6,0.0,0.0,0.0
5,2,4.875,6,0.0,0.0,0.0
5,3,0.125,6,0.0,0.08003518029903255,0.8792270531400966
5,3,0.375,6,0.0,0.0,9.7875
5,3,0.625,6,0.0,0.11419775575633925,0.8283761528326746
5,3,0.875,6,0.0,0.0,0.0
5,3,1.125,6,0.0,0.0,0.0
5,3,1.375,6,0.0,0.0,0.0
5,3,1.625,6,0.0,0.0,0.0
5,3,1.875,6,0.0,0.0,0.0
5,3,2.125,6,0.0,0.0,0.0
5,3,2.375,6,0.0,0.0,0.0
5,3,2.625,6,0.0,0.0,0.0
5,3,2.875,6,0.0,0.0,0.0
5,3,3.125,6,0.0,0.0,0.0
5,3,3.375,6,0.0,0.0,0.000741839762611276
5,3,3.625,6,0.0,0.0,0.0
5,3,3.875,6,0.0,0.0,0.0
5,3,4.125,6,0.0,0.0,0.0
5,3,4.375,6,0.0,0.0,0.0
5,3,4.625,6,0.0,0.0,0.0
5,3,4.875,6,0.0,0.0,0.0
5,4,0.125,6,0.0,0.21899736147757257,2.4057971014492754
5,4,0.375,6,0.0,0.0,1.6007462686567164
5,4,0.625,6,0.0,0.0,0.0
5,4,0.875,6,0.0,0.0,0.0
5,4,1.125,6,0.0,0.0,0.0
5,4,1.375,6,0.0,0.0,0.0
5,4,1.625,6,0.0,0.0,0.0
5,4,1.875,6,0.0,0.0,0.0
5,4,2.125,6,0.0,0.0,0.0
5,4,2.375,6,0.0,0.0,0.0
5,4,2.625,6,0.0,0.0,0.0
5,4,2.875,6,0.0,0.0,0.0
5,4,3.125,6,0.0,0.0,0.0
5,4,3.375,6,0.0,0.0,0.0
5,4,3.625,6,0.0,0.0,0.0
5,4,3.875,6,0.0,0.0,0.0
5,4,4.125,6,0.0,0.0,0.0
5,4,4.375,6,0.0,0.0,0.0
5,4,4.625,6,0.0,0.0,0.0
5,4,4.875,6,0.0,0.0,0.0
5,5,0.125,6,0.0,0.0,1.0
5,5,0.375,6,0.0,0.0,1.0
5,5,0.625,6,0.0,0.0,1.0
5,5,0.875,6,0.0,0.5,1.0
5,5,1.125,6,0.0,0.44300982036831094,1.0
5,5,1.375,6,0.0,0.5949612403100775,1.0
5,5,1.625,6,111.0,1.0,1.0
5,5,1.875,6,66.25,1.0,1.0
5,5,2.125,6,78.5,1.0,1.0
5,5,2.375,6,197.0,1.0,1.0
5,5,2.625,6,170.5,0.9992469879518072,1.0
5,5,2.875,6,471.25,1.0,1.0
5,5,3.125,6,218.5,1.0,1.0
5,5,3.375,6,126.75,0.9892745193355348,1.0
5,5,3.625,6,148.5,1.0,1.0
5,5,3.875,6,646.75,1.0,1.0
5,5,4.125,6,549.0,0.984957264957265,1.0
5,5,4.375,6,0.0,1.0,1.0
5,5,4.625,6,447.5,0.994417306350314,1.0
5,5,4.875,6,250.0,0.9541679825320986,1.0
5,6,0.125,6,0.0,0.0,0.0
5,6,0.375,6,0.0,0.0,5.4625
5,6,0.625,6,0.0,0.0,0.3538809144072302
5,6,0.875,6,0.0,0.0,0.0
5,6,1.125,6,0.0,0.0,0.0
5,6,1.375,6,0.0,0.0,0.0
5,6,1.625,6,0.0,0.0,0.0
5,6,1.875,6,0.0,0.0,0.0
5,6,2.125,6,0.0,0.0,0.0
5,6,2.375,6,0.0,0.0,0.0
5,6,2.625,6,0.0,0.0,0.0
5,6,2.875,6,0.0,0.0,0.0
5,6,3.125,6,0.0,0.0,0.0
5,6,3.375,6,0.0,0.0,0.0
5,6,3.625,6,0.0,0.0,0.0
5,6,3.875,6,0.0,0.0,0.0
5,6,4.125,6,0.0,0.0,0.0
5,6,4.375,6,0.0,0.0,0.0
5,6,4.625,6,0.0,0.0,0.0
5,6,4.875,6,0.0,0.0,0.0
5,7,0.125,6,0.0,0.043568464730290454,0.8502415458937198
5,7,0.375,6,0.0,0.0,1.9125
5,7,0.625,6,0.0,0.0,0.0
5,7,0.875,6,0.0,0.0,0.0
5,7,1.125,6,0.0,0.0,0.0
5,7,1.375,6,0.0,0.0,0.0
5,7,1.625,6,0.0,0.0,0.0
5,7,1.875,6,0.0,0.0,0.0
5,7,2.125,6,0.0,0.0,0.0
5,7,2.375,6,0.0,0.0,0.0
5,7,2.625,6,0.0,0.0,0.0
5,7,2.875,6,0.0,0.0,0.0
5,7,3.125,6,0.0,0.0,0.0
5,7,3.375,6,0.0,0.0,0.0
5,7,3.625,6,0.0,0.0,0.0
5,7,3.875,6,0.0,0.0,0.0
5,7,4.125,6,0.0,0.0,0.0
5,7,4.375,6,0.0,0.0,0.0
5,7,4.625,6,0.0,0.0,0.0
5,7,4.875,6,0.0,0.0,0.0
5,8,0.125,6,0.0,0.0,0.5410628019323671
5,8,0.375,6,0.0,0.0,0.0
5,8,0.625,6,0.0,0.0,0.0
5,8,0.875,6,0.0,0.0,0.0
5,8,1.125,6,0.0,0.0,0.0
5,8,1.375,6,0.0,0.0,0.0
5,8,1.625,6,0.0,0.0,0.0
5,8,1.875,6,0.0,0.0,0.0
5,8,2.125,6,0.0,0.0,0.0
5,8,2.375,6,0.0,0.0,0.0
5,8,2.625,6,0.0,0.0,0.0
5,8,2.875,6,0.0,0.0,0.0
5,8,3.125,6,0.0,0.0,0.0
5,8,3.375,6,0.0,0.0,0.0
5,8,3.625,6,0.0,0.0,0.0
5,8,3.875,6,0.0,0.0,0.0
5,8,4.125,6,0.0,0.0,0.0
5,8,4.375,6,0.0,0.0,0.0
5,8,4.625,6,0.0,0.0,0.0
5,8,4.875,6,0.0,0.0,0.0
5,9,0.125,6,0.0,0.0,0.0
5,9,0.375,6,0.0,0.0,0.0
5,9,0.625,6,0.0,0.0,0.11925484479506088
5,9,0.875,6,0.0,0.0,0.0
5,9,1.125,6,0.0,0.0,0.0
5,9,1.375,6,0.0,0.0,0.0
5,9,1.625,6,0.0,0.0,0.0
5,9,1.875,6,0.0,0.0,0.0
5,9,2.125,6,0.0,0.0,0.0
5,9,2.375,6,0.0,0.0,0.0
5,9,2.625,6,0.0,0.0,0.0
5,9,2.875,6,0.0,0.0,0.0
5,9,3.125,6,0.0,0.0,0.0
5,9,3.375,6,0.0,0.0,0.0
5,9,3.625,6,0.0,0.0,0.0
5,9,3.875,6,0.0,0.0,0.0
5,9,4.125,6,0.0,0.0,0.0
5,9,4.375,6,0.0,0.0,0.0
5,9,4.625,6,0.0,0.0,0.0
5,9,4.875,6,0.0,0.0,0.0
6,1,0.125,5,0.0,0.5,
6,1,0.375,5,0.0,0.0,
6,1,0.625,3,0.0,0.0,
6,1,0.875,5,0.0,0.0,0.0
6,1,1.125,6,0.0,0.0,0.0
6,1,1.375,6,0.0,0.0,0.0
6,1,1.625,6,0.0,0.0,0.0
6,1,1.875,6,0.0,0.0,0.0
6,1,2.125,6,0.0,0.0,0.0
6,1,2.375,6,0.0,0.0,0.0
6,1,2.625,6,0.0,0.0,0.0
6,1,2.875,6,0.0,0.0,0.0
6,1,3.125,6,0.0,0.0,0.0
6,1,3.375,6,0.0,0.0,0.0
6,1,3.625,6,0.0,0.0,0.0
6,1,3.875,6,0.0,0.0,0.0
6,1,4.125,6,0.0,0.0,0.0
6,1,4.375,6,0.0,0.0,0.0
6,1,4.625,6,0.0,0.0,0.0
6,1,4.875,6,0.0,0.0,0.0
6,2,0.125,5,0.0,0.0,
6,2,0.375,5,0.0,0.0,
6,2,0.625,3,0.0,0.0,
6,2,0.875,5,0.0,0.0,0.0
6,2,1.125,6,0.0,0.0,0.0
6,2,1.375,6,0.0,0.0,0.0
6,2,1.625,6,0.0,0.0,0.0
6,2,1.875,6,0.0,0.0,0.0
6,2,2.125,6,0.0,0.0,0.0
6,2,2.375,6,0.0,0.0,0.0
6,2,2.625,6,0.0,0.0,0.0
6,2,2.875,6,0.0,0.0,0.0
6,2,3.125,6,0.0,0.0,0.0
6,2,3.375,6,0.0,0.0,0.0
6,2,3.625,6,0.0,0.0,0.0
6,2,3.875,6,0.0,0.0,0.0
6,2,4.125,6,0.0,0.0,0.0
6,2,4.375,6,0.0,0.0,0.0
6,2,4.625,6,0.0,0.0,0.0
6,2,4.875,6,0.0,0.0,0.0
6,3,0.125,5,0.0,0.0,
6,3,0.375,5,0.0,0.5,
6,3,0.625,3,0.0,0.0,
6,3,0.875,5,0.0,0.0,0.0
6,3,1.125,6,0.0,0.0,0.0
6,3,1.375,6,0.0,0.0,0.0
6,3,1.625,6,0.0,0.0,0.0
6,3,1.875,6,0.0,0.0,0.0
6,3,2.125,6,0.0,0.0,0.0
6,3,2.375,6,0.0,0.0,0.0
6,3,2.625,6,0.0,0.0,0.0
6,3,2.875,6,0.0,0.0,0.0
6,3,3.125,6,0.0,0.0,0.0
6,3,3.375,6,0.0,0.0,0.0
6,3,3.625,6,0.0,0.0,0.0
6,3,3.875,6,0.0,0.0,0.0
6,3,4.125,6,0.0,0.0,0.0
6,3,4.375,6,0.0,0.0,0.0
6,3,4.625,6,0.0,0.0,0.0
6,3,4.875,6,0.0,0.0,0.0
6,4,0.125,5,0.0,0.0,
6,4,0.375,5,0.0,0.0,
6,4,0.625,3,0.0,0.0,
6,4,0.875,5,0.0,0.0,0.0
6,4,1.125,6,0.0,0.0,0.0
6,4,1.375,6,0.0,0.0,0.0
6,4,1.625,6,0.0,0.0,0.0
6,4,1.875,6,0.0,0.0,0.0
6,4,2.125,6,0.0,0.0,0.0
6,4,2.375,6,0.0,0.0,0.0
6,4,2.625,6,0.0,0.0,0.0
6,4,2.875,6,0.0,0.0,0.0
6,4,3.125,6,0.0,0.0,0.0
6,4,3.375,6,0.0,0.0,0.0
6,4,3.625,6,0.0,0.0,0.0
6,4,3.875,6,0.0,0.0,0.0
6,4,4.125,6,0.0,0.0,0.0
6,4,4.375,6,0.0,0.0,0.0
6,4,4.625,6,0.0,0.0,0.0
6,4,4.875,6,0.0,0.0,0.0
6,5,0.125,5,0.0,0.0,
6,5,0.375,5,0.0,0.0,
6,5,0.625,3,0.0,0.0,
6,5,0.875,5,0.0,0.0,0.0
6,5,1.125,6,0.0,0.0,0.0
6,5,1.375,6,0.0,0.0,0.0
6,5,1.625,6,0.0,0.0,0.0
6,5,1.875,6,0.0,0.0,0.0
6,5,2.125,6,0.0,0.0,0.0
6,5,2.375,6,0.0,0.0,0.0
6,5,2.625,6,0.0,0.0,0.0
6,5,2.875,6,0.0,0.0,0.0
6,5,3.125,6,0.0,0.0,0.0
6,5,3.375,6,0.0,0.0,0.0
6,5,3.625,6,0.0,0.0,0.0
6,5,3.875,6,0.0,0.0,0.0
6,5,4.125,6,0.0,0.0,0.0
6,5,4.375,6,0.0,0.0,0.0
6,5,4.625,6,0.0,0.0,0.0
6,5,4.875,6,0.0,0.0,0.0
6,6,0.125,5,0.0,0.0,
6,6,0.375,5,0.0,0.0,
6,6,0.625,3,0.0,0.0,
6,6,0.875,5,0.0,1.0,1.0
6,6,1.125,6,0.0,1.0,1.0
6,6,1.375,6,123.5,1.0,1.0
6,6,1.625,6,75.25,1.0,1.0
6,6,1.875,6,0.0,1.0,1.0
6,6,2.125,6,686.75,1.0,1.0
6,6,2.375,6,401.5,1.0,1.0
6,6,2.625,6,537.0,1.0,1.0
6,6,2.875,6,1104.0,1.0,1.0
6,6,3.125,6,690.5,1.0,1.0
6,6,3.375,6,1147.25,1.0,1.0
6,6,3.625,6,592.75,1.0,1.0
6,6,3.875,6,1503.25,1.0,1.0
6,6,4.125,6,1619.5,1.0,1.0
6,6,4.375,6,1863.0,1.0,1.0
6,6,4.625,6,1911.75,1.0,1.0
6,6,4.875,6,1864.75,1.0,1.0
6,7,0.125,5,0.0,0.5,
6,7,0.375,5,0.0,0.5,
6,7,0.625,3,0.0,1.0,
6,7,0.875,5,0.0,0.0,0.0
6,7,1.125,6,0.0,0.0,0.0
6,7,1.375,6,0.0,0.0,0.0
6,7,1.625,6,0.0,0.0,0.0
6,7,1.875,6,0.0,0.0,0.0
6,7,2.125,6,0.0,0.0,0.0
6,7,2.375,6,0.0,0.0,0.0
6,7,2.625,6,0.0,0.0,0.0
6,7,2.875,6,0.0,0.0,0.0
6,7,3.125,6,0.0,0.0,0.0
6,7,3.375,6,0.0,0.0,0.0
6,7,3.625,6,0.0,0.0,0.0
6,7,3.875,6,0.0,0.0,0.0
6,7,4.125,6,0.0,0.0,0.0
6,7,4.375,6,0.0,0.0,0.0
6,7,4.625,6,0.0,0.0,0.0
6,7,4.875,6,0.0,0.0,0.0
6,8,0.125,5,0.0,0.0,
6,8,0.375,5,0.0,0.0,
6,8,0.625,3,0.0,0.0,
6,8,0.875,5,0.0,0.0,0.0
6,8,1.125,6,0.0,0.0,0.0
6,8,1.375,6,0.0,0.0,0.0
6,8,1.625,6,0.0,0.0,0.0
6,8,1.875,6,0.0,0.0,0.0
6,8,2.125,6,0.0,0.0,0.0
6,8,2.375,6,0.0,0.0,0.0
6,8,2.625,6,0.0,0.0,0.0
6,8,2.875,6,0.0,0.0,0.0
6,8,3.125,6,0.0,0.0,0.0
6,8,3.375,6,0.0,0.0,0.0
6,8,3.625,6,0.0,0.0,0.0
6,8,3.875,6,0.0,0.0,0.0
6,8,4.125,6,0.0,0.0,0.0
6,8,4.375,6,0.0,0.0,0.0
6,8,4.625,6,0.0,0.0,0.0
6,8,4.875,6,0.0,0.0,0.0
6,9,0.125,5,0.0,0.0,
6,9,0.375,5,0.0,0.0,
6,9,0.625,3,0.0,0.0,
6,9,0.875,5,0.0,0.0,0.0
6,9,1.125,6,0.0,0.0,0.0
6,9,1.375,6,0.0,0.0,0.0
6,9,1.625,6,0.0,0.0,0.0
6,9,1.875,6,0.0,0.0,0.0
6,9,2.125,6,0.0,0.0,0.0
6,9,2.375,6,0.0,0.0,0.0
6,9,2.625,6,0.0,0.0,0.0
6,9,2.875,6,0.0,0.0,0.0
6,9,3.125,6,0.0,0.0,0.0
6,9,3.375,6,0.0,0.0,0.0
6,9,3.625,6,0.0,0.0,0.0
6,9,3.875,6,0.0,0.0,0.0
6,9,4.125,6,0.0,0.0,0.0
6,9,4.375,6,0.0,0.0,0.0
6,9,4.625,6,0.0,0.0,0.0
6,9,4.875,6,0.0,0.0,0.0
7,1,0.125,5,0.0,0.5,
7,1,0.375,5,0.0,0.05426208651399491,1.4938704028021015
7,1,0.625,6,0.0,0.08412421446883339,0.7895975416850349
7,1,0.875,6,0.0,0.0,0.0
7,1,1.125,6,0.0,0.0,0.0
7,1,1.375,6,0.0,0.0,0.0
7,1,1.625,6,0.0,0.0,0.0
7,1,1.875,6,0.0,0.0,0.0
7,1,2.125,6,0.0,0.0,0.0
7,1,2.375,6,0.0,0.0,0.0
7,1,2.625,6,0.0,0.0,0.0
7,1,2.875,6,0.0,0.0,0.0
7,1,3.125,6,0.0,0.0,0.0
7,1,3.375,6,0.0,0.0,0.0
7,1,3.625,6,0.0,0.0,0.0
7,1,3.875,6,0.0,0.0,0.0
7,1,4.125,6,0.0,0.0,0.0
7,1,4.375,6,0.0,0.0,0.0
7,1,4.625,6,0.0,0.0,0.0
7,1,4.875,6,0.0,0.0,0.0
7,2,0.125,5,0.0,0.0,
7,2,0.375,5,0.0,0.09809160305343512,2.7005253940455343
7,2,0.625,6,0.0,0.06546769820125171,0.6253336675604257
7,2,0.875,6,0.0,0.0,0.0
7,2,1.125,6,0.0,0.0,0.0
7,2,1.375,6,0.0,0.0,0.0
7,2,1.625,6,0.0,0.0,0.0
7,2,1.875,6,0.0,0.0,0.0
7,2,2.125,6,0.0,0.0,0.0
7,2,2.375,6,0.0,0.0,0.0
7,2,2.625,6,0.0,0.0,0.0
7,2,2.875,6,0.0,0.0,0.0
7,2,3.125,6,0.0,0.0,0.0
7,2,3.375,6,0.0,0.0,0.0
7,2,3.625,6,0.0,0.0,0.0
7,2,3.875,6,0.0,0.0,0.0
7,2,4.125,6,0.0,0.0,0.0
7,2,4.375,6,0.0,0.0,0.0
7,2,4.625,6,0.0,0.0,0.0
7,2,4.875,6,0.0,0.0,0.0
7,3,0.125,5,0.0,0.5,
7,3,0.375,5,0.0,0.5512722646310433,1.4115586690017514
7,3,0.625,6,0.0,0.06058449029499588,0.5544833498619957
7,3,0.875,6,0.0,0.0,0.0
7,3,1.125,6,0.0,0.0,0.0
7,3,1.375,6,0.0,0.0,0.0
7,3,1.625,6,0.0,0.0,0.0
7,3,1.875,6,0.0,0.0,0.0
7,3,2.125,6,0.0,0.0,0.0
7,3,2.375,6,0.0,0.0,0.0
7,3,2.625,6,0.0,0.0,0.0
7,3,2.875,6,0.0,0.0,0.0
7,3,3.125,6,0.0,0.0,0.0
7,3,3.375,6,0.0,0.0,0.0
7,3,3.625,6,0.0,0.0,0.0
7,3,3.875,6,0.0,0.0,0.0
7,3,4.125,6,0.0,0.0,0.0
7,3,4.375,6,0.0,0.0,0.0
7,3,4.625,6,0.0,0.0,0.0
7,3,4.875,6,0.0,0.0,0.0
7,4,0.125,5,0.0,0.0,
7,4,0.375,5,0.0,0.05858778625954199,1.6129597197898424
7,4,0.625,6,0.0,0.053608154933118594,0.5912604324734446
7,4,0.875,6,0.0,0.0,0.0
7,4,1.125,6,0.0,0.0,0.0
7,4,1.375,6,0.0,0.0,0.0
7,4,1.625,6,0.0,0.0,0.0
7,4,1.875,6,0.0,0.0,0.0
7,4,2.125,6,0.0,0.0,0.0
7,4,2.375,6,0.0,0.0,0.0
7,4,2.625,6,0.0,0.0,0.0
7,4,2.875,6,0.0,0.0,0.0
7,4,3.125,6,0.0,0.0,0.0
7,4,3.375,6,0.0,0.0,0.0
7,4,3.625,6,0.0,0.0,0.0
7,4,3.875,6,0.0,0.0,0.0
7,4,4.125,6,0.0,0.0,0.0
7,4,4.375,6,0.0,0.0,0.0
7,4,4.625,6,0.0,0.0,0.0
7,4,4.875,6,0.0,0.0,0.0
7,5,0.125,5,0.0,0.0,
7,5,0.375,5,0.0,0.07391857506361323,2.0350262697022767
7,5,0.625,6,0.0,0.06315745337755639,0.5676781470768504
7,5,0.875,6,0.0,0.0,0.0
7,5,1.125,6,0.0,0.0,0.0
7,5,1.375,6,0.0,0.0,0.0
7,5,1.625,6,0.0,0.0,0.0
7,5,1.875,6,0.0,0.0,0.0
7,5,2.125,6,0.0,0.0,0.0
7,5,2.375,6,0.0,0.0,0.0
7,5,2.625,6,0.0,0.0,0.0
7,5,2.875,6,0.0,0.0,0.0
7,5,3.125,6,0.0,0.0,0.0
7,5,3.375,6,0.0,0.0,0.0
7,5,3.625,6,0.0,0.0,0.0
7,5,3.875,6,0.0,0.0,0.0
7,5,4.125,6,0.0,0.0,0.0
7,5,4.375,6,0.0,0.0,0.0
7,5,4.625,6,0.0,0.0,0.0
7,5,4.875,6,0.0,0.0,0.0
7,6,0.125,5,0.0,0.0,
7,6,0.375,5,0.0,0.06253180661577608,1.7215411558669003
7,6,0.625,6,0.0,0.06439179994439648,0.6305637169002364
7,6,0.875,6,0.0,0.0,0.0
7,6,1.125,6,0.0,0.0,0.0
7,6,1.375,6,0.0,0.0,0.0
7,6,1.625,6,0.0,0.0,0.0
7,6,1.875,6,0.0,0.0,0.0
7,6,2.125,6,0.0,0.0,0.0
7,6,2.375,6,0.0,0.0,0.0
7,6,2.625,6,0.0,0.0,0.0
7,6,2.875,6,0.0,0.0,0.0
7,6,3.125,6,0.0,0.0,0.0
7,6,3.375,6,0.0,0.0,0.0
7,6,3.625,6,0.0,0.0,0.0
7,6,3.875,6,0.0,0.0,0.0
7,6,4.125,6,0.0,0.0,0.0
7,6,4.375,6,0.0,0.0,0.0
7,6,4.625,6,0.0,0.0,0.0
7,6,4.875,6,0.0,0.0,0.0
7,7,0.125,5,0.0,0.0,
7,7,0.375,5,0.0,0.036323155216284986,1.0
7,7,0.625,6,0.0,0.5511137484322544,1.0
7,7,0.875,6,0.0,1.0,1.0
7,7,1.125,6,239.25,1.0,1.0
7,7,1.375,6,351.25,1.0,1.0
7,7,1.625,6,576.0,1.0,1.0
7,7,1.875,6,733.25,1.0,1.0
7,7,2.125,6,714.25,1.0,1.0
7,7,2.375,6,643.75,1.0,1.0
7,7,2.625,6,540.75,1.0,1.0
7,7,2.875,6,739.5,1.0,1.0
7,7,3.125,6,378.75,1.0,1.0
7,7,3.375,6,1095.0,1.0,1.0
7,7,3.625,6,1868.0,1.0,1.0
7,7,3.875,6,1322.25,1.0,1.0
7,7,4.125,6,1294.5,1.0,1.0
7,7,4.375,6,787.25,1.0,1.0
7,7,4.625,6,186.75,1.0,1.0
7,7,4.875,6,1729.5,1.0,1.0
7,8,0.125,5,0.0,0.0,
7,8,0.375,5,0.0,0.03931297709923664,1.0823117338003503
7,8,0.625,6,0.0,0.01477176665093577,0.13411670580651103
7,8,0.875,6,0.0,0.0,0.0
7,8,1.125,6,0.0,0.0,0.0
7,8,1.375,6,0.0,0.0,0.0
7,8,1.625,6,0.0,0.0,0.0
7,8,1.875,6,0.0,0.0,0.0
7,8,2.125,6,0.0,0.0,0.0
7,8,2.375,6,0.0,0.0,0.0
7,8,2.625,6,0.0,0.0,0.0
7,8,2.875,6,0.0,0.0,0.0
7,8,3.125,6,0.0,0.0,0.0
7,8,3.375,6,0.0,0.0,0.0
7,8,3.625,6,0.0,0.0,0.0
7,8,3.875,6,0.0,0.0,0.0
7,8,4.125,6,0.0,0.0,0.0
7,8,4.375,6,0.0,0.0,0.0
7,8,4.625,6,0.0,0.0,0.0
7,8,4.875,6,0.0,0.0,0.0
7,9,0.125,5,0.0,0.0,
7,9,0.375,5,0.0,0.025699745547073792,0.7075306479859895
7,9,0.625,6,0.0,0.03526843142445632,0.32689927594276647
7,9,0.875,6,0.0,0.0,0.0
7,9,1.125,6,0.0,0.0,0.0
7,9,1.375,6,0.0,0.0,0.0
7,9,1.625,6,0.0,0.0,0.0
7,9,1.875,6,0.0,0.0,0.0
7,9,2.125,6,0.0,0.0,0.0
7,9,2.375,6,0.0,0.0,0.0
7,9,2.625,6,0.0,0.0,0.0
7,9,2.875,6,0.0,0.0,0.0
7,9,3.125,6,0.0,0.0,0.0
7,9,3.375,6,0.0,0.0,0.0
7,9,3.625,6,0.0,0.0,0.0
7,9,3.875,6,0.0,0.0,0.0
7,9,4.125,6,0.0,0.0,0.0
7,9,4.375,6,0.0,0.0,0.0
7,9,4.625,6,0.0,0.0,0.0
7,9,4.875,6,0.0,0.0,0.0
8,1,0.125,6,0.0,0.05052696838189709,0.6611292373205888
8,1,0.375,5,0.0,0.1267791940116093,0.6254545454545455
8,1,0.625,6,22.5,0.04356243949661181,0.10657908762310685
8,1,0.875,5,0.0,0.08116595312633577,0.10294117647058823
8,1,1.125,6,28.0,0.04266009934326766,0.0
8,1,1.375,6,0.5,0.0006596306068601583,0.0006849315068493151
8,1,1.625,6,66.0,0.022181146025878003,0.02353710362863681
8,1,1.875,6,55.5,0.013266130398007111,0.01536144578313253
8,1,2.125,6,88.0,0.02077195563766013,0.02439207479144153
8,1,2.375,6,26.75,0.01014704287978392,0.012330855152550876
8,1,2.625,6,0.0,0.0,0.0
8,1,2.875,6,72.25,0.013568748192345288,0.015461046200324645
8,1,3.125,6,5.0,0.0012993970388329064,0.0013843110432377932
8,1,3.375,6,13.0,0.005434782608695652,0.008301332730969054
8,1,3.625,6,16.0,0.0024044032444959446,0.004343970448999187
8,1,3.875,6,74.0,0.008170485175202157,0.009101144680052542
8,1,4.125,6,34.5,0.005742191692604916,0.0060159676149780725
8,1,4.375,6,15.0,0.0021401563624444397,0.0023178524086645367
8,1,4.625,6,0.0,0.0,0.0
8,1,4.875,6,108.75,0.02648845895966658,0.021880345742807755
8,2,0.125,6,135.5,0.12867214349606892,2.6155983261279236
8,2,0.375,5,0.0,0.17877076982007278,0.8581818181818182
8,2,0.625,6,0.0,0.07710262782277762,0.41004678359150776
8,2,0.875,5,0.0,0.0,1.446805464161244
8,2,1.125,6,0.0,0.0,0.0
8,2,1.375,6,0.0,0.0,0.0
8,2,1.625,6,0.0,0.0,0.0
8,2,1.875,6,0.5,0.00013354700854700856,0.00017972681524083394
8,2,2.125,6,0.75,0.0003541076487252125,0.0004098360655737705
8,2,2.375,6,70.25,0.0181159971226865,0.021952011911244514
8,2,2.625,6,25.0,0.007651331157525127,0.009046424064259512
8,2,2.875,6,20.5,0.0077898550724637685,0.013125911521633447
8,2,3.125,6,13.0,0.004561104575059722,0.0052013661454249115
8,2,3.375,6,0.0,0.0,0.0
8,2,3.625,6,23.0,0.0044752801560393575,0.0015535991714137752
8,2,3.875,6,8.0,0.009669708822251195,0.01096656492560055
8,2,4.125,6,14.5,0.003710320009771775,0.004200117380371632
8,2,4.375,6,0.0,0.0,0.0
8,2,4.625,6,0.0,0.0,0.0
8,2,4.875,6,0.0,0.0,0.0
8,3,0.125,6,0.0,0.050026752273943285,0.4192301296973728
8,3,0.375,5,0.0,0.0,0.0
8,3,0.625,6,40.25,0.06361607142857142,0.1098431787294846
8,3,0.875,5,0.0,0.0,0.0
8,3,1.125,6,62.5,0.01669900746422906,0.013308528906697195
8,3,1.375,6,0.0,0.0,0.0
8,3,1.625,6,108.5,0.05336403863743312,0.05943789962702166
8,3,1.875,6,6.5,0.0021501819384717167,0.0027230833682446586
8,3,2.125,6,8.5,0.002074688796680498,0.002450273854136639
8,3,2.375,6,0.0,0.0,0.0
8,3,2.625,6,8.25,0.003176742395071236,0.003970163618864293
8,3,2.875,6,15.25,0.0029954280309002048,0.004053765735011735
8,3,3.125,6,6.5,0.0014867288218263503,0.001601482615189647
8,3,3.375,6,18.5,0.004637516562559152,0.005680184066724187
8,3,3.625,6,0.0,0.0,0.0
8,3,3.875,6,0.0,0.0,0.0
8,3,4.125,6,7.5,0.0008792497069167644,0.000952018278750952
8,3,4.375,6,0.0,0.0,0.0
8,3,4.625,6,28.5,0.004586967479719976,0.004997258638119716
8,3,4.875,6,0.0,0.0,0.0
8,4,0.125,6,0.0,0.06566397652237711,1.8794599018003275
8,4,0.375,5,21.0,0.10081016867280529,0.4
8,4,0.625,6,62.0,0.060267857142857144,0.26342233354158134
8,4,0.875,5,0.0,0.012534238269289939,0.09453781512605042
8,4,1.125,6,0.0,0.0,0.0
8,4,1.375,6,0.0,0.0,0.0
8,4,1.625,6,5.25,0.004944627578799214,0.006727328799776665
8,4,1.875,6,0.0,0.0,0.0
8,4,2.125,6,0.0,0.0,0.0
8,4,2.375,6,87.75,0.031892528226360156,0.03261423648398281
8,4,2.625,6,4.75,0.001136091844056446,0.0012305699481865286
8,4,2.875,6,0.0,0.0,0.0
8,4,3.125,6,8.0,0.0022114122815398624,0.002434355122904139
8,4,3.375,6,16.0,0.007401602229188436,0.009133892112615517
8,4,3.625,6,0.0,0.0,0.0
8,4,3.875,6,125.0,0.01986505586563361,0.025904011631413086
8,4,4.125,6,0.0,0.0,0.0
8,4,4.375,6,16.5,0.0019401963022141063,0.0021115389392622036
8,4,4.625,6,23.0,0.0036763057834140146,0.003936730472210654
8,4,4.875,6,0.0,0.0,0.0
8,5,0.125,6,11.0,0.06118433995671847,0.7514473874656246
8,5,0.375,5,0.0,0.09319664492078285,0.8926174496644296
8,5,0.625,6,0.0,0.0,0.5904237862637427
8,5,0.875,5,0.0,0.0,0.0
8,5,1.125,6,0.0,0.0,0.0
8,5,1.375,6,0.0,0.0,0.0
8,5,1.625,6,0.0,0.0,0.0
8,5,1.875,6,0.0,0.0,0.0
8,5,2.125,6,0.0,0.0,0.0
8,5,2.375,6,6.75,0.002025810324129652,0.005739059969570533
8,5,2.625,6,0.0,0.0,0.0
8,5,2.875,6,0.0,0.0,0.0
8,5,3.125,6,0.0,0.0,0.0
8,5,3.375,6,27.5,0.009406354515050168,0.011312217194570135
8,5,3.625,6,0.0,0.0,0.0
8,5,3.875,6,0.0,0.0,0.0
8,5,4.125,6,0.0,0.0,0.0
8,5,4.375,6,0.0,0.0,0.0
8,5,4.625,6,0.0,0.0,0.0
8,5,4.875,6,0.0,0.0,0.0
8,6,0.125,6,0.0,0.045508134873850505,1.2740177832919768
8,6,0.375,5,0.0,0.10344827586206896,0.4036363636363636
8,6,0.625,6,30.25,0.06217616580310881,0.5804773630185132
8,6,0.875,5,0.0,0.0,0.0
8,6,1.125,6,0.0,0.0,0.0
8,6,1.375,6,0.0,0.0,0.0
8,6,1.625,6,0.0,0.0,0.0
8,6,1.875,6,0.0,0.0,0.0
8,6,2.125,6,0.0,0.0,0.0
8,6,2.375,6,0.0,0.0,0.0
8,6,2.625,6,0.0,0.0,0.0
8,6,2.875,6,16.25,0.006438862680096902,0.007692307692307693
8,6,3.125,6,0.0,0.0,0.0
8,6,3.375,6,4.0,0.0009821896280775276,0.0010071169598496038
8,6,3.625,6,0.0,0.0,0.0
8,6,3.875,6,21.5,0.002903835764451648,0.0037287547693374955
8,6,4.125,6,0.0,0.0,0.0
8,6,4.375,6,0.0,0.0,0.0
8,6,4.625,6,0.0,0.0,0.0
8,6,4.875,6,0.0,0.0,0.0
8,7,0.125,6,0.0,0.029980657640232108,0.3645574283872156
8,7,0.375,5,2.0,0.046679041733436205,0.2509090909090909
8,7,0.625,6,0.0,0.0,0.3834028441352831
8,7,0.875,5,0.0,0.0,0.06302521008403361
8,7,1.125,6,0.0,0.0,0.0
8,7,1.375,6,9.0,0.0040860215053763445,0.004102785575469661
8,7,1.625,6,0.0,0.0,0.0
8,7,1.875,6,0.0,0.0,0.0
8,7,2.125,6,9.25,0.0020496343895413252,0.002331149193548387
8,7,2.375,6,0.0,0.0,0.0
8,7,2.625,6,0.0,0.0,0.0
8,7,2.875,6,0.0,0.0,0.0
8,7,3.125,6,0.0,0.0,0.0
8,7,3.375,6,0.0,0.0,0.0
8,7,3.625,6,0.0,0.0,0.0
8,7,3.875,6,0.0,0.0,0.0
8,7,4.125,6,14.5,0.002475670138296056,0.002863349131121643
8,7,4.375,6,13.5,0.002943408009779691,0.003115931057794702
8,7,4.625,6,5.5,0.0006309510152575428,0.0006606606606606607
8,7,4.875,6,0.0,0.0,0.0
8,8,0.125,6,22.0,0.08213620234528211,1.0
8,8,0.375,5,0.0,0.05076865137404462,1.0
8,8,0.625,6,255.5,0.1278648974668275,1.0
8,8,0.875,5,0.0,0.05977302243943487,1.0
8,8,1.125,6,800.25,0.6928910063395866,1.0
8,8,1.375,6,887.0,0.8757681004541812,1.0
8,8,1.625,6,1633.25,0.7827885808853952,1.0
8,8,1.875,6,1697.0,0.8287154495108349,1.0
8,8,2.125,6,1928.25,0.8659814727773736,1.0
8,8,2.375,6,2359.75,0.8113516199322723,1.0
8,8,2.625,6,2073.75,0.8585302694706982,1.0
8,8,2.875,6,2044.25,0.8567477017247382,1.0
8,8,3.125,6,2268.75,0.8969663815817768,1.0
8,8,3.375,6,1777.25,0.8310413586825729,1.0
8,8,3.625,6,2569.0,0.8329102828051653,1.0
8,8,3.875,6,3660.0,0.8638082472485592,1.0
8,8,4.125,6,3266.0,0.8679662388144688,1.0
8,8,4.375,6,3086.5,0.8778313034790491,1.0
8,8,4.625,6,3619.75,0.9049519183449873,1.0
8,8,4.875,6,3048.25,0.885210618504271,1.0
8,9,0.125,6,0.0,0.0,0.0
8,9,0.375,5,0.0,0.055844908378363145,0.959731543624161
8,9,0.625,6,0.0,0.0,0.25743693051714933
8,9,0.875,5,0.0,0.0,0.0
8,9,1.125,6,0.0,0.0,0.0
8,9,1.375,6,0.0,0.0,0.0
8,9,1.625,6,0.0,0.0,0.0
8,9,1.875,6,0.0,0.0,0.0
8,9,2.125,6,0.0,0.0,0.0
8,9,2.375,6,0.0,0.0,0.0
8,9,2.625,6,0.0,0.0,0.0
8,9,2.875,6,0.0,0.0,0.0
8,9,3.125,6,0.0,0.0,0.0
8,9,3.375,6,0.0,0.0,0.0
8,9,3.625,6,0.0,0.0,0.0
8,9,3.875,6,0.0,0.0,0.0
8,9,4.125,6,0.0,0.0,0.0
8,9,4.375,6,0.0,0.0,0.0
8,9,4.625,6,0.0,0.0,0.0
8,9,4.875,6,0.0,0.0,0.0
9,1,0.125,6,103.25,0.0945201449527299,0.9364669738863287
9,1,0.375,6,350.75,0.13654038922071848,1.2067736185383244
9,1,0.625,5,184.0,0.07638024076380241,1.2901147061779685
9,1,0.875,5,237.5,0.13978568327735508,1.0430622009569377
9,1,1.125,5,309.5,0.14214250270385367,0.4083968030796298
9,1,1.375,6,123.25,0.04832809085325274,0.10743740094658429
9,1,1.625,6,115.5,0.03659897174919789,0.06975590724805933
9,1,1.875,6,118.0,0.04128953007241023,0.08540673696507096
9,1,2.125,6,150.5,0.049062619147954165,0.08719701197998685
9,1,2.375,6,113.25,0.024230286981315054,0.0638923239138962
9,1,2.625,6,161.75,0.052867691837495706,0.07690678200390284
9,1,2.875,6,88.25,0.030038566421694737,0.04587942628119225
9,1,3.125,6,187.75,0.03921844650339999,0.07487789279503941
9,1,3.375,6,129.5,0.03761334719139029,0.049598386378362835
9,1,3.625,6,194.0,0.040623380588504246,0.06006603241285366
9,1,3.875,6,143.25,0.029877490517886733,0.0503643830433118
9,1,4.125,6,165.5,0.034929487023008424,0.04722398538881037
9,1,4.375,6,190.0,0.03077269670483864,0.040224359914032726
9,1,4.625,6,130.0,0.025885108166623025,0.03080183182934489
9,1,4.875,6,129.25,0.020945124750708272,0.025733021278316812
9,2,0.125,6,231.0,0.11714582507496371,1.3679004687069203
9,2,0.375,6,256.75,0.14421725751582667,0.594302756067462
9,2,0.625,5,299.0,0.16675734494015235,2.064267113095238
9,2,0.875,5,356.0,0.1511030282281317,1.6425151598204804
9,2,1.125,5,265.0,0.1307544513538946,0.21710526315789475
9,2,1.375,6,180.0,0.07901561622336838,0.09036710203069746
9,2,1.625,6,308.5,0.12160952184017887,0.2524938729201631
9,2,1.875,6,280.0,0.08515603976538008,0.15676359039190896
9,2,2.125,6,219.0,0.06618254255009301,0.12293867151640656
9,2,2.375,6,299.25,0.08580373506901486,0.16544888697169957
9,2,2.625,6,257.75,0.06733057507824183,0.11338839632911718
9,2,2.875,6,280.5,0.07670313120921733,0.13589373131708746
9,2,3.125,6,185.0,0.04988208112689298,0.09418048719114049
9,2,3.375,6,267.0,0.07862024051247173,0.11680273592968342
9,2,3.625,6,202.25,0.05039729554837876,0.06639225718173086
9,2,3.875,6,265.75,0.05592091095502284,0.07779650110556521
9,2,4.125,6,295.5,0.04817836491599757,0.07065538663757424
9,2,4.375,6,325.5,0.04985244572244642,0.07466227328167306
9,2,4.625,6,252.5,0.0392693582403392,0.05148800463952077
9,2,4.875,6,182.0,0.03703166386709814,0.05147291350849288
9,3,0.125,6,233.0,0.11214534159196102,1.5318696883852692
9,3,0.375,6,100.75,0.04757306231696401,0.20163170163170163
9,3,0.625,5,282.0,0.1252479455936526,1.1377163346741606
9,3,0.875,5,109.0,0.04894629503738953,0.3444976076555024
9,3,1.125,5,31.5,0.017568321249302844,0.018795550441120062
9,3,1.375,6,71.25,0.044389654698434686,0.030725346338271703
9,3,1.625,6,44.5,0.011884438294155114,0.044252745996537744
9,3,1.875,6,51.75,0.01821173858641685,0.03642746724436641
9,3,2.125,6,74.0,0.028726791468467086,0.03896828260783888
9,3,2.375,6,97.75,0.03151980566279898,0.05028539841374234
9,3,2.625,6,104.25,0.044641327044763215,0.08619396396443352
9,3,2.875,6,105.5,0.02953037078710153,0.047731133584915666
9,3,3.125,6,31.5,0.008235794120409505,0.013899292326324452
9,3,3.375,6,67.25,0.031785953035349666,0.042091696398681065
9,3,3.625,6,169.0,0.03810589918293042,0.05045265354091914
9,3,3.875,6,124.25,0.03535294121325946,0.06116268827190058
9,3,4.125,6,92.0,0.019917562491382226,0.029045433092460663
9,3,4.375,6,100.25,0.018703769201896703,0.02352512035376121
9,3,4.625,6,74.5,0.017032490504741014,0.02149735778818924
9,3,4.875,6,12.75,0.00177157148812005,0.0043829494671708494
9,4,0.125,6,259.5,0.16751943032906969,1.8220211161387632
9,4,0.375,6,353.75,0.1624815439420024,1.4757644316467846
9,4,0.625,5,341.0,0.1421425593997499,0.9104865741679766
9,4,0.875,5,162.5,0.09011926794159983,0.3419354838709677
9,4,1.125,5,210.0,0.09061470050932093,0.10510164940544688
9,4,1.375,6,222.75,0.07323151955782496,0.1553353831150603
9,4,1.625,6,201.75,0.04605411259210558,0.09734354167148779
9,4,1.875,6,273.25,0.07177728053215986,0.14132914735139257
9,4,2.125,6,287.0,0.07539945108751517,0.1260881983195791
9,4,2.375,6,159.0,0.05646568058991473,0.1072252225533115
9,4,2.625,6,154.25,0.04393584602498875,0.07775344170346493
9,4,2.875,6,213.0,0.06450094400213309,0.09272353121256194
9,4,3.125,6,249.0,0.0577433710952058,0.10338562987244262
9,4,3.375,6,188.0,0.058909220497767804,0.10361908408395015
9,4,3.625,6,192.5,0.04695827025495738,0.0731696018271645
9,4,3.875,6,187.0,0.03870787773523336,0.05585700489713856
9,4,4.125,6,249.5,0.04323722592343124,0.06463888484796239
9,4,4.375,6,266.5,0.046984832105091995,0.06561205456742994
9,4,4.625,6,215.5,0.045588685357287245,0.057010822771141334
9,4,4.875,6,223.25,0.043507241757886325,0.046165128714924675
9,5,0.125,6,166.75,0.11555307931616393,1.4907664678774735
9,5,0.375,6,272.5,0.1110499287745901,0.6097627862333745
9,5,0.625,5,95.0,0.036204268292682924,1.3383028892072588
9,5,0.875,5,231.0,0.13789417363973477,1.105263157894737
9,5,1.125,5,152.5,0.07163144939706846,0.06235827664399093
9,5,1.375,6,90.25,0.037274280030326304,0.052517219040992894
9,5,1.625,6,226.5,0.07643452857426297,0.22018783627386565
9,5,1.875,6,189.5,0.0471194673152201,0.09655466334034979
9,5,2.125,6,168.5,0.04924136035803345,0.08339708397879968
9,5,2.375,6,229.75,0.058100706451271494,0.09117151278888005
9,5,2.625,6,176.25,0.04908047373562331,0.09912462938227495
9,5,2.875,6,152.0,0.04944385641113133,0.07018697783125458
9,5,3.125,6,232.75,0.05848332600609843,0.08548432181682736
9,5,3.375,6,176.75,0.05199966525052256,0.07927179487179487
9,5,3.625,6,140.5,0.022816752650607303,0.034523888838278706
9,5,3.875,6,214.5,0.0530087305750407,0.07476463205659122
9,5,4.125,6,184.0,0.04718951621241924,0.06710465936320219
9,5,4.375,6,249.25,0.03675486357208465,0.05211100268561651
9,5,4.625,6,183.5,0.03483953517518369,0.05312344571121122
9,5,4.875,6,168.25,0.03250077939577273,0.044850670306940454
9,6,0.125,6,150.75,0.08097722425271806,1.116532591033803
9,6,0.375,6,156.0,0.0492986057130859,0.5795365418894831
9,6,0.625,5,40.0,0.011334655709832813,0.14646838393802716
9,6,0.875,5,192.0,0.10354976440135191,0.6836203597397628
9,6,1.125,5,20.0,0.0052397170552790145,0.01534330648254699
9,6,1.375,6,58.75,0.02115395630213541,0.01939655172413793
9,6,1.625,6,122.5,0.036704971661762925,0.05566723933286203
9,6,1.875,6,2.5,0.0005659950192438306,0.0012285012285012285
9,6,2.125,6,40.5,0.007465437788018434,0.015134529147982063
9,6,2.375,6,55.5,0.023980248948369864,0.05119904088691643
9,6,2.625,6,91.25,0.022591531929343996,0.039908825952433676
9,6,2.875,6,73.5,0.019915542421263303,0.03013257316820097
9,6,3.125,6,63.25,0.015841367332838932,0.03117353198727957
9,6,3.375,6,12.25,0.002712794279912875,0.0033584403497971278
9,6,3.625,6,49.0,0.009604373593404065,0.012672113458594873
9,6,3.875,6,139.25,0.036197852391248765,0.05287540367189225
9,6,4.125,6,85.0,0.02233984410519127,0.03211690796589838
9,6,4.375,6,57.0,0.011298743192283446,0.014739726153866439
9,6,4.625,6,69.5,0.014405626542016488,0.02022851266426272
9,6,4.875,6,39.75,0.004894173493241546,0.006412769661268703
9,7,0.125,6,154.0,0.07155568408828197,1.1483968894248764
9,7,0.375,6,128.0,0.0583687798202411,0.7904154668860551
9,7,0.625,5,196.0,0.10032894736842106,0.767454954954955
9,7,0.875,5,141.5,0.0849788136360363,0.6902439024390243
9,7,1.125,5,189.5,0.08810093126528847,0.22856188707522887
9,7,1.375,6,54.25,0.033353234530975856,0.030210643015521066
9,7,1.625,6,55.5,0.026290441034996313,0.057730911783468536
9,7,1.875,6,81.0,0.03372885310656118,0.08283108920941029
9,7,2.125,6,134.0,0.030444559854047006,0.049648181439046035
9,7,2.375,6,44.5,0.010441069264995783,0.01302193016157098
9,7,2.625,6,44.0,0.012687427912341407,0.01128605631270525
9,7,2.875,6,54.25,0.016165027502103385,0.02419770431956459
9,7,3.125,6,55.75,0.0201262618824282,0.04023215233276736
9,7,3.375,6,69.75,0.021133620850071595,0.01795877760465782
9,7,3.625,6,120.5,0.02574801003621692,0.04314444543815392
9,7,3.875,6,115.0,0.020466128310088615,0.029262791062958874
9,7,4.125,6,157.5,0.027257312525513964,0.03915003636834913
9,7,4.375,6,99.25,0.020379483683088374,0.028806122395419707
9,7,4.625,6,91.0,0.015026619534516183,0.01812888591606342
9,7,4.875,6,10.5,0.0019455252918287938,0.0021618282890673254
9,8,0.125,6,65.0,0.04059789894275623,0.44713661674347155
9,8,0.375,6,146.0,0.05929682418757129,0.5245098039215687
9,8,0.625,5,247.0,0.10767922924341174,0.5632534396861044
9,8,0.875,5,123.0,0.03168365189698809,0.5885167464114832
9,8,1.125,5,57.5,0.03732539730239705,0.15573456079785195
9,8,1.375,6,107.75,0.05258878646693393,0.0563061727976876
9,8,1.625,6,174.25,0.055997816056950714,0.11895026837196415
9,8,1.875,6,154.5,0.04476214703533037,0.08753132759826872
9,8,2.125,6,74.5,0.021987366375121477,0.030308533459761915
9,8,2.375,6,91.5,0.0313882012218108,0.04897910829969653
9,8,2.625,6,110.0,0.02444918115015992,0.03916286641420327
9,8,2.875,6,98.5,0.029999911960894986,0.07514597107815382
9,8,3.125,6,111.0,0.04004154770390696,0.05286975776464917
9,8,3.375,6,102.0,0.0313650054638614,0.04684815047206797
9,8,3.625,6,93.0,0.0177132218244204,0.021046066223915538
9,8,3.875,6,173.5,0.03625150342964396,0.05262166861926328
9,8,4.125,6,168.75,0.02610831884299204,0.036648681342124186
9,8,4.375,6,231.5,0.04004792565209473,0.05227012575146949
9,8,4.625,6,178.0,0.021336426149467527,0.029518620936613643
9,8,4.875,6,182.0,0.026483246952300893,0.03278461327814947
9,9,0.125,6,77.5,0.0448555008693163,1.0
9,9,0.375,6,209.25,0.08881213288613433,1.0
9,9,0.625,5,72.0,0.019709827539009035,1.0
9,9,0.875,5,274.5,0.09164404077330524,1.0
9,9,1.125,5,1303.5,0.3414985590778098,1.0
9,9,1.375,6,1304.5,0.4747619905801719,1.0
9,9,1.625,6,1498.5,0.5012865106019752,1.0
9,9,1.875,6,1851.0,0.4961755950837397,1.0
9,9,2.125,6,2013.0,0.5566241371708652,1.0
9,9,2.375,6,2197.0,0.5638306409247242,1.0
9,9,2.625,6,1972.0,0.5371120973844091,1.0
9,9,2.875,6,2057.0,0.6011570708977201,1.0
9,9,3.125,6,2110.25,0.5720098429439426,1.0
9,9,3.375,6,2886.0,0.5803943125161738,1.0
9,9,3.625,6,2861.0,0.6343890741898006,1.0
9,9,3.875,6,2984.0,0.6432598268424508,1.0
9,9,4.125,6,3503.0,0.6815411076939623,1.0
9,9,4.375,6,4285.0,0.748933190532304,1.0
9,9,4.625,6,4059.0,0.7012400191349181,1.0
9,9,4.875,6,3777.5,0.7723204203092255,1.0
