margin,distance_quantile,retained,total,inner_validation_group,outer_fold
0.0,0.99,1932,2000,TEST2,1
0.0,0.995,1936,2000,TEST2,1
0.0,0.999,1938,2000,TEST2,1
0.05,0.99,1967,2000,TEST2,1
0.05,0.995,1971,2000,TEST2,1
0.05,0.999,1973,2000,TEST2,1
0.1,0.99,1971,2000,TEST2,1
0.1,0.995,1975,2000,TEST2,1
0.1,0.999,1977,2000,TEST2,1
0.0,0.99,1885,2000,TEST3,1
0.0,0.995,1889,2000,TEST3,1
0.0,0.999,1889,2000,TEST3,1
0.05,0.99,1935,2000,TEST3,1
0.05,0.995,1939,2000,TEST3,1
0.05,0.999,1939,2000,TEST3,1
0.1,0.99,1968,2000,TEST3,1
0.1,0.995,1972,2000,TEST3,1
0.1,0.999,1972,2000,TEST3,1
0.0,0.99,1904,2000,TEST4,1
0.0,0.995,1914,2000,TEST4,1
0.0,0.999,1920,2000,TEST4,1
0.05,0.99,1935,2000,TEST4,1
0.05,0.995,1945,2000,TEST4,1
0.05,0.999,1951,2000,TEST4,1
0.1,0.99,1941,2000,TEST4,1
0.1,0.995,1951,2000,TEST4,1
0.1,0.999,1957,2000,TEST4,1
0.0,0.99,1860,2000,TEST5,1
0.0,0.995,1868,2000,TEST5,1
0.0,0.999,1868,2000,TEST5,1
0.05,0.99,1899,2000,TEST5,1
0.05,0.995,1907,2000,TEST5,1
0.05,0.999,1908,2000,TEST5,1
0.1,0.99,1911,2000,TEST5,1
0.1,0.995,1919,2000,TEST5,1
0.1,0.999,1920,2000,TEST5,1
0.0,0.99,1770,2000,TEST6,1
0.0,0.995,1816,2000,TEST6,1
0.0,0.999,1876,2000,TEST6,1
0.05,0.99,1806,2000,TEST6,1
0.05,0.995,1855,2000,TEST6,1
0.05,0.999,1916,2000,TEST6,1
0.1,0.99,1815,2000,TEST6,1
0.1,0.995,1865,2000,TEST6,1
0.1,0.999,1928,2000,TEST6,1
0.0,0.99,45,2000,TEST1,2
0.0,0.995,45,2000,TEST1,2
0.0,0.999,45,2000,TEST1,2
0.05,0.99,47,2000,TEST1,2
0.05,0.995,47,2000,TEST1,2
0.05,0.999,47,2000,TEST1,2
0.1,0.99,47,2000,TEST1,2
0.1,0.995,47,2000,TEST1,2
0.1,0.999,47,2000,TEST1,2
0.0,0.99,1959,2000,TEST3,2
0.0,0.995,1959,2000,TEST3,2
0.0,0.999,1959,2000,TEST3,2
0.05,0.99,1982,2000,TEST3,2
0.05,0.995,1982,2000,TEST3,2
0.05,0.999,1982,2000,TEST3,2
0.1,0.99,1984,2000,TEST3,2
0.1,0.995,1984,2000,TEST3,2
0.1,0.999,1984,2000,TEST3,2
0.0,0.99,1924,2000,TEST4,2
0.0,0.995,1924,2000,TEST4,2
0.0,0.999,1924,2000,TEST4,2
0.05,0.99,1984,2000,TEST4,2
0.05,0.995,1984,2000,TEST4,2
0.05,0.999,1984,2000,TEST4,2
0.1,0.99,1986,2000,TEST4,2
0.1,0.995,1986,2000,TEST4,2
0.1,0.999,1986,2000,TEST4,2
0.0,0.99,1889,2000,TEST5,2
0.0,0.995,1891,2000,TEST5,2
0.0,0.999,1893,2000,TEST5,2
0.05,0.99,1952,2000,TEST5,2
0.05,0.995,1954,2000,TEST5,2
0.05,0.999,1956,2000,TEST5,2
0.1,0.99,1960,2000,TEST5,2
0.1,0.995,1963,2000,TEST5,2
0.1,0.999,1965,2000,TEST5,2
0.0,0.99,1930,2000,TEST6,2
0.0,0.995,1934,2000,TEST6,2
0.0,0.999,1934,2000,TEST6,2
0.05,0.99,1969,2000,TEST6,2
0.05,0.995,1973,2000,TEST6,2
0.05,0.999,1973,2000,TEST6,2
0.1,0.99,1973,2000,TEST6,2
0.1,0.995,1978,2000,TEST6,2
0.1,0.999,1978,2000,TEST6,2
0.0,0.99,40,2000,TEST1,3
0.0,0.995,40,2000,TEST1,3
0.0,0.999,40,2000,TEST1,3
0.05,0.99,42,2000,TEST1,3
0.05,0.995,42,2000,TEST1,3
0.05,0.999,42,2000,TEST1,3
0.1,0.99,42,2000,TEST1,3
0.1,0.995,42,2000,TEST1,3
0.1,0.999,42,2000,TEST1,3
0.0,0.99,1954,2000,TEST2,3
0.0,0.995,1954,2000,TEST2,3
0.0,0.999,1954,2000,TEST2,3
0.05,0.99,1994,2000,TEST2,3
0.05,0.995,1994,2000,TEST2,3
0.05,0.999,1994,2000,TEST2,3
0.1,0.99,1994,2000,TEST2,3
0.1,0.995,1994,2000,TEST2,3
0.1,0.999,1994,2000,TEST2,3
0.0,0.99,1924,2000,TEST4,3
0.0,0.995,1924,2000,TEST4,3
0.0,0.999,1924,2000,TEST4,3
0.05,0.99,1961,2000,TEST4,3
0.05,0.995,1961,2000,TEST4,3
0.05,0.999,1961,2000,TEST4,3
0.1,0.99,1964,2000,TEST4,3
0.1,0.995,1964,2000,TEST4,3
0.1,0.999,1964,2000,TEST4,3
0.0,0.99,1911,2000,TEST5,3
0.0,0.995,1911,2000,TEST5,3
0.0,0.999,1911,2000,TEST5,3
0.05,0.99,1948,2000,TEST5,3
0.05,0.995,1948,2000,TEST5,3
0.05,0.999,1948,2000,TEST5,3
0.1,0.99,1954,2000,TEST5,3
0.1,0.995,1955,2000,TEST5,3
0.1,0.999,1956,2000,TEST5,3
0.0,0.99,1932,2000,TEST6,3
0.0,0.995,1937,2000,TEST6,3
0.0,0.999,1942,2000,TEST6,3
0.05,0.99,1964,2000,TEST6,3
0.05,0.995,1969,2000,TEST6,3
0.05,0.999,1974,2000,TEST6,3
0.1,0.99,1968,2000,TEST6,3
0.1,0.995,1973,2000,TEST6,3
0.1,0.999,1978,2000,TEST6,3
0.0,0.99,39,2000,TEST1,4
0.0,0.995,39,2000,TEST1,4
0.0,0.999,39,2000,TEST1,4
0.05,0.99,40,2000,TEST1,4
0.05,0.995,40,2000,TEST1,4
0.05,0.999,40,2000,TEST1,4
0.1,0.99,41,2000,TEST1,4
0.1,0.995,41,2000,TEST1,4
0.1,0.999,41,2000,TEST1,4
0.0,0.99,1956,2000,TEST2,4
0.0,0.995,1956,2000,TEST2,4
0.0,0.999,1956,2000,TEST2,4
0.05,0.99,1989,2000,TEST2,4
0.05,0.995,1989,2000,TEST2,4
0.05,0.999,1989,2000,TEST2,4
0.1,0.99,1990,2000,TEST2,4
0.1,0.995,1990,2000,TEST2,4
0.1,0.999,1990,2000,TEST2,4
0.0,0.99,1963,2000,TEST3,4
0.0,0.995,1963,2000,TEST3,4
0.0,0.999,1963,2000,TEST3,4
0.05,0.99,1979,2000,TEST3,4
0.05,0.995,1979,2000,TEST3,4
0.05,0.999,1979,2000,TEST3,4
0.1,0.99,1985,2000,TEST3,4
0.1,0.995,1985,2000,TEST3,4
0.1,0.999,1985,2000,TEST3,4
0.0,0.99,1878,2000,TEST5,4
0.0,0.995,1878,2000,TEST5,4
0.0,0.999,1878,2000,TEST5,4
0.05,0.99,1956,2000,TEST5,4
0.05,0.995,1956,2000,TEST5,4
0.05,0.999,1956,2000,TEST5,4
0.1,0.99,1961,2000,TEST5,4
0.1,0.995,1964,2000,TEST5,4
0.1,0.999,1964,2000,TEST5,4
0.0,0.99,1933,2000,TEST6,4
0.0,0.995,1947,2000,TEST6,4
0.0,0.999,1948,2000,TEST6,4
0.05,0.99,1966,2000,TEST6,4
0.05,0.995,1980,2000,TEST6,4
0.05,0.999,1981,2000,TEST6,4
0.1,0.99,1971,2000,TEST6,4
0.1,0.995,1985,2000,TEST6,4
0.1,0.999,1986,2000,TEST6,4
0.0,0.99,39,2000,TEST1,5
0.0,0.995,39,2000,TEST1,5
0.0,0.999,39,2000,TEST1,5
0.05,0.99,41,2000,TEST1,5
0.05,0.995,41,2000,TEST1,5
0.05,0.999,41,2000,TEST1,5
0.1,0.99,41,2000,TEST1,5
0.1,0.995,41,2000,TEST1,5
0.1,0.999,41,2000,TEST1,5
0.0,0.99,1943,2000,TEST2,5
0.0,0.995,1943,2000,TEST2,5
0.0,0.999,1943,2000,TEST2,5
0.05,0.99,1989,2000,TEST2,5
0.05,0.995,1989,2000,TEST2,5
0.05,0.999,1989,2000,TEST2,5
0.1,0.99,1989,2000,TEST2,5
0.1,0.995,1989,2000,TEST2,5
0.1,0.999,1989,2000,TEST2,5
0.0,0.99,1941,2000,TEST3,5
0.0,0.995,1942,2000,TEST3,5
0.0,0.999,1942,2000,TEST3,5
0.05,0.99,1963,2000,TEST3,5
0.05,0.995,1964,2000,TEST3,5
0.05,0.999,1964,2000,TEST3,5
0.1,0.99,1969,2000,TEST3,5
0.1,0.995,1970,2000,TEST3,5
0.1,0.999,1970,2000,TEST3,5
0.0,0.99,1894,2000,TEST4,5
0.0,0.995,1898,2000,TEST4,5
0.0,0.999,1899,2000,TEST4,5
0.05,0.99,1973,2000,TEST4,5
0.05,0.995,1977,2000,TEST4,5
0.05,0.999,1978,2000,TEST4,5
0.1,0.99,1978,2000,TEST4,5
0.1,0.995,1982,2000,TEST4,5
0.1,0.999,1983,2000,TEST4,5
0.0,0.99,1887,2000,TEST6,5
0.0,0.995,1889,2000,TEST6,5
0.0,0.999,1905,2000,TEST6,5
0.05,0.99,1928,2000,TEST6,5
0.05,0.995,1932,2000,TEST6,5
0.05,0.999,1949,2000,TEST6,5
0.1,0.99,1935,2000,TEST6,5
0.1,0.995,1940,2000,TEST6,5
0.1,0.999,1957,2000,TEST6,5
0.0,0.99,39,2000,TEST1,6
0.0,0.995,39,2000,TEST1,6
0.0,0.999,39,2000,TEST1,6
0.05,0.99,39,2000,TEST1,6
0.05,0.995,39,2000,TEST1,6
0.05,0.999,39,2000,TEST1,6
0.1,0.99,39,2000,TEST1,6
0.1,0.995,39,2000,TEST1,6
0.1,0.999,39,2000,TEST1,6
0.0,0.99,1957,2000,TEST2,6
0.0,0.995,1957,2000,TEST2,6
0.0,0.999,1957,2000,TEST2,6
0.05,0.99,1985,2000,TEST2,6
0.05,0.995,1985,2000,TEST2,6
0.05,0.999,1985,2000,TEST2,6
0.1,0.99,1987,2000,TEST2,6
0.1,0.995,1987,2000,TEST2,6
0.1,0.999,1987,2000,TEST2,6
0.0,0.99,1948,2000,TEST3,6
0.0,0.995,1949,2000,TEST3,6
0.0,0.999,1949,2000,TEST3,6
0.05,0.99,1969,2000,TEST3,6
0.05,0.995,1970,2000,TEST3,6
0.05,0.999,1970,2000,TEST3,6
0.1,0.99,1972,2000,TEST3,6
0.1,0.995,1973,2000,TEST3,6
0.1,0.999,1973,2000,TEST3,6
0.0,0.99,1953,2000,TEST4,6
0.0,0.995,1955,2000,TEST4,6
0.0,0.999,1966,2000,TEST4,6
0.05,0.99,1982,2000,TEST4,6
0.05,0.995,1984,2000,TEST4,6
0.05,0.999,1995,2000,TEST4,6
0.1,0.99,1982,2000,TEST4,6
0.1,0.995,1984,2000,TEST4,6
0.1,0.999,1995,2000,TEST4,6
0.0,0.99,1883,2000,TEST5,6
0.0,0.995,1886,2000,TEST5,6
0.0,0.999,1887,2000,TEST5,6
0.05,0.99,1944,2000,TEST5,6
0.05,0.995,1947,2000,TEST5,6
0.05,0.999,1948,2000,TEST5,6
0.1,0.99,1952,2000,TEST5,6
0.1,0.995,1955,2000,TEST5,6
0.1,0.999,1956,2000,TEST5,6
0.0,0.99,40,2000,TEST1,development
0.0,0.995,40,2000,TEST1,development
0.0,0.999,40,2000,TEST1,development
0.05,0.99,43,2000,TEST1,development
0.05,0.995,43,2000,TEST1,development
0.05,0.999,43,2000,TEST1,development
0.1,0.99,43,2000,TEST1,development
0.1,0.995,43,2000,TEST1,development
0.1,0.999,43,2000,TEST1,development
0.0,0.99,1962,2000,TEST2,development
0.0,0.995,1962,2000,TEST2,development
0.0,0.999,1962,2000,TEST2,development
0.05,0.99,1990,2000,TEST2,development
0.05,0.995,1990,2000,TEST2,development
0.05,0.999,1990,2000,TEST2,development
0.1,0.99,1990,2000,TEST2,development
0.1,0.995,1990,2000,TEST2,development
0.1,0.999,1990,2000,TEST2,development
0.0,0.99,1959,2000,TEST3,development
0.0,0.995,1959,2000,TEST3,development
0.0,0.999,1959,2000,TEST3,development
0.05,0.99,1974,2000,TEST3,development
0.05,0.995,1974,2000,TEST3,development
0.05,0.999,1974,2000,TEST3,development
0.1,0.99,1977,2000,TEST3,development
0.1,0.995,1977,2000,TEST3,development
0.1,0.999,1977,2000,TEST3,development
0.0,0.99,1940,2000,TEST4,development
0.0,0.995,1943,2000,TEST4,development
0.0,0.999,1947,2000,TEST4,development
0.05,0.99,1978,2000,TEST4,development
0.05,0.995,1981,2000,TEST4,development
0.05,0.999,1985,2000,TEST4,development
0.1,0.99,1980,2000,TEST4,development
0.1,0.995,1983,2000,TEST4,development
0.1,0.999,1987,2000,TEST4,development
0.0,0.99,1882,2000,TEST5,development
0.0,0.995,1882,2000,TEST5,development
0.0,0.999,1882,2000,TEST5,development
0.05,0.99,1945,2000,TEST5,development
0.05,0.995,1945,2000,TEST5,development
0.05,0.999,1945,2000,TEST5,development
0.1,0.99,1950,2000,TEST5,development
0.1,0.995,1950,2000,TEST5,development
0.1,0.999,1950,2000,TEST5,development
0.0,0.99,1899,2000,TEST6,development
0.0,0.995,1906,2000,TEST6,development
0.0,0.999,1911,2000,TEST6,development
0.05,0.99,1928,2000,TEST6,development
0.05,0.995,1935,2000,TEST6,development
0.05,0.999,1940,2000,TEST6,development
0.1,0.99,1930,2000,TEST6,development
0.1,0.995,1937,2000,TEST6,development
0.1,0.999,1943,2000,TEST6,development
