session_id,frames,median_global_signed_light,global_signed_light_mad,median_global_total_light,global_total_light_mad,global_signed_drift_light_per_min,data_origin
2026-08-08_165945_733163_1_R9_NOCONTACT,120,-74179.0,1924.0,1544.5,521.0,1258.1623578219412,empirical-manual-no-contact
2026-08-08_170033_095779_1_R8_NOCONTACT,120,-68846.5,1602.5,2924.0,593.5,1232.7766911719516,empirical-manual-no-contact
2026-08-08_170110_241265_1_R7_NOCONTACT,125,-71895.0,1882.0,2009.0,531.0,7860.930522514613,empirical-manual-no-contact
2026-08-08_170144_520372_1_R6_NOCONTACT,119,-73670.0,1765.0,1547.0,503.0,-7077.686876083009,empirical-manual-no-contact
2026-08-08_170226_232257_1_R5_NOCONTACT,130,-74754.0,2713.5,1504.0,527.0,-22871.335053216822,empirical-manual-no-contact
2026-08-08_170312_681393_1_R4_NOCONTACT,119,-77781.0,2287.0,748.0,376.0,13579.36724607704,empirical-manual-no-contact
2026-08-08_170412_350589_1_R3_NOCONTACT,124,-80146.5,2353.0,448.0,260.0,3770.048311278093,empirical-manual-no-contact
2026-08-08_170446_985345_1_R2_NOCONTACT,123,-81086.0,2300.0,431.0,278.0,3413.5953766505836,empirical-manual-no-contact
2026-08-08_173847_719544_1_R1_NOCONTACT_v2,128,-113416.0,3194.0,0.0,0.0,-18621.52955816412,empirical-manual-no-contact
2026-08-08_174143_480272_1_R1_NOCONTACT_v2_2,125,-128252.0,1668.0,0.0,0.0,-6865.379132110971,empirical-manual-no-contact
2026-08-08_174209_473656_1_R1_NOCONTACT_v2_3,119,-127002.0,1625.0,0.0,0.0,-12786.076905308284,empirical-manual-no-contact
