schema_version,study_config_hash,source_manifest_hash,created_by_run_id,archive_id,archive_role,archive_sha256,zip_member_root,collection_day,session_id,test_group,target_roi,contact_role,speed_mm_min,up_speed_mm_min,displacement_mm,cycle_plan,bottom_hold_s,top_dwell_s,layout_id,layout_hash,baseline_id,baseline_hash,source_video_member,master_csv_member,video_size_bytes,video_compressed_bytes,video_crc32,master_size_bytes,master_crc32,video_frame_count,video_frame_count_source,feature_row_count_reported,master_row_count,valid_force_row_count,force_min_N,force_max_N,raw_width,raw_height,oriented_width,oriented_height,camera_backend,camera_device_index,camera_exposure,camera_auto_exposure,camera_gain,camera_brightness,camera_contrast,camera_saturation,camera_sharpness,camera_gamma,camera_white_balance,camera_auto_white_balance,camera_focus,camera_auto_focus,camera_hue,camera_backlight_compensation,inclusion_status,reason_code,reason_codes_json,scientific_role,integrity_result,notes
1.0.0,6f461b755c26b227c1454a3f35e6683b7b47185c7e533043f0c09e9db5ab1fa5,d5f12dff622e6a7dc8dab85ad2c48858b5422975b67138c91ede303e08c6574b,archive-audit-dd1ed9cb68dab34b,manual,model_primary,e039dcd49f3390d34dc979490dcf46a6ecc43d9e6a2aec08e4952acc14b5006a,Manual Calibration/ROI 1/2026-08-08_142130_319119_1_R1_TEST1,2026-08-08,2026-08-08_142130_319119_1_R1_TEST1,TEST1,1,contact,,,,,,,roi-9fbc67c50ee3bc7145fa,e8b27fb48d15f2792633048d225ae113ba592743aa40276ddd19af79b5ef8b60,baseline-94bc554616954e3e994c1b9ae607805d,47fcfe5d93c1edb6ee745cbb182c11e501f9cb06314b690b36e65488e7adce72,Manual Calibration/ROI 1/2026-08-08_142130_319119_1_R1_TEST1/session_video.mp4,Manual Calibration/ROI 1/2026-08-08_142130_319119_1_R1_TEST1/master_synchronized.csv,20285483,19714893,7f986657,4487722,a6e6826c,1211,session_status.json,1211,1211,1211,-0.07943362573770502,19.59293956075807,640,480,480,640,DirectShow,0,-2.0,False,0.0,228.0,130.0,165.0,255.0,110.0,4600.0,True,0.0,True,128.0,4.0,included,,[],model_primary,pass,
1.0.0,6f461b755c26b227c1454a3f35e6683b7b47185c7e533043f0c09e9db5ab1fa5,d5f12dff622e6a7dc8dab85ad2c48858b5422975b67138c91ede303e08c6574b,archive-audit-dd1ed9cb68dab34b,manual,model_primary,e039dcd49f3390d34dc979490dcf46a6ecc43d9e6a2aec08e4952acc14b5006a,Manual Calibration/ROI 1/2026-08-08_152554_893849_1_R1_TEST2,2026-08-08,2026-08-08_152554_893849_1_R1_TEST2,TEST2,1,contact,,,,,,,roi-9fbc67c50ee3bc7145fa,e8b27fb48d15f2792633048d225ae113ba592743aa40276ddd19af79b5ef8b60,baseline-51658c86a67b4547bb12c9bc8fb3efd3,3437d8b0f306156e464b5e4c2ebd9b9ea1b1b298cd69783868f7246fdaeb7714,Manual Calibration/ROI 1/2026-08-08_152554_893849_1_R1_TEST2/session_video.mp4,Manual Calibration/ROI 1/2026-08-08_152554_893849_1_R1_TEST2/master_synchronized.csv,8018682,7701880,8e5b220f,1572672,9421c47f,424,session_status.json,424,424,424,-0.00784632753047973,15.767028721413162,640,480,480,640,DirectShow,0,-2.0,False,0.0,228.0,130.0,54.0,38.0,110.0,4600.0,True,0.0,True,128.0,4.0,included,,[],model_primary,pass,
1.0.0,6f461b755c26b227c1454a3f35e6683b7b47185c7e533043f0c09e9db5ab1fa5,d5f12dff622e6a7dc8dab85ad2c48858b5422975b67138c91ede303e08c6574b,archive-audit-dd1ed9cb68dab34b,manual,model_primary,e039dcd49f3390d34dc979490dcf46a6ecc43d9e6a2aec08e4952acc14b5006a,Manual Calibration/ROI 1/2026-08-08_153239_266323_1_R1_TEST3,2026-08-08,2026-08-08_153239_266323_1_R1_TEST3,TEST3,1,contact,,,,,,,roi-9fbc67c50ee3bc7145fa,e8b27fb48d15f2792633048d225ae113ba592743aa40276ddd19af79b5ef8b60,baseline-51658c86a67b4547bb12c9bc8fb3efd3,3437d8b0f306156e464b5e4c2ebd9b9ea1b1b298cd69783868f7246fdaeb7714,Manual Calibration/ROI 1/2026-08-08_153239_266323_1_R1_TEST3/session_video.mp4,Manual Calibration/ROI 1/2026-08-08_153239_266323_1_R1_TEST3/master_synchronized.csv,9642411,9262909,01fc6720,1888708,91efac88,510,session_status.json,510,510,510,-0.006867275011233843,19.856225637058383,640,480,480,640,DirectShow,0,-2.0,False,0.0,228.0,130.0,54.0,38.0,110.0,4600.0,True,0.0,True,128.0,4.0,included,,[],model_primary,pass,
1.0.0,6f461b755c26b227c1454a3f35e6683b7b47185c7e533043f0c09e9db5ab1fa5,d5f12dff622e6a7dc8dab85ad2c48858b5422975b67138c91ede303e08c6574b,archive-audit-dd1ed9cb68dab34b,manual,model_primary,e039dcd49f3390d34dc979490dcf46a6ecc43d9e6a2aec08e4952acc14b5006a,Manual Calibration/ROI 1/2026-08-08_153748_136127_1_R1_TEST4,2026-08-08,2026-08-08_153748_136127_1_R1_TEST4,TEST4,1,contact,,,,,,,roi-9fbc67c50ee3bc7145fa,e8b27fb48d15f2792633048d225ae113ba592743aa40276ddd19af79b5ef8b60,baseline-51658c86a67b4547bb12c9bc8fb3efd3,3437d8b0f306156e464b5e4c2ebd9b9ea1b1b298cd69783868f7246fdaeb7714,Manual Calibration/ROI 1/2026-08-08_153748_136127_1_R1_TEST4/session_video.mp4,Manual Calibration/ROI 1/2026-08-08_153748_136127_1_R1_TEST4/master_synchronized.csv,6130817,5889664,942a0dea,1207233,fa067d97,325,session_status.json,325,325,325,-0.007726016212695599,14.447604650986566,640,480,480,640,DirectShow,0,-2.0,False,0.0,228.0,130.0,54.0,38.0,110.0,4600.0,True,0.0,True,128.0,4.0,included,,[],model_primary,pass,
1.0.0,6f461b755c26b227c1454a3f35e6683b7b47185c7e533043f0c09e9db5ab1fa5,d5f12dff622e6a7dc8dab85ad2c48858b5422975b67138c91ede303e08c6574b,archive-audit-dd1ed9cb68dab34b,manual,model_primary,e039dcd49f3390d34dc979490dcf46a6ecc43d9e6a2aec08e4952acc14b5006a,Manual Calibration/ROI 1/2026-08-08_154243_860887_1_R1_TEST5,2026-08-08,2026-08-08_154243_860887_1_R1_TEST5,TEST5,1,contact,,,,,,,roi-9fbc67c50ee3bc7145fa,e8b27fb48d15f2792633048d225ae113ba592743aa40276ddd19af79b5ef8b60,baseline-51658c86a67b4547bb12c9bc8fb3efd3,3437d8b0f306156e464b5e4c2ebd9b9ea1b1b298cd69783868f7246fdaeb7714,Manual Calibration/ROI 1/2026-08-08_154243_860887_1_R1_TEST5/session_video.mp4,Manual Calibration/ROI 1/2026-08-08_154243_860887_1_R1_TEST5/master_synchronized.csv,6195283,5952029,46b0c1df,1213296,c98fabab,327,session_status.json,327,327,327,-0.006970036426364801,14.710369883530397,640,480,480,640,DirectShow,0,-2.0,False,0.0,228.0,130.0,54.0,38.0,110.0,4600.0,True,0.0,True,128.0,4.0,included,,[],model_primary,pass,
1.0.0,6f461b755c26b227c1454a3f35e6683b7b47185c7e533043f0c09e9db5ab1fa5,d5f12dff622e6a7dc8dab85ad2c48858b5422975b67138c91ede303e08c6574b,archive-audit-dd1ed9cb68dab34b,manual,model_primary,e039dcd49f3390d34dc979490dcf46a6ecc43d9e6a2aec08e4952acc14b5006a,Manual Calibration/ROI 1/2026-08-08_154344_572251_1_R1_TEST6,2026-08-08,2026-08-08_154344_572251_1_R1_TEST6,TEST6,1,contact,,,,,,,roi-9fbc67c50ee3bc7145fa,e8b27fb48d15f2792633048d225ae113ba592743aa40276ddd19af79b5ef8b60,baseline-51658c86a67b4547bb12c9bc8fb3efd3,3437d8b0f306156e464b5e4c2ebd9b9ea1b1b298cd69783868f7246fdaeb7714,Manual Calibration/ROI 1/2026-08-08_154344_572251_1_R1_TEST6/session_video.mp4,Manual Calibration/ROI 1/2026-08-08_154344_572251_1_R1_TEST6/master_synchronized.csv,5876476,5646588,a51bd853,1150340,18bc7aa7,310,session_status.json,310,310,310,-0.003961787858650756,12.209152011244736,640,480,480,640,DirectShow,0,-2.0,False,0.0,228.0,130.0,54.0,38.0,110.0,4600.0,True,0.0,True,128.0,4.0,included,,[],model_primary,pass,
1.0.0,6f461b755c26b227c1454a3f35e6683b7b47185c7e533043f0c09e9db5ab1fa5,d5f12dff622e6a7dc8dab85ad2c48858b5422975b67138c91ede303e08c6574b,archive-audit-dd1ed9cb68dab34b,manual,model_primary,e039dcd49f3390d34dc979490dcf46a6ecc43d9e6a2aec08e4952acc14b5006a,Manual Calibration/ROI 1/2026-08-08_170648_802374_1_R1_TEST7,2026-08-08,2026-08-08_170648_802374_1_R1_TEST7,TEST7,1,contact,,,,,,,roi-9fbc67c50ee3bc7145fa,e8b27fb48d15f2792633048d225ae113ba592743aa40276ddd19af79b5ef8b60,baseline-c342b333520d438d9221602432ae6aa6,473f96548b8b038da641abdedd3e77857035eeb10cfa4e4508d2898ff5217ff9,Manual Calibration/ROI 1/2026-08-08_170648_802374_1_R1_TEST7/session_video.mp4,Manual Calibration/ROI 1/2026-08-08_170648_802374_1_R1_TEST7/master_synchronized.csv,3244870,3117902,8d15c0c9,635360,58c7b31b,171,session_status.json,171,171,171,-0.030642821762698384,6.023222612372565,640,480,480,640,DirectShow,0,-2.0,False,0.0,228.0,130.0,54.0,255.0,110.0,4600.0,True,0.0,True,128.0,4.0,included,outside_primary_test1_6,[],replay_only,pass,
1.0.0,6f461b755c26b227c1454a3f35e6683b7b47185c7e533043f0c09e9db5ab1fa5,d5f12dff622e6a7dc8dab85ad2c48858b5422975b67138c91ede303e08c6574b,archive-audit-dd1ed9cb68dab34b,manual,model_primary,e039dcd49f3390d34dc979490dcf46a6ecc43d9e6a2aec08e4952acc14b5006a,Manual Calibration/2026-08-08_173847_719544_1_R1_NOCONTACT_v2,2026-08-08,2026-08-08_173847_719544_1_R1_NOCONTACT_v2,,1,no_contact,,,,,,,roi-9fbc67c50ee3bc7145fa,e8b27fb48d15f2792633048d225ae113ba592743aa40276ddd19af79b5ef8b60,baseline-73cfb3c3e0794019ad697f9a5acae3d3,3c972515e7f4a1ba3db364b7f3e0a4fbc2d99b1cfdfd8cc9e74b07a6fa32d4a9,Manual Calibration/2026-08-08_173847_719544_1_R1_NOCONTACT_v2/session_video.mp4,Manual Calibration/2026-08-08_173847_719544_1_R1_NOCONTACT_v2/master_synchronized.csv,1284748,1241593,1e360b33,477826,06c3cc76,128,session_status.json,128,128,128,-0.00173231295730265,0.0002079476443051742,640,480,480,640,DirectShow,0,-2.0,False,0.0,228.0,130.0,54.0,38.0,110.0,4600.0,True,0.0,True,128.0,4.0,included,,[],no_contact,pass,
1.0.0,6f461b755c26b227c1454a3f35e6683b7b47185c7e533043f0c09e9db5ab1fa5,d5f12dff622e6a7dc8dab85ad2c48858b5422975b67138c91ede303e08c6574b,archive-audit-dd1ed9cb68dab34b,manual,model_primary,e039dcd49f3390d34dc979490dcf46a6ecc43d9e6a2aec08e4952acc14b5006a,Manual Calibration/2026-08-08_174143_480272_1_R1_NOCONTACT_v2_2,2026-08-08,2026-08-08_174143_480272_1_R1_NOCONTACT_v2_2,,1,no_contact,,,,,,,roi-9fbc67c50ee3bc7145fa,e8b27fb48d15f2792633048d225ae113ba592743aa40276ddd19af79b5ef8b60,baseline-73cfb3c3e0794019ad697f9a5acae3d3,3c972515e7f4a1ba3db364b7f3e0a4fbc2d99b1cfdfd8cc9e74b07a6fa32d4a9,Manual Calibration/2026-08-08_174143_480272_1_R1_NOCONTACT_v2_2/session_video.mp4,Manual Calibration/2026-08-08_174143_480272_1_R1_NOCONTACT_v2_2/master_synchronized.csv,1266497,1223975,a5952e65,466575,dc05405a,125,session_status.json,125,125,125,-0.001682122893143754,4.434723919985239e-05,640,480,480,640,DirectShow,0,-2.0,False,0.0,228.0,130.0,54.0,38.0,110.0,4600.0,True,0.0,True,128.0,4.0,included,,[],no_contact,pass,
1.0.0,6f461b755c26b227c1454a3f35e6683b7b47185c7e533043f0c09e9db5ab1fa5,d5f12dff622e6a7dc8dab85ad2c48858b5422975b67138c91ede303e08c6574b,archive-audit-dd1ed9cb68dab34b,manual,model_primary,e039dcd49f3390d34dc979490dcf46a6ecc43d9e6a2aec08e4952acc14b5006a,Manual Calibration/2026-08-08_174209_473656_1_R1_NOCONTACT_v2_3,2026-08-08,2026-08-08_174209_473656_1_R1_NOCONTACT_v2_3,,1,no_contact,,,,,,,roi-9fbc67c50ee3bc7145fa,e8b27fb48d15f2792633048d225ae113ba592743aa40276ddd19af79b5ef8b60,baseline-73cfb3c3e0794019ad697f9a5acae3d3,3c972515e7f4a1ba3db364b7f3e0a4fbc2d99b1cfdfd8cc9e74b07a6fa32d4a9,Manual Calibration/2026-08-08_174209_473656_1_R1_NOCONTACT_v2_3/session_video.mp4,Manual Calibration/2026-08-08_174209_473656_1_R1_NOCONTACT_v2_3/master_synchronized.csv,1205062,1164306,f743f39c,444466,147cfc55,119,session_status.json,119,119,119,-0.0018475100875895972,0.0003215446670859122,640,480,480,640,DirectShow,0,-2.0,False,0.0,228.0,130.0,54.0,38.0,110.0,4600.0,True,0.0,True,128.0,4.0,included,,[],no_contact,pass,
1.0.0,6f461b755c26b227c1454a3f35e6683b7b47185c7e533043f0c09e9db5ab1fa5,d5f12dff622e6a7dc8dab85ad2c48858b5422975b67138c91ede303e08c6574b,archive-audit-dd1ed9cb68dab34b,manual,model_primary,e039dcd49f3390d34dc979490dcf46a6ecc43d9e6a2aec08e4952acc14b5006a,Manual Calibration/ROI 1/2026-08-08_174349_809996_1_R1_TEST1_v2,2026-08-08,2026-08-08_174349_809996_1_R1_TEST1_v2,TEST1,1,contact,,,,,,,roi-9fbc67c50ee3bc7145fa,e8b27fb48d15f2792633048d225ae113ba592743aa40276ddd19af79b5ef8b60,baseline-73cfb3c3e0794019ad697f9a5acae3d3,3c972515e7f4a1ba3db364b7f3e0a4fbc2d99b1cfdfd8cc9e74b07a6fa32d4a9,Manual Calibration/ROI 1/2026-08-08_174349_809996_1_R1_TEST1_v2/session_video.mp4,Manual Calibration/ROI 1/2026-08-08_174349_809996_1_R1_TEST1_v2/master_synchronized.csv,3012022,2910273,7f8790d9,1102040,06b4b379,298,session_status.json,298,298,298,-0.0012995882693547032,8.472893393730564,640,480,480,640,DirectShow,0,-2.0,False,0.0,228.0,130.0,54.0,38.0,110.0,4600.0,True,0.0,True,128.0,4.0,included,outside_primary_test1_6,[],replay_only,pass,
1.0.0,6f461b755c26b227c1454a3f35e6683b7b47185c7e533043f0c09e9db5ab1fa5,d5f12dff622e6a7dc8dab85ad2c48858b5422975b67138c91ede303e08c6574b,archive-audit-dd1ed9cb68dab34b,manual,model_primary,e039dcd49f3390d34dc979490dcf46a6ecc43d9e6a2aec08e4952acc14b5006a,Manual Calibration/ROI 2/2026-08-08_142601_715359_1_R2_TEST1,2026-08-08,2026-08-08_142601_715359_1_R2_TEST1,TEST1,2,contact,,,,,,,roi-9fbc67c50ee3bc7145fa,e8b27fb48d15f2792633048d225ae113ba592743aa40276ddd19af79b5ef8b60,baseline-94bc554616954e3e994c1b9ae607805d,47fcfe5d93c1edb6ee745cbb182c11e501f9cb06314b690b36e65488e7adce72,Manual Calibration/ROI 2/2026-08-08_142601_715359_1_R2_TEST1/session_video.mp4,Manual Calibration/ROI 2/2026-08-08_142601_715359_1_R2_TEST1/master_synchronized.csv,18527433,18005651,a795ebb8,4117389,89c5ab5a,1111,session_status.json,1111,1111,1111,-0.18981908624618798,22.698593411062163,640,480,480,640,DirectShow,0,-2.0,False,0.0,228.0,130.0,165.0,255.0,110.0,4600.0,True,0.0,True,128.0,4.0,included,,[],model_primary,pass,
1.0.0,6f461b755c26b227c1454a3f35e6683b7b47185c7e533043f0c09e9db5ab1fa5,d5f12dff622e6a7dc8dab85ad2c48858b5422975b67138c91ede303e08c6574b,archive-audit-dd1ed9cb68dab34b,manual,model_primary,e039dcd49f3390d34dc979490dcf46a6ecc43d9e6a2aec08e4952acc14b5006a,Manual Calibration/ROI 2/2026-08-08_154515_918611_1_R2_TEST2,2026-08-08,2026-08-08_154515_918611_1_R2_TEST2,TEST2,2,contact,,,,,,,roi-9fbc67c50ee3bc7145fa,e8b27fb48d15f2792633048d225ae113ba592743aa40276ddd19af79b5ef8b60,baseline-51658c86a67b4547bb12c9bc8fb3efd3,3437d8b0f306156e464b5e4c2ebd9b9ea1b1b298cd69783868f7246fdaeb7714,Manual Calibration/ROI 2/2026-08-08_154515_918611_1_R2_TEST2/session_video.mp4,Manual Calibration/ROI 2/2026-08-08_154515_918611_1_R2_TEST2/master_synchronized.csv,6690911,6429560,afff54e2,1310656,98c25392,353,session_status.json,353,353,353,1.6111420377433168,13.726383732069916,640,480,480,640,DirectShow,0,-2.0,False,0.0,228.0,130.0,54.0,38.0,110.0,4600.0,True,0.0,True,128.0,4.0,included,,[],model_primary,pass,
1.0.0,6f461b755c26b227c1454a3f35e6683b7b47185c7e533043f0c09e9db5ab1fa5,d5f12dff622e6a7dc8dab85ad2c48858b5422975b67138c91ede303e08c6574b,archive-audit-dd1ed9cb68dab34b,manual,model_primary,e039dcd49f3390d34dc979490dcf46a6ecc43d9e6a2aec08e4952acc14b5006a,Manual Calibration/ROI 2/2026-08-08_154647_413072_1_R2_TEST3,2026-08-08,2026-08-08_154647_413072_1_R2_TEST3,TEST3,2,contact,,,,,,,roi-9fbc67c50ee3bc7145fa,e8b27fb48d15f2792633048d225ae113ba592743aa40276ddd19af79b5ef8b60,baseline-51658c86a67b4547bb12c9bc8fb3efd3,3437d8b0f306156e464b5e4c2ebd9b9ea1b1b298cd69783868f7246fdaeb7714,Manual Calibration/ROI 2/2026-08-08_154647_413072_1_R2_TEST3/session_video.mp4,Manual Calibration/ROI 2/2026-08-08_154647_413072_1_R2_TEST3/master_synchronized.csv,6579610,6321620,62d501ba,1289342,71a699a9,347,session_status.json,347,347,347,-0.005455263031613278,19.595495993142283,640,480,480,640,DirectShow,0,-2.0,False,0.0,228.0,130.0,54.0,38.0,110.0,4600.0,True,0.0,True,128.0,4.0,included,,[],model_primary,pass,
1.0.0,6f461b755c26b227c1454a3f35e6683b7b47185c7e533043f0c09e9db5ab1fa5,d5f12dff622e6a7dc8dab85ad2c48858b5422975b67138c91ede303e08c6574b,archive-audit-dd1ed9cb68dab34b,manual,model_primary,e039dcd49f3390d34dc979490dcf46a6ecc43d9e6a2aec08e4952acc14b5006a,Manual Calibration/ROI 2/2026-08-08_155028_937924_1_R2_TEST4,2026-08-08,2026-08-08_155028_937924_1_R2_TEST4,TEST4,2,contact,,,,,,,roi-9fbc67c50ee3bc7145fa,e8b27fb48d15f2792633048d225ae113ba592743aa40276ddd19af79b5ef8b60,baseline-51658c86a67b4547bb12c9bc8fb3efd3,3437d8b0f306156e464b5e4c2ebd9b9ea1b1b298cd69783868f7246fdaeb7714,Manual Calibration/ROI 2/2026-08-08_155028_937924_1_R2_TEST4/session_video.mp4,Manual Calibration/ROI 2/2026-08-08_155028_937924_1_R2_TEST4/master_synchronized.csv,7112381,6835109,b2d6d374,1391651,46f90445,375,session_status.json,375,375,375,-0.007712841799624142,14.410968986889232,640,480,480,640,DirectShow,0,-2.0,False,0.0,228.0,130.0,54.0,38.0,110.0,4600.0,True,0.0,True,128.0,4.0,included,,[],model_primary,pass,
1.0.0,6f461b755c26b227c1454a3f35e6683b7b47185c7e533043f0c09e9db5ab1fa5,d5f12dff622e6a7dc8dab85ad2c48858b5422975b67138c91ede303e08c6574b,archive-audit-dd1ed9cb68dab34b,manual,model_primary,e039dcd49f3390d34dc979490dcf46a6ecc43d9e6a2aec08e4952acc14b5006a,Manual Calibration/ROI 2/2026-08-08_155132_412966_1_R2_TEST5,2026-08-08,2026-08-08_155132_412966_1_R2_TEST5,TEST5,2,contact,,,,,,,roi-9fbc67c50ee3bc7145fa,e8b27fb48d15f2792633048d225ae113ba592743aa40276ddd19af79b5ef8b60,baseline-51658c86a67b4547bb12c9bc8fb3efd3,3437d8b0f306156e464b5e4c2ebd9b9ea1b1b298cd69783868f7246fdaeb7714,Manual Calibration/ROI 2/2026-08-08_155132_412966_1_R2_TEST5/session_video.mp4,Manual Calibration/ROI 2/2026-08-08_155132_412966_1_R2_TEST5/master_synchronized.csv,5993792,5758829,2681f227,1173043,f21a4700,316,session_status.json,316,316,316,-0.0044549818849816914,10.356681579448868,640,480,480,640,DirectShow,0,-2.0,False,0.0,228.0,130.0,54.0,38.0,110.0,4600.0,True,0.0,True,128.0,4.0,included,,[],model_primary,pass,
1.0.0,6f461b755c26b227c1454a3f35e6683b7b47185c7e533043f0c09e9db5ab1fa5,d5f12dff622e6a7dc8dab85ad2c48858b5422975b67138c91ede303e08c6574b,archive-audit-dd1ed9cb68dab34b,manual,model_primary,e039dcd49f3390d34dc979490dcf46a6ecc43d9e6a2aec08e4952acc14b5006a,Manual Calibration/ROI 2/2026-08-08_155430_315930_1_R2_TEST6,2026-08-08,2026-08-08_155430_315930_1_R2_TEST6,TEST6,2,contact,,,,,,,roi-9fbc67c50ee3bc7145fa,e8b27fb48d15f2792633048d225ae113ba592743aa40276ddd19af79b5ef8b60,baseline-51658c86a67b4547bb12c9bc8fb3efd3,3437d8b0f306156e464b5e4c2ebd9b9ea1b1b298cd69783868f7246fdaeb7714,Manual Calibration/ROI 2/2026-08-08_155430_315930_1_R2_TEST6/session_video.mp4,Manual Calibration/ROI 2/2026-08-08_155430_315930_1_R2_TEST6/master_synchronized.csv,5352850,5142903,4092b70e,1052384,78c7fa0d,283,session_status.json,283,283,283,-0.005885787686379787,11.071481205688428,640,480,480,640,DirectShow,0,-2.0,False,0.0,228.0,130.0,54.0,38.0,110.0,4600.0,True,0.0,True,128.0,4.0,included,,[],model_primary,pass,
1.0.0,6f461b755c26b227c1454a3f35e6683b7b47185c7e533043f0c09e9db5ab1fa5,d5f12dff622e6a7dc8dab85ad2c48858b5422975b67138c91ede303e08c6574b,archive-audit-dd1ed9cb68dab34b,manual,model_primary,e039dcd49f3390d34dc979490dcf46a6ecc43d9e6a2aec08e4952acc14b5006a,Manual Calibration/ROI 2/2026-08-08_170446_985345_1_R2_NOCONTACT,2026-08-08,2026-08-08_170446_985345_1_R2_NOCONTACT,,2,no_contact,,,,,,,roi-9fbc67c50ee3bc7145fa,e8b27fb48d15f2792633048d225ae113ba592743aa40276ddd19af79b5ef8b60,baseline-c342b333520d438d9221602432ae6aa6,473f96548b8b038da641abdedd3e77857035eeb10cfa4e4508d2898ff5217ff9,Manual Calibration/ROI 2/2026-08-08_170446_985345_1_R2_NOCONTACT/session_video.mp4,Manual Calibration/ROI 2/2026-08-08_170446_985345_1_R2_NOCONTACT/master_synchronized.csv,2331909,2240404,d93bf106,459456,5e072b0f,123,session_status.json,123,123,123,-0.007370752430430387,-0.005500316257624848,640,480,480,640,DirectShow,0,-2.0,False,0.0,228.0,130.0,54.0,255.0,110.0,4600.0,True,0.0,True,128.0,4.0,included,,[],no_contact,pass,
1.0.0,6f461b755c26b227c1454a3f35e6683b7b47185c7e533043f0c09e9db5ab1fa5,d5f12dff622e6a7dc8dab85ad2c48858b5422975b67138c91ede303e08c6574b,archive-audit-dd1ed9cb68dab34b,manual,model_primary,e039dcd49f3390d34dc979490dcf46a6ecc43d9e6a2aec08e4952acc14b5006a,Manual Calibration/ROI 2/2026-08-08_170743_098612_1_R2_TEST7,2026-08-08,2026-08-08_170743_098612_1_R2_TEST7,TEST7,2,contact,,,,,,,roi-9fbc67c50ee3bc7145fa,e8b27fb48d15f2792633048d225ae113ba592743aa40276ddd19af79b5ef8b60,baseline-c342b333520d438d9221602432ae6aa6,473f96548b8b038da641abdedd3e77857035eeb10cfa4e4508d2898ff5217ff9,Manual Calibration/ROI 2/2026-08-08_170743_098612_1_R2_TEST7/session_video.mp4,Manual Calibration/ROI 2/2026-08-08_170743_098612_1_R2_TEST7/master_synchronized.csv,2577912,2476260,8abfcc35,506596,fd63ceec,136,session_status.json,136,136,136,-0.005756843464395993,5.2664913622851435,640,480,480,640,DirectShow,0,-2.0,False,0.0,228.0,130.0,54.0,255.0,110.0,4600.0,True,0.0,True,128.0,4.0,included,outside_primary_test1_6,[],replay_only,pass,
1.0.0,6f461b755c26b227c1454a3f35e6683b7b47185c7e533043f0c09e9db5ab1fa5,d5f12dff622e6a7dc8dab85ad2c48858b5422975b67138c91ede303e08c6574b,archive-audit-dd1ed9cb68dab34b,manual,model_primary,e039dcd49f3390d34dc979490dcf46a6ecc43d9e6a2aec08e4952acc14b5006a,Manual Calibration/ROI 2/2026-08-08_174516_188167_1_R2_TEST1_v2,2026-08-08,2026-08-08_174516_188167_1_R2_TEST1_v2,TEST1,2,contact,,,,,,,roi-9fbc67c50ee3bc7145fa,e8b27fb48d15f2792633048d225ae113ba592743aa40276ddd19af79b5ef8b60,baseline-73cfb3c3e0794019ad697f9a5acae3d3,3c972515e7f4a1ba3db364b7f3e0a4fbc2d99b1cfdfd8cc9e74b07a6fa32d4a9,Manual Calibration/ROI 2/2026-08-08_174516_188167_1_R2_TEST1_v2/session_video.mp4,Manual Calibration/ROI 2/2026-08-08_174516_188167_1_R2_TEST1_v2/master_synchronized.csv,2985879,2884900,60449e36,1093856,238378e6,296,session_status.json,296,296,296,-0.0011323988684387126,7.41779986127455,640,480,480,640,DirectShow,0,-2.0,False,0.0,228.0,130.0,54.0,38.0,110.0,4600.0,True,0.0,True,128.0,4.0,included,outside_primary_test1_6,[],replay_only,pass,
1.0.0,6f461b755c26b227c1454a3f35e6683b7b47185c7e533043f0c09e9db5ab1fa5,d5f12dff622e6a7dc8dab85ad2c48858b5422975b67138c91ede303e08c6574b,archive-audit-dd1ed9cb68dab34b,manual,model_primary,e039dcd49f3390d34dc979490dcf46a6ecc43d9e6a2aec08e4952acc14b5006a,Manual Calibration/ROI 3/2026-08-08_143408_738677_1_R3_TEST1,2026-08-08,2026-08-08_143408_738677_1_R3_TEST1,TEST1,3,contact,,,,,,,roi-9fbc67c50ee3bc7145fa,e8b27fb48d15f2792633048d225ae113ba592743aa40276ddd19af79b5ef8b60,baseline-94bc554616954e3e994c1b9ae607805d,47fcfe5d93c1edb6ee745cbb182c11e501f9cb06314b690b36e65488e7adce72,Manual Calibration/ROI 3/2026-08-08_143408_738677_1_R3_TEST1/session_video.mp4,Manual Calibration/ROI 3/2026-08-08_143408_738677_1_R3_TEST1/master_synchronized.csv,15831944,15390277,6a711d0b,3547616,fa1a754b,956,session_status.json,956,956,956,0.0017795779940044,21.139265949462455,640,480,480,640,DirectShow,0,-2.0,False,0.0,228.0,130.0,165.0,255.0,110.0,4600.0,True,0.0,True,128.0,4.0,included,,[],model_primary,pass,
1.0.0,6f461b755c26b227c1454a3f35e6683b7b47185c7e533043f0c09e9db5ab1fa5,d5f12dff622e6a7dc8dab85ad2c48858b5422975b67138c91ede303e08c6574b,archive-audit-dd1ed9cb68dab34b,manual,model_primary,e039dcd49f3390d34dc979490dcf46a6ecc43d9e6a2aec08e4952acc14b5006a,Manual Calibration/ROI 3/2026-08-08_155939_090816_1_R3_TEST2,2026-08-08,2026-08-08_155939_090816_1_R3_TEST2,TEST2,3,contact,,,,,,,roi-9fbc67c50ee3bc7145fa,e8b27fb48d15f2792633048d225ae113ba592743aa40276ddd19af79b5ef8b60,baseline-51658c86a67b4547bb12c9bc8fb3efd3,3437d8b0f306156e464b5e4c2ebd9b9ea1b1b298cd69783868f7246fdaeb7714,Manual Calibration/ROI 3/2026-08-08_155939_090816_1_R3_TEST2/session_video.mp4,Manual Calibration/ROI 3/2026-08-08_155939_090816_1_R3_TEST2/master_synchronized.csv,5811977,5583926,5b15824f,1145460,47907f59,308,session_status.json,308,308,308,-0.007211569028365501,14.65342630363907,640,480,480,640,DirectShow,0,-2.0,False,0.0,228.0,130.0,54.0,38.0,110.0,4600.0,True,0.0,True,128.0,4.0,included,,[],model_primary,pass,
1.0.0,6f461b755c26b227c1454a3f35e6683b7b47185c7e533043f0c09e9db5ab1fa5,d5f12dff622e6a7dc8dab85ad2c48858b5422975b67138c91ede303e08c6574b,archive-audit-dd1ed9cb68dab34b,manual,model_primary,e039dcd49f3390d34dc979490dcf46a6ecc43d9e6a2aec08e4952acc14b5006a,Manual Calibration/ROI 3/2026-08-08_160034_704902_1_R3_TEST3,2026-08-08,2026-08-08_160034_704902_1_R3_TEST3,TEST3,3,contact,,,,,,,roi-9fbc67c50ee3bc7145fa,e8b27fb48d15f2792633048d225ae113ba592743aa40276ddd19af79b5ef8b60,baseline-51658c86a67b4547bb12c9bc8fb3efd3,3437d8b0f306156e464b5e4c2ebd9b9ea1b1b298cd69783868f7246fdaeb7714,Manual Calibration/ROI 3/2026-08-08_160034_704902_1_R3_TEST3/session_video.mp4,Manual Calibration/ROI 3/2026-08-08_160034_704902_1_R3_TEST3/master_synchronized.csv,5516681,5300684,d337052e,1086436,61e59b7d,292,session_status.json,292,292,292,-0.004591256826438067,9.660554147978743,640,480,480,640,DirectShow,0,-2.0,False,0.0,228.0,130.0,54.0,38.0,110.0,4600.0,True,0.0,True,128.0,4.0,included,,[],model_primary,pass,
1.0.0,6f461b755c26b227c1454a3f35e6683b7b47185c7e533043f0c09e9db5ab1fa5,d5f12dff622e6a7dc8dab85ad2c48858b5422975b67138c91ede303e08c6574b,archive-audit-dd1ed9cb68dab34b,manual,model_primary,e039dcd49f3390d34dc979490dcf46a6ecc43d9e6a2aec08e4952acc14b5006a,Manual Calibration/ROI 3/2026-08-08_160147_552782_1_R3_TEST4,2026-08-08,2026-08-08_160147_552782_1_R3_TEST4,TEST4,3,contact,,,,,,,roi-9fbc67c50ee3bc7145fa,e8b27fb48d15f2792633048d225ae113ba592743aa40276ddd19af79b5ef8b60,baseline-51658c86a67b4547bb12c9bc8fb3efd3,3437d8b0f306156e464b5e4c2ebd9b9ea1b1b298cd69783868f7246fdaeb7714,Manual Calibration/ROI 3/2026-08-08_160147_552782_1_R3_TEST4/session_video.mp4,Manual Calibration/ROI 3/2026-08-08_160147_552782_1_R3_TEST4/master_synchronized.csv,5897304,5666413,9a75dfc4,1160206,af9522af,312,session_status.json,312,312,312,-0.004962066533230556,10.887090591527256,640,480,480,640,DirectShow,0,-2.0,False,0.0,228.0,130.0,54.0,38.0,110.0,4600.0,True,0.0,True,128.0,4.0,included,,[],model_primary,pass,
1.0.0,6f461b755c26b227c1454a3f35e6683b7b47185c7e533043f0c09e9db5ab1fa5,d5f12dff622e6a7dc8dab85ad2c48858b5422975b67138c91ede303e08c6574b,archive-audit-dd1ed9cb68dab34b,manual,model_primary,e039dcd49f3390d34dc979490dcf46a6ecc43d9e6a2aec08e4952acc14b5006a,Manual Calibration/ROI 3/2026-08-08_160247_228233_1_R3_TEST5,2026-08-08,2026-08-08_160247_228233_1_R3_TEST5,TEST5,3,contact,,,,,,,roi-9fbc67c50ee3bc7145fa,e8b27fb48d15f2792633048d225ae113ba592743aa40276ddd19af79b5ef8b60,baseline-51658c86a67b4547bb12c9bc8fb3efd3,3437d8b0f306156e464b5e4c2ebd9b9ea1b1b298cd69783868f7246fdaeb7714,Manual Calibration/ROI 3/2026-08-08_160247_228233_1_R3_TEST5/session_video.mp4,Manual Calibration/ROI 3/2026-08-08_160247_228233_1_R3_TEST5/master_synchronized.csv,6011918,5777165,972148df,1186643,b6063de8,319,session_status.json,319,319,319,-0.004448736269417133,15.19412241818557,640,480,480,640,DirectShow,0,-2.0,False,0.0,228.0,130.0,54.0,38.0,110.0,4600.0,True,0.0,True,128.0,4.0,included,,[],model_primary,pass,
1.0.0,6f461b755c26b227c1454a3f35e6683b7b47185c7e533043f0c09e9db5ab1fa5,d5f12dff622e6a7dc8dab85ad2c48858b5422975b67138c91ede303e08c6574b,archive-audit-dd1ed9cb68dab34b,manual,model_primary,e039dcd49f3390d34dc979490dcf46a6ecc43d9e6a2aec08e4952acc14b5006a,Manual Calibration/ROI 3/2026-08-08_160344_644134_1_R3_TEST6,2026-08-08,2026-08-08_160344_644134_1_R3_TEST6,TEST6,3,contact,,,,,,,roi-9fbc67c50ee3bc7145fa,e8b27fb48d15f2792633048d225ae113ba592743aa40276ddd19af79b5ef8b60,baseline-51658c86a67b4547bb12c9bc8fb3efd3,3437d8b0f306156e464b5e4c2ebd9b9ea1b1b298cd69783868f7246fdaeb7714,Manual Calibration/ROI 3/2026-08-08_160344_644134_1_R3_TEST6/session_video.mp4,Manual Calibration/ROI 3/2026-08-08_160344_644134_1_R3_TEST6/master_synchronized.csv,7671330,7372132,d0adfa09,1517158,c832cdb3,408,session_status.json,408,408,408,-0.004193656959590234,12.657535967990164,640,480,480,640,DirectShow,0,-2.0,False,0.0,228.0,130.0,54.0,38.0,110.0,4600.0,True,0.0,True,128.0,4.0,included,,[],model_primary,pass,
1.0.0,6f461b755c26b227c1454a3f35e6683b7b47185c7e533043f0c09e9db5ab1fa5,d5f12dff622e6a7dc8dab85ad2c48858b5422975b67138c91ede303e08c6574b,archive-audit-dd1ed9cb68dab34b,manual,model_primary,e039dcd49f3390d34dc979490dcf46a6ecc43d9e6a2aec08e4952acc14b5006a,Manual Calibration/ROI 3/2026-08-08_170412_350589_1_R3_NOCONTACT,2026-08-08,2026-08-08_170412_350589_1_R3_NOCONTACT,,3,no_contact,,,,,,,roi-9fbc67c50ee3bc7145fa,e8b27fb48d15f2792633048d225ae113ba592743aa40276ddd19af79b5ef8b60,baseline-c342b333520d438d9221602432ae6aa6,473f96548b8b038da641abdedd3e77857035eeb10cfa4e4508d2898ff5217ff9,Manual Calibration/ROI 3/2026-08-08_170412_350589_1_R3_NOCONTACT/session_video.mp4,Manual Calibration/ROI 3/2026-08-08_170412_350589_1_R3_NOCONTACT/master_synchronized.csv,2351021,2258488,b851c642,463183,62a9c710,124,session_status.json,124,124,124,-0.007768438763052257,-0.005746648299344613,640,480,480,640,DirectShow,0,-2.0,False,0.0,228.0,130.0,54.0,255.0,110.0,4600.0,True,0.0,True,128.0,4.0,included,,[],no_contact,pass,
1.0.0,6f461b755c26b227c1454a3f35e6683b7b47185c7e533043f0c09e9db5ab1fa5,d5f12dff622e6a7dc8dab85ad2c48858b5422975b67138c91ede303e08c6574b,archive-audit-dd1ed9cb68dab34b,manual,model_primary,e039dcd49f3390d34dc979490dcf46a6ecc43d9e6a2aec08e4952acc14b5006a,Manual Calibration/ROI 3/2026-08-08_170830_541922_1_R3_TEST7,2026-08-08,2026-08-08_170830_541922_1_R3_TEST7,TEST7,3,contact,,,,,,,roi-9fbc67c50ee3bc7145fa,e8b27fb48d15f2792633048d225ae113ba592743aa40276ddd19af79b5ef8b60,baseline-c342b333520d438d9221602432ae6aa6,473f96548b8b038da641abdedd3e77857035eeb10cfa4e4508d2898ff5217ff9,Manual Calibration/ROI 3/2026-08-08_170830_541922_1_R3_TEST7/session_video.mp4,Manual Calibration/ROI 3/2026-08-08_170830_541922_1_R3_TEST7/master_synchronized.csv,2577856,2475916,359f45ad,506471,433e4a88,136,session_status.json,136,136,136,-0.0061229097180698815,5.911105738285491,640,480,480,640,DirectShow,0,-2.0,False,0.0,228.0,130.0,54.0,255.0,110.0,4600.0,True,0.0,True,128.0,4.0,included,outside_primary_test1_6,[],replay_only,pass,
1.0.0,6f461b755c26b227c1454a3f35e6683b7b47185c7e533043f0c09e9db5ab1fa5,d5f12dff622e6a7dc8dab85ad2c48858b5422975b67138c91ede303e08c6574b,archive-audit-dd1ed9cb68dab34b,manual,model_primary,e039dcd49f3390d34dc979490dcf46a6ecc43d9e6a2aec08e4952acc14b5006a,Manual Calibration/ROI 3/2026-08-08_174618_733033_1_R3_TEST1_v2,2026-08-08,2026-08-08_174618_733033_1_R3_TEST1_v2,TEST1,3,contact,,,,,,,roi-9fbc67c50ee3bc7145fa,e8b27fb48d15f2792633048d225ae113ba592743aa40276ddd19af79b5ef8b60,baseline-73cfb3c3e0794019ad697f9a5acae3d3,3c972515e7f4a1ba3db364b7f3e0a4fbc2d99b1cfdfd8cc9e74b07a6fa32d4a9,Manual Calibration/ROI 3/2026-08-08_174618_733033_1_R3_TEST1_v2/session_video.mp4,Manual Calibration/ROI 3/2026-08-08_174618_733033_1_R3_TEST1_v2/master_synchronized.csv,2195286,2120916,4f89d808,807189,52d6294f,218,session_status.json,218,218,218,0.0022349296598033275,5.1320509542168935,640,480,480,640,DirectShow,0,-2.0,False,0.0,228.0,130.0,54.0,38.0,110.0,4600.0,True,0.0,True,128.0,4.0,included,outside_primary_test1_6,[],replay_only,pass,
1.0.0,6f461b755c26b227c1454a3f35e6683b7b47185c7e533043f0c09e9db5ab1fa5,d5f12dff622e6a7dc8dab85ad2c48858b5422975b67138c91ede303e08c6574b,archive-audit-dd1ed9cb68dab34b,manual,model_primary,e039dcd49f3390d34dc979490dcf46a6ecc43d9e6a2aec08e4952acc14b5006a,Manual Calibration/ROI 4/2026-08-08_144407_344158_1_R4_TEST1,2026-08-08,2026-08-08_144407_344158_1_R4_TEST1,TEST1,4,contact,,,,,,,roi-9fbc67c50ee3bc7145fa,e8b27fb48d15f2792633048d225ae113ba592743aa40276ddd19af79b5ef8b60,baseline-94bc554616954e3e994c1b9ae607805d,47fcfe5d93c1edb6ee745cbb182c11e501f9cb06314b690b36e65488e7adce72,Manual Calibration/ROI 4/2026-08-08_144407_344158_1_R4_TEST1/session_video.mp4,Manual Calibration/ROI 4/2026-08-08_144407_344158_1_R4_TEST1/master_synchronized.csv,16111132,15656472,f189c7c1,3570299,2f8d6bd0,963,session_status.json,963,963,963,-0.016250874079507534,17.00775298868212,640,480,480,640,DirectShow,0,-2.0,False,0.0,228.0,130.0,165.0,255.0,110.0,4600.0,True,0.0,True,128.0,4.0,included,,[],model_primary,pass,
1.0.0,6f461b755c26b227c1454a3f35e6683b7b47185c7e533043f0c09e9db5ab1fa5,d5f12dff622e6a7dc8dab85ad2c48858b5422975b67138c91ede303e08c6574b,archive-audit-dd1ed9cb68dab34b,manual,model_primary,e039dcd49f3390d34dc979490dcf46a6ecc43d9e6a2aec08e4952acc14b5006a,Manual Calibration/ROI 4/2026-08-08_160643_341315_1_R4_TEST2,2026-08-08,2026-08-08_160643_341315_1_R4_TEST2,TEST2,4,contact,,,,,,,roi-9fbc67c50ee3bc7145fa,e8b27fb48d15f2792633048d225ae113ba592743aa40276ddd19af79b5ef8b60,baseline-51658c86a67b4547bb12c9bc8fb3efd3,3437d8b0f306156e464b5e4c2ebd9b9ea1b1b298cd69783868f7246fdaeb7714,Manual Calibration/ROI 4/2026-08-08_160643_341315_1_R4_TEST2/session_video.mp4,Manual Calibration/ROI 4/2026-08-08_160643_341315_1_R4_TEST2/master_synchronized.csv,8408907,8077015,da799392,1655552,d8753629,447,session_status.json,447,447,447,-0.05956371846006737,9.984592027641202,640,480,480,640,DirectShow,0,-2.0,False,0.0,228.0,130.0,54.0,38.0,110.0,4600.0,True,0.0,True,128.0,4.0,included,,[],model_primary,pass,
1.0.0,6f461b755c26b227c1454a3f35e6683b7b47185c7e533043f0c09e9db5ab1fa5,d5f12dff622e6a7dc8dab85ad2c48858b5422975b67138c91ede303e08c6574b,archive-audit-dd1ed9cb68dab34b,manual,model_primary,e039dcd49f3390d34dc979490dcf46a6ecc43d9e6a2aec08e4952acc14b5006a,Manual Calibration/ROI 4/2026-08-08_160814_583552_1_R4_TEST3,2026-08-08,2026-08-08_160814_583552_1_R4_TEST3,TEST3,4,contact,,,,,,,roi-9fbc67c50ee3bc7145fa,e8b27fb48d15f2792633048d225ae113ba592743aa40276ddd19af79b5ef8b60,baseline-51658c86a67b4547bb12c9bc8fb3efd3,3437d8b0f306156e464b5e4c2ebd9b9ea1b1b298cd69783868f7246fdaeb7714,Manual Calibration/ROI 4/2026-08-08_160814_583552_1_R4_TEST3/session_video.mp4,Manual Calibration/ROI 4/2026-08-08_160814_583552_1_R4_TEST3/master_synchronized.csv,6300202,6051852,ca759512,1243181,9154b136,335,session_status.json,335,335,335,0.0007023038212450774,10.777429006050182,640,480,480,640,DirectShow,0,-2.0,False,0.0,228.0,130.0,54.0,38.0,110.0,4600.0,True,0.0,True,128.0,4.0,included,,[],model_primary,pass,
1.0.0,6f461b755c26b227c1454a3f35e6683b7b47185c7e533043f0c09e9db5ab1fa5,d5f12dff622e6a7dc8dab85ad2c48858b5422975b67138c91ede303e08c6574b,archive-audit-dd1ed9cb68dab34b,manual,model_primary,e039dcd49f3390d34dc979490dcf46a6ecc43d9e6a2aec08e4952acc14b5006a,Manual Calibration/ROI 4/2026-08-08_160912_929778_1_R4_TEST4,2026-08-08,2026-08-08_160912_929778_1_R4_TEST4,TEST4,4,contact,,,,,,,roi-9fbc67c50ee3bc7145fa,e8b27fb48d15f2792633048d225ae113ba592743aa40276ddd19af79b5ef8b60,baseline-51658c86a67b4547bb12c9bc8fb3efd3,3437d8b0f306156e464b5e4c2ebd9b9ea1b1b298cd69783868f7246fdaeb7714,Manual Calibration/ROI 4/2026-08-08_160912_929778_1_R4_TEST4/session_video.mp4,Manual Calibration/ROI 4/2026-08-08_160912_929778_1_R4_TEST4/master_synchronized.csv,7311107,7021624,0958cde6,1442911,4fd918de,389,session_status.json,389,389,389,-0.006405846864130998,11.985056150007024,640,480,480,640,DirectShow,0,-2.0,False,0.0,228.0,130.0,54.0,38.0,110.0,4600.0,True,0.0,True,128.0,4.0,included,,[],model_primary,pass,
1.0.0,6f461b755c26b227c1454a3f35e6683b7b47185c7e533043f0c09e9db5ab1fa5,d5f12dff622e6a7dc8dab85ad2c48858b5422975b67138c91ede303e08c6574b,archive-audit-dd1ed9cb68dab34b,manual,model_primary,e039dcd49f3390d34dc979490dcf46a6ecc43d9e6a2aec08e4952acc14b5006a,Manual Calibration/ROI 4/2026-08-08_161018_609760_1_R4_TEST5,2026-08-08,2026-08-08_161018_609760_1_R4_TEST5,TEST5,4,contact,,,,,,,roi-9fbc67c50ee3bc7145fa,e8b27fb48d15f2792633048d225ae113ba592743aa40276ddd19af79b5ef8b60,baseline-51658c86a67b4547bb12c9bc8fb3efd3,3437d8b0f306156e464b5e4c2ebd9b9ea1b1b298cd69783868f7246fdaeb7714,Manual Calibration/ROI 4/2026-08-08_161018_609760_1_R4_TEST5/session_video.mp4,Manual Calibration/ROI 4/2026-08-08_161018_609760_1_R4_TEST5/master_synchronized.csv,7202436,6917613,dd6daa5e,1419689,d5e0402d,383,session_status.json,383,383,383,-0.004951612941099265,10.959071725880223,640,480,480,640,DirectShow,0,-2.0,False,0.0,228.0,130.0,54.0,38.0,110.0,4600.0,True,0.0,True,128.0,4.0,included,,[],model_primary,pass,
1.0.0,6f461b755c26b227c1454a3f35e6683b7b47185c7e533043f0c09e9db5ab1fa5,d5f12dff622e6a7dc8dab85ad2c48858b5422975b67138c91ede303e08c6574b,archive-audit-dd1ed9cb68dab34b,manual,model_primary,e039dcd49f3390d34dc979490dcf46a6ecc43d9e6a2aec08e4952acc14b5006a,Manual Calibration/ROI 4/2026-08-08_161131_254032_1_R4_TEST6,2026-08-08,2026-08-08_161131_254032_1_R4_TEST6,TEST6,4,contact,,,,,,,roi-9fbc67c50ee3bc7145fa,e8b27fb48d15f2792633048d225ae113ba592743aa40276ddd19af79b5ef8b60,baseline-51658c86a67b4547bb12c9bc8fb3efd3,3437d8b0f306156e464b5e4c2ebd9b9ea1b1b298cd69783868f7246fdaeb7714,Manual Calibration/ROI 4/2026-08-08_161131_254032_1_R4_TEST6/session_video.mp4,Manual Calibration/ROI 4/2026-08-08_161131_254032_1_R4_TEST6/master_synchronized.csv,6369336,6118789,166bd760,1259264,db10173a,339,session_status.json,339,339,339,-0.007324581975695235,12.111086710539496,640,480,480,640,DirectShow,0,-2.0,False,0.0,228.0,130.0,54.0,38.0,110.0,4600.0,True,0.0,True,128.0,4.0,included,,[],model_primary,pass,
1.0.0,6f461b755c26b227c1454a3f35e6683b7b47185c7e533043f0c09e9db5ab1fa5,d5f12dff622e6a7dc8dab85ad2c48858b5422975b67138c91ede303e08c6574b,archive-audit-dd1ed9cb68dab34b,manual,model_primary,e039dcd49f3390d34dc979490dcf46a6ecc43d9e6a2aec08e4952acc14b5006a,Manual Calibration/ROI 4/2026-08-08_170312_681393_1_R4_NOCONTACT,2026-08-08,2026-08-08_170312_681393_1_R4_NOCONTACT,,4,no_contact,,,,,,,roi-9fbc67c50ee3bc7145fa,e8b27fb48d15f2792633048d225ae113ba592743aa40276ddd19af79b5ef8b60,baseline-c342b333520d438d9221602432ae6aa6,473f96548b8b038da641abdedd3e77857035eeb10cfa4e4508d2898ff5217ff9,Manual Calibration/ROI 4/2026-08-08_170312_681393_1_R4_NOCONTACT/session_video.mp4,Manual Calibration/ROI 4/2026-08-08_170312_681393_1_R4_NOCONTACT/master_synchronized.csv,2253791,2164714,43049e75,444600,df27b8cb,119,session_status.json,119,119,119,-0.00746486453100285,-0.005723941995372202,640,480,480,640,DirectShow,0,-2.0,False,0.0,228.0,130.0,54.0,255.0,110.0,4600.0,True,0.0,True,128.0,4.0,included,,[],no_contact,pass,
1.0.0,6f461b755c26b227c1454a3f35e6683b7b47185c7e533043f0c09e9db5ab1fa5,d5f12dff622e6a7dc8dab85ad2c48858b5422975b67138c91ede303e08c6574b,archive-audit-dd1ed9cb68dab34b,manual,model_primary,e039dcd49f3390d34dc979490dcf46a6ecc43d9e6a2aec08e4952acc14b5006a,Manual Calibration/ROI 4/2026-08-08_170909_598459_1_R4_TEST7,2026-08-08,2026-08-08_170909_598459_1_R4_TEST7,TEST7,4,contact,,,,,,,roi-9fbc67c50ee3bc7145fa,e8b27fb48d15f2792633048d225ae113ba592743aa40276ddd19af79b5ef8b60,baseline-c342b333520d438d9221602432ae6aa6,473f96548b8b038da641abdedd3e77857035eeb10cfa4e4508d2898ff5217ff9,Manual Calibration/ROI 4/2026-08-08_170909_598459_1_R4_TEST7/session_video.mp4,Manual Calibration/ROI 4/2026-08-08_170909_598459_1_R4_TEST7/master_synchronized.csv,3127871,3005370,cd991a4f,612927,41e7b45e,165,session_status.json,165,165,165,-0.007495731152605538,6.603764868437588,640,480,480,640,DirectShow,0,-2.0,False,0.0,228.0,130.0,54.0,255.0,110.0,4600.0,True,0.0,True,128.0,4.0,included,outside_primary_test1_6,[],replay_only,pass,
1.0.0,6f461b755c26b227c1454a3f35e6683b7b47185c7e533043f0c09e9db5ab1fa5,d5f12dff622e6a7dc8dab85ad2c48858b5422975b67138c91ede303e08c6574b,archive-audit-dd1ed9cb68dab34b,manual,model_primary,e039dcd49f3390d34dc979490dcf46a6ecc43d9e6a2aec08e4952acc14b5006a,Manual Calibration/ROI 4/2026-08-08_174710_995995_1_R4_TEST1_v2,2026-08-08,2026-08-08_174710_995995_1_R4_TEST1_v2,TEST1,4,contact,,,,,,,roi-9fbc67c50ee3bc7145fa,e8b27fb48d15f2792633048d225ae113ba592743aa40276ddd19af79b5ef8b60,baseline-73cfb3c3e0794019ad697f9a5acae3d3,3c972515e7f4a1ba3db364b7f3e0a4fbc2d99b1cfdfd8cc9e74b07a6fa32d4a9,Manual Calibration/ROI 4/2026-08-08_174710_995995_1_R4_TEST1_v2/session_video.mp4,Manual Calibration/ROI 4/2026-08-08_174710_995995_1_R4_TEST1_v2/master_synchronized.csv,2213636,2139561,3a5f70f2,810407,71577bba,219,session_status.json,219,219,219,0.00279486531435771,5.526582486621949,640,480,480,640,DirectShow,0,-2.0,False,0.0,228.0,130.0,54.0,38.0,110.0,4600.0,True,0.0,True,128.0,4.0,included,outside_primary_test1_6,[],replay_only,pass,
1.0.0,6f461b755c26b227c1454a3f35e6683b7b47185c7e533043f0c09e9db5ab1fa5,d5f12dff622e6a7dc8dab85ad2c48858b5422975b67138c91ede303e08c6574b,archive-audit-dd1ed9cb68dab34b,manual,model_primary,e039dcd49f3390d34dc979490dcf46a6ecc43d9e6a2aec08e4952acc14b5006a,Manual Calibration/ROI 5/2026-08-08_145009_272251_1_R5_TEST1,2026-08-08,2026-08-08_145009_272251_1_R5_TEST1,TEST1,5,contact,,,,,,,roi-9fbc67c50ee3bc7145fa,e8b27fb48d15f2792633048d225ae113ba592743aa40276ddd19af79b5ef8b60,baseline-94bc554616954e3e994c1b9ae607805d,47fcfe5d93c1edb6ee745cbb182c11e501f9cb06314b690b36e65488e7adce72,Manual Calibration/ROI 5/2026-08-08_145009_272251_1_R5_TEST1/session_video.mp4,Manual Calibration/ROI 5/2026-08-08_145009_272251_1_R5_TEST1/master_synchronized.csv,17415080,16920606,2148edde,3866423,5855f4de,1044,session_status.json,1044,1044,1044,0.23127253159504585,16.491757337718713,640,480,480,640,DirectShow,0,-2.0,False,0.0,228.0,130.0,165.0,255.0,110.0,4600.0,True,0.0,True,128.0,4.0,included,,[],model_primary,pass,
1.0.0,6f461b755c26b227c1454a3f35e6683b7b47185c7e533043f0c09e9db5ab1fa5,d5f12dff622e6a7dc8dab85ad2c48858b5422975b67138c91ede303e08c6574b,archive-audit-dd1ed9cb68dab34b,manual,model_primary,e039dcd49f3390d34dc979490dcf46a6ecc43d9e6a2aec08e4952acc14b5006a,Manual Calibration/ROI 5/2026-08-08_161335_934176_1_R5_TEST2,2026-08-08,2026-08-08_161335_934176_1_R5_TEST2,TEST2,5,contact,,,,,,,roi-9fbc67c50ee3bc7145fa,e8b27fb48d15f2792633048d225ae113ba592743aa40276ddd19af79b5ef8b60,baseline-51658c86a67b4547bb12c9bc8fb3efd3,3437d8b0f306156e464b5e4c2ebd9b9ea1b1b298cd69783868f7246fdaeb7714,Manual Calibration/ROI 5/2026-08-08_161335_934176_1_R5_TEST2/session_video.mp4,Manual Calibration/ROI 5/2026-08-08_161335_934176_1_R5_TEST2/master_synchronized.csv,6954710,6679896,f5fbbc98,1363548,9889ee10,368,session_status.json,368,368,368,-0.004699874339797832,11.47181802691008,640,480,480,640,DirectShow,0,-2.0,False,0.0,228.0,130.0,54.0,38.0,110.0,4600.0,True,0.0,True,128.0,4.0,included,,[],model_primary,pass,
1.0.0,6f461b755c26b227c1454a3f35e6683b7b47185c7e533043f0c09e9db5ab1fa5,d5f12dff622e6a7dc8dab85ad2c48858b5422975b67138c91ede303e08c6574b,archive-audit-dd1ed9cb68dab34b,manual,model_primary,e039dcd49f3390d34dc979490dcf46a6ecc43d9e6a2aec08e4952acc14b5006a,Manual Calibration/ROI 5/2026-08-08_161454_348568_1_R5_TEST3,2026-08-08,2026-08-08_161454_348568_1_R5_TEST3,TEST3,5,contact,,,,,,,roi-9fbc67c50ee3bc7145fa,e8b27fb48d15f2792633048d225ae113ba592743aa40276ddd19af79b5ef8b60,baseline-51658c86a67b4547bb12c9bc8fb3efd3,3437d8b0f306156e464b5e4c2ebd9b9ea1b1b298cd69783868f7246fdaeb7714,Manual Calibration/ROI 5/2026-08-08_161454_348568_1_R5_TEST3/session_video.mp4,Manual Calibration/ROI 5/2026-08-08_161454_348568_1_R5_TEST3/master_synchronized.csv,7351931,7063797,214045c8,1438301,0c42be64,388,session_status.json,388,388,388,-0.008511755070485159,9.162478536690681,640,480,480,640,DirectShow,0,-2.0,False,0.0,228.0,130.0,54.0,38.0,110.0,4600.0,True,0.0,True,128.0,4.0,included,,[],model_primary,pass,
1.0.0,6f461b755c26b227c1454a3f35e6683b7b47185c7e533043f0c09e9db5ab1fa5,d5f12dff622e6a7dc8dab85ad2c48858b5422975b67138c91ede303e08c6574b,archive-audit-dd1ed9cb68dab34b,manual,model_primary,e039dcd49f3390d34dc979490dcf46a6ecc43d9e6a2aec08e4952acc14b5006a,Manual Calibration/ROI 5/2026-08-08_161644_548982_1_R5_TEST4,2026-08-08,2026-08-08_161644_548982_1_R5_TEST4,TEST4,5,contact,,,,,,,roi-9fbc67c50ee3bc7145fa,e8b27fb48d15f2792633048d225ae113ba592743aa40276ddd19af79b5ef8b60,baseline-51658c86a67b4547bb12c9bc8fb3efd3,3437d8b0f306156e464b5e4c2ebd9b9ea1b1b298cd69783868f7246fdaeb7714,Manual Calibration/ROI 5/2026-08-08_161644_548982_1_R5_TEST4/session_video.mp4,Manual Calibration/ROI 5/2026-08-08_161644_548982_1_R5_TEST4/master_synchronized.csv,8170808,7850848,06324a0c,1595703,15b926f7,431,session_status.json,431,431,431,-0.007236415569865979,9.982063866540175,640,480,480,640,DirectShow,0,-2.0,False,0.0,228.0,130.0,54.0,38.0,110.0,4600.0,True,0.0,True,128.0,4.0,included,,[],model_primary,pass,
1.0.0,6f461b755c26b227c1454a3f35e6683b7b47185c7e533043f0c09e9db5ab1fa5,d5f12dff622e6a7dc8dab85ad2c48858b5422975b67138c91ede303e08c6574b,archive-audit-dd1ed9cb68dab34b,manual,model_primary,e039dcd49f3390d34dc979490dcf46a6ecc43d9e6a2aec08e4952acc14b5006a,Manual Calibration/ROI 5/2026-08-08_161801_886702_1_R5_TEST5,2026-08-08,2026-08-08_161801_886702_1_R5_TEST5,TEST5,5,contact,,,,,,,roi-9fbc67c50ee3bc7145fa,e8b27fb48d15f2792633048d225ae113ba592743aa40276ddd19af79b5ef8b60,baseline-51658c86a67b4547bb12c9bc8fb3efd3,3437d8b0f306156e464b5e4c2ebd9b9ea1b1b298cd69783868f7246fdaeb7714,Manual Calibration/ROI 5/2026-08-08_161801_886702_1_R5_TEST5/session_video.mp4,Manual Calibration/ROI 5/2026-08-08_161801_886702_1_R5_TEST5/master_synchronized.csv,6941966,6669262,8ea55f01,1356199,9691bf14,366,session_status.json,366,366,366,-0.006727037485821331,9.24587217971423,640,480,480,640,DirectShow,0,-2.0,False,0.0,228.0,130.0,54.0,38.0,110.0,4600.0,True,0.0,True,128.0,4.0,included,,[],model_primary,pass,
1.0.0,6f461b755c26b227c1454a3f35e6683b7b47185c7e533043f0c09e9db5ab1fa5,d5f12dff622e6a7dc8dab85ad2c48858b5422975b67138c91ede303e08c6574b,archive-audit-dd1ed9cb68dab34b,manual,model_primary,e039dcd49f3390d34dc979490dcf46a6ecc43d9e6a2aec08e4952acc14b5006a,Manual Calibration/ROI 5/2026-08-08_161904_181801_1_R5_TEST6,2026-08-08,2026-08-08_161904_181801_1_R5_TEST6,TEST6,5,contact,,,,,,,roi-9fbc67c50ee3bc7145fa,e8b27fb48d15f2792633048d225ae113ba592743aa40276ddd19af79b5ef8b60,baseline-51658c86a67b4547bb12c9bc8fb3efd3,3437d8b0f306156e464b5e4c2ebd9b9ea1b1b298cd69783868f7246fdaeb7714,Manual Calibration/ROI 5/2026-08-08_161904_181801_1_R5_TEST6/session_video.mp4,Manual Calibration/ROI 5/2026-08-08_161904_181801_1_R5_TEST6/master_synchronized.csv,6623771,6364328,80138322,1293486,9066d746,349,session_status.json,349,349,349,-0.005941561422399212,9.4888990775447,640,480,480,640,DirectShow,0,-2.0,False,0.0,228.0,130.0,54.0,38.0,110.0,4600.0,True,0.0,True,128.0,4.0,included,,[],model_primary,pass,
1.0.0,6f461b755c26b227c1454a3f35e6683b7b47185c7e533043f0c09e9db5ab1fa5,d5f12dff622e6a7dc8dab85ad2c48858b5422975b67138c91ede303e08c6574b,archive-audit-dd1ed9cb68dab34b,manual,model_primary,e039dcd49f3390d34dc979490dcf46a6ecc43d9e6a2aec08e4952acc14b5006a,Manual Calibration/ROI 5/2026-08-08_170226_232257_1_R5_NOCONTACT,2026-08-08,2026-08-08_170226_232257_1_R5_NOCONTACT,,5,no_contact,,,,,,,roi-9fbc67c50ee3bc7145fa,e8b27fb48d15f2792633048d225ae113ba592743aa40276ddd19af79b5ef8b60,baseline-c342b333520d438d9221602432ae6aa6,473f96548b8b038da641abdedd3e77857035eeb10cfa4e4508d2898ff5217ff9,Manual Calibration/ROI 5/2026-08-08_170226_232257_1_R5_NOCONTACT/session_video.mp4,Manual Calibration/ROI 5/2026-08-08_170226_232257_1_R5_NOCONTACT/master_synchronized.csv,2462846,2365237,2baa4006,485213,03272b22,130,session_status.json,130,130,130,-0.0075987770541825,-0.005617184992124564,640,480,480,640,DirectShow,0,-2.0,False,0.0,228.0,130.0,54.0,255.0,110.0,4600.0,True,0.0,True,128.0,4.0,included,,[],no_contact,pass,
1.0.0,6f461b755c26b227c1454a3f35e6683b7b47185c7e533043f0c09e9db5ab1fa5,d5f12dff622e6a7dc8dab85ad2c48858b5422975b67138c91ede303e08c6574b,archive-audit-dd1ed9cb68dab34b,manual,model_primary,e039dcd49f3390d34dc979490dcf46a6ecc43d9e6a2aec08e4952acc14b5006a,Manual Calibration/ROI 5/2026-08-08_170958_044598_1_R5_TEST7,2026-08-08,2026-08-08_170958_044598_1_R5_TEST7,TEST7,5,contact,,,,,,,roi-9fbc67c50ee3bc7145fa,e8b27fb48d15f2792633048d225ae113ba592743aa40276ddd19af79b5ef8b60,baseline-c342b333520d438d9221602432ae6aa6,473f96548b8b038da641abdedd3e77857035eeb10cfa4e4508d2898ff5217ff9,Manual Calibration/ROI 5/2026-08-08_170958_044598_1_R5_TEST7/session_video.mp4,Manual Calibration/ROI 5/2026-08-08_170958_044598_1_R5_TEST7/master_synchronized.csv,3033428,2914147,4ae2b0fb,594600,ff0855c4,160,session_status.json,160,160,160,-0.005531529593400742,5.9632305966598125,640,480,480,640,DirectShow,0,-2.0,False,0.0,228.0,130.0,54.0,255.0,110.0,4600.0,True,0.0,True,128.0,4.0,included,outside_primary_test1_6,[],replay_only,pass,
1.0.0,6f461b755c26b227c1454a3f35e6683b7b47185c7e533043f0c09e9db5ab1fa5,d5f12dff622e6a7dc8dab85ad2c48858b5422975b67138c91ede303e08c6574b,archive-audit-dd1ed9cb68dab34b,manual,model_primary,e039dcd49f3390d34dc979490dcf46a6ecc43d9e6a2aec08e4952acc14b5006a,Manual Calibration/ROI 5/2026-08-08_174800_577062_1_R5_TEST1_v2,2026-08-08,2026-08-08_174800_577062_1_R5_TEST1_v2,TEST1,5,contact,,,,,,,roi-9fbc67c50ee3bc7145fa,e8b27fb48d15f2792633048d225ae113ba592743aa40276ddd19af79b5ef8b60,baseline-73cfb3c3e0794019ad697f9a5acae3d3,3c972515e7f4a1ba3db364b7f3e0a4fbc2d99b1cfdfd8cc9e74b07a6fa32d4a9,Manual Calibration/ROI 5/2026-08-08_174800_577062_1_R5_TEST1_v2/session_video.mp4,Manual Calibration/ROI 5/2026-08-08_174800_577062_1_R5_TEST1_v2/master_synchronized.csv,2199895,2126039,26a184e2,806717,a73fa265,218,session_status.json,218,218,218,0.002553135715043968,5.0581159447035695,640,480,480,640,DirectShow,0,-2.0,False,0.0,228.0,130.0,54.0,38.0,110.0,4600.0,True,0.0,True,128.0,4.0,included,outside_primary_test1_6,[],replay_only,pass,
1.0.0,6f461b755c26b227c1454a3f35e6683b7b47185c7e533043f0c09e9db5ab1fa5,d5f12dff622e6a7dc8dab85ad2c48858b5422975b67138c91ede303e08c6574b,archive-audit-dd1ed9cb68dab34b,manual,model_primary,e039dcd49f3390d34dc979490dcf46a6ecc43d9e6a2aec08e4952acc14b5006a,Manual Calibration/ROI 6/2026-08-08_145348_428397_1_R6_TEST1,2026-08-08,2026-08-08_145348_428397_1_R6_TEST1,TEST1,6,contact,,,,,,,roi-9fbc67c50ee3bc7145fa,e8b27fb48d15f2792633048d225ae113ba592743aa40276ddd19af79b5ef8b60,baseline-94bc554616954e3e994c1b9ae607805d,47fcfe5d93c1edb6ee745cbb182c11e501f9cb06314b690b36e65488e7adce72,Manual Calibration/ROI 6/2026-08-08_145348_428397_1_R6_TEST1/session_video.mp4,Manual Calibration/ROI 6/2026-08-08_145348_428397_1_R6_TEST1/master_synchronized.csv,12847858,12482656,a788ccba,2885677,ad4378be,777,session_status.json,777,777,777,1.1857458077673544,15.82790727223825,640,480,480,640,DirectShow,0,-2.0,False,0.0,228.0,130.0,165.0,255.0,110.0,4600.0,True,0.0,True,128.0,4.0,included,,[],model_primary,pass,
1.0.0,6f461b755c26b227c1454a3f35e6683b7b47185c7e533043f0c09e9db5ab1fa5,d5f12dff622e6a7dc8dab85ad2c48858b5422975b67138c91ede303e08c6574b,archive-audit-dd1ed9cb68dab34b,manual,model_primary,e039dcd49f3390d34dc979490dcf46a6ecc43d9e6a2aec08e4952acc14b5006a,Manual Calibration/ROI 6/2026-08-08_162501_247149_1_R6_TEST2,2026-08-08,2026-08-08_162501_247149_1_R6_TEST2,TEST2,6,contact,,,,,,,roi-9fbc67c50ee3bc7145fa,e8b27fb48d15f2792633048d225ae113ba592743aa40276ddd19af79b5ef8b60,baseline-51658c86a67b4547bb12c9bc8fb3efd3,3437d8b0f306156e464b5e4c2ebd9b9ea1b1b298cd69783868f7246fdaeb7714,Manual Calibration/ROI 6/2026-08-08_162501_247149_1_R6_TEST2/session_video.mp4,Manual Calibration/ROI 6/2026-08-08_162501_247149_1_R6_TEST2/master_synchronized.csv,6904099,6634017,ed4379e2,1351109,72af9ad1,364,session_status.json,364,364,364,-0.007210728619224773,13.120931836394947,640,480,480,640,DirectShow,0,-2.0,False,0.0,228.0,130.0,54.0,38.0,110.0,4600.0,True,0.0,True,128.0,4.0,included,,[],model_primary,pass,
1.0.0,6f461b755c26b227c1454a3f35e6683b7b47185c7e533043f0c09e9db5ab1fa5,d5f12dff622e6a7dc8dab85ad2c48858b5422975b67138c91ede303e08c6574b,archive-audit-dd1ed9cb68dab34b,manual,model_primary,e039dcd49f3390d34dc979490dcf46a6ecc43d9e6a2aec08e4952acc14b5006a,Manual Calibration/ROI 6/2026-08-08_162908_674758_1_R6_TEST3,2026-08-08,2026-08-08_162908_674758_1_R6_TEST3,TEST3,6,contact,,,,,,,roi-9fbc67c50ee3bc7145fa,e8b27fb48d15f2792633048d225ae113ba592743aa40276ddd19af79b5ef8b60,baseline-51658c86a67b4547bb12c9bc8fb3efd3,3437d8b0f306156e464b5e4c2ebd9b9ea1b1b298cd69783868f7246fdaeb7714,Manual Calibration/ROI 6/2026-08-08_162908_674758_1_R6_TEST3/session_video.mp4,Manual Calibration/ROI 6/2026-08-08_162908_674758_1_R6_TEST3/master_synchronized.csv,8129285,7810222,8f3747bf,1591156,0ff5d9bc,429,session_status.json,429,429,429,-0.008322699817466453,11.38417538253682,640,480,480,640,DirectShow,0,-2.0,False,0.0,228.0,130.0,54.0,38.0,110.0,4600.0,True,0.0,True,128.0,4.0,included,,[],model_primary,pass,
1.0.0,6f461b755c26b227c1454a3f35e6683b7b47185c7e533043f0c09e9db5ab1fa5,d5f12dff622e6a7dc8dab85ad2c48858b5422975b67138c91ede303e08c6574b,archive-audit-dd1ed9cb68dab34b,manual,model_primary,e039dcd49f3390d34dc979490dcf46a6ecc43d9e6a2aec08e4952acc14b5006a,Manual Calibration/ROI 6/2026-08-08_163226_958318_1_R6_TEST4,2026-08-08,2026-08-08_163226_958318_1_R6_TEST4,TEST4,6,contact,,,,,,,roi-9fbc67c50ee3bc7145fa,e8b27fb48d15f2792633048d225ae113ba592743aa40276ddd19af79b5ef8b60,baseline-51658c86a67b4547bb12c9bc8fb3efd3,3437d8b0f306156e464b5e4c2ebd9b9ea1b1b298cd69783868f7246fdaeb7714,Manual Calibration/ROI 6/2026-08-08_163226_958318_1_R6_TEST4/session_video.mp4,Manual Calibration/ROI 6/2026-08-08_163226_958318_1_R6_TEST4/master_synchronized.csv,9025383,8672058,d21e802f,1762820,1c370b8b,476,session_status.json,476,476,476,-0.008596648579219478,10.386035565181109,640,480,480,640,DirectShow,0,-2.0,False,0.0,228.0,130.0,54.0,38.0,110.0,4600.0,True,0.0,True,128.0,4.0,included,,[],model_primary,pass,
1.0.0,6f461b755c26b227c1454a3f35e6683b7b47185c7e533043f0c09e9db5ab1fa5,d5f12dff622e6a7dc8dab85ad2c48858b5422975b67138c91ede303e08c6574b,archive-audit-dd1ed9cb68dab34b,manual,model_primary,e039dcd49f3390d34dc979490dcf46a6ecc43d9e6a2aec08e4952acc14b5006a,Manual Calibration/ROI 6/2026-08-08_163341_567723_1_R6_TEST5,2026-08-08,2026-08-08_163341_567723_1_R6_TEST5,TEST5,6,contact,,,,,,,roi-9fbc67c50ee3bc7145fa,e8b27fb48d15f2792633048d225ae113ba592743aa40276ddd19af79b5ef8b60,baseline-51658c86a67b4547bb12c9bc8fb3efd3,3437d8b0f306156e464b5e4c2ebd9b9ea1b1b298cd69783868f7246fdaeb7714,Manual Calibration/ROI 6/2026-08-08_163341_567723_1_R6_TEST5/session_video.mp4,Manual Calibration/ROI 6/2026-08-08_163341_567723_1_R6_TEST5/master_synchronized.csv,6177614,5934640,89a08c6b,1210682,5e67064d,326,session_status.json,326,326,326,-0.012088556952255228,8.236164152148085,640,480,480,640,DirectShow,0,-2.0,False,0.0,228.0,130.0,54.0,38.0,110.0,4600.0,True,0.0,True,128.0,4.0,included,,[],model_primary,pass,
1.0.0,6f461b755c26b227c1454a3f35e6683b7b47185c7e533043f0c09e9db5ab1fa5,d5f12dff622e6a7dc8dab85ad2c48858b5422975b67138c91ede303e08c6574b,archive-audit-dd1ed9cb68dab34b,manual,model_primary,e039dcd49f3390d34dc979490dcf46a6ecc43d9e6a2aec08e4952acc14b5006a,Manual Calibration/ROI 6/2026-08-08_163440_118112_1_R6_TEST6,2026-08-08,2026-08-08_163440_118112_1_R6_TEST6,TEST6,6,contact,,,,,,,roi-9fbc67c50ee3bc7145fa,e8b27fb48d15f2792633048d225ae113ba592743aa40276ddd19af79b5ef8b60,baseline-51658c86a67b4547bb12c9bc8fb3efd3,3437d8b0f306156e464b5e4c2ebd9b9ea1b1b298cd69783868f7246fdaeb7714,Manual Calibration/ROI 6/2026-08-08_163440_118112_1_R6_TEST6/session_video.mp4,Manual Calibration/ROI 6/2026-08-08_163440_118112_1_R6_TEST6/master_synchronized.csv,7484053,7190218,24f7ae80,1462919,55b176ff,395,session_status.json,395,395,395,-0.0053809225984498745,7.64546526612589,640,480,480,640,DirectShow,0,-2.0,False,0.0,228.0,130.0,54.0,38.0,110.0,4600.0,True,0.0,True,128.0,4.0,included,,[],model_primary,pass,
1.0.0,6f461b755c26b227c1454a3f35e6683b7b47185c7e533043f0c09e9db5ab1fa5,d5f12dff622e6a7dc8dab85ad2c48858b5422975b67138c91ede303e08c6574b,archive-audit-dd1ed9cb68dab34b,manual,model_primary,e039dcd49f3390d34dc979490dcf46a6ecc43d9e6a2aec08e4952acc14b5006a,Manual Calibration/ROI 6/2026-08-08_170144_520372_1_R6_NOCONTACT,2026-08-08,2026-08-08_170144_520372_1_R6_NOCONTACT,,6,no_contact,,,,,,,roi-9fbc67c50ee3bc7145fa,e8b27fb48d15f2792633048d225ae113ba592743aa40276ddd19af79b5ef8b60,baseline-c342b333520d438d9221602432ae6aa6,473f96548b8b038da641abdedd3e77857035eeb10cfa4e4508d2898ff5217ff9,Manual Calibration/ROI 6/2026-08-08_170144_520372_1_R6_NOCONTACT/session_video.mp4,Manual Calibration/ROI 6/2026-08-08_170144_520372_1_R6_NOCONTACT/master_synchronized.csv,2255186,2166635,994408ee,444837,4324efd7,119,session_status.json,119,119,119,-0.0075170314299407215,-0.00583659216862226,640,480,480,640,DirectShow,0,-2.0,False,0.0,228.0,130.0,54.0,255.0,110.0,4600.0,True,0.0,True,128.0,4.0,included,,[],no_contact,pass,
1.0.0,6f461b755c26b227c1454a3f35e6683b7b47185c7e533043f0c09e9db5ab1fa5,d5f12dff622e6a7dc8dab85ad2c48858b5422975b67138c91ede303e08c6574b,archive-audit-dd1ed9cb68dab34b,manual,model_primary,e039dcd49f3390d34dc979490dcf46a6ecc43d9e6a2aec08e4952acc14b5006a,Manual Calibration/ROI 6/2026-08-08_171040_503476_1_R6_TEST7,2026-08-08,2026-08-08_171040_503476_1_R6_TEST7,TEST7,6,contact,,,,,,,roi-9fbc67c50ee3bc7145fa,e8b27fb48d15f2792633048d225ae113ba592743aa40276ddd19af79b5ef8b60,baseline-c342b333520d438d9221602432ae6aa6,473f96548b8b038da641abdedd3e77857035eeb10cfa4e4508d2898ff5217ff9,Manual Calibration/ROI 6/2026-08-08_171040_503476_1_R6_TEST7/session_video.mp4,Manual Calibration/ROI 6/2026-08-08_171040_503476_1_R6_TEST7/master_synchronized.csv,3354741,3222704,ab7c91c5,657736,f1b2319e,177,session_status.json,177,177,177,-0.004087382697165684,6.670868058239556,640,480,480,640,DirectShow,0,-2.0,False,0.0,228.0,130.0,54.0,255.0,110.0,4600.0,True,0.0,True,128.0,4.0,included,outside_primary_test1_6,[],replay_only,pass,
1.0.0,6f461b755c26b227c1454a3f35e6683b7b47185c7e533043f0c09e9db5ab1fa5,d5f12dff622e6a7dc8dab85ad2c48858b5422975b67138c91ede303e08c6574b,archive-audit-dd1ed9cb68dab34b,manual,model_primary,e039dcd49f3390d34dc979490dcf46a6ecc43d9e6a2aec08e4952acc14b5006a,Manual Calibration/ROI 6/2026-08-08_174903_311062_1_R6_TEST1_v2,2026-08-08,2026-08-08_174903_311062_1_R6_TEST1_v2,TEST1,6,contact,,,,,,,roi-9fbc67c50ee3bc7145fa,e8b27fb48d15f2792633048d225ae113ba592743aa40276ddd19af79b5ef8b60,baseline-73cfb3c3e0794019ad697f9a5acae3d3,3c972515e7f4a1ba3db364b7f3e0a4fbc2d99b1cfdfd8cc9e74b07a6fa32d4a9,Manual Calibration/ROI 6/2026-08-08_174903_311062_1_R6_TEST1_v2/session_video.mp4,Manual Calibration/ROI 6/2026-08-08_174903_311062_1_R6_TEST1_v2/master_synchronized.csv,2802678,2708414,95e814fc,1033126,b5482953,279,session_status.json,279,279,279,0.002510233110719696,5.076035596425009,640,480,480,640,DirectShow,0,-2.0,False,0.0,228.0,130.0,54.0,38.0,110.0,4600.0,True,0.0,True,128.0,4.0,included,outside_primary_test1_6,[],replay_only,pass,
1.0.0,6f461b755c26b227c1454a3f35e6683b7b47185c7e533043f0c09e9db5ab1fa5,d5f12dff622e6a7dc8dab85ad2c48858b5422975b67138c91ede303e08c6574b,archive-audit-dd1ed9cb68dab34b,manual,model_primary,e039dcd49f3390d34dc979490dcf46a6ecc43d9e6a2aec08e4952acc14b5006a,Manual Calibration/ROI 7/2026-08-08_145646_442250_1_R7_TEST1,2026-08-08,2026-08-08_145646_442250_1_R7_TEST1,TEST1,7,contact,,,,,,,roi-9fbc67c50ee3bc7145fa,e8b27fb48d15f2792633048d225ae113ba592743aa40276ddd19af79b5ef8b60,baseline-94bc554616954e3e994c1b9ae607805d,47fcfe5d93c1edb6ee745cbb182c11e501f9cb06314b690b36e65488e7adce72,Manual Calibration/ROI 7/2026-08-08_145646_442250_1_R7_TEST1/session_video.mp4,Manual Calibration/ROI 7/2026-08-08_145646_442250_1_R7_TEST1/master_synchronized.csv,14690379,14274145,c45e2152,3319779,6a72e21a,895,session_status.json,895,895,895,0.4634246989596662,13.82497271111367,640,480,480,640,DirectShow,0,-2.0,False,0.0,228.0,130.0,165.0,255.0,110.0,4600.0,True,0.0,True,128.0,4.0,included,,[],model_primary,pass,
1.0.0,6f461b755c26b227c1454a3f35e6683b7b47185c7e533043f0c09e9db5ab1fa5,d5f12dff622e6a7dc8dab85ad2c48858b5422975b67138c91ede303e08c6574b,archive-audit-dd1ed9cb68dab34b,manual,model_primary,e039dcd49f3390d34dc979490dcf46a6ecc43d9e6a2aec08e4952acc14b5006a,Manual Calibration/ROI 7/2026-08-08_163730_874069_1_R7_TEST2,2026-08-08,2026-08-08_163730_874069_1_R7_TEST2,TEST2,7,contact,,,,,,,roi-9fbc67c50ee3bc7145fa,e8b27fb48d15f2792633048d225ae113ba592743aa40276ddd19af79b5ef8b60,baseline-51658c86a67b4547bb12c9bc8fb3efd3,3437d8b0f306156e464b5e4c2ebd9b9ea1b1b298cd69783868f7246fdaeb7714,Manual Calibration/ROI 7/2026-08-08_163730_874069_1_R7_TEST2/session_video.mp4,Manual Calibration/ROI 7/2026-08-08_163730_874069_1_R7_TEST2/master_synchronized.csv,7491020,7196566,dc111d39,1462864,e721d0e7,395,session_status.json,395,395,395,-0.0061771059114254945,9.754157546389003,640,480,480,640,DirectShow,0,-2.0,False,0.0,228.0,130.0,54.0,38.0,110.0,4600.0,True,0.0,True,128.0,4.0,included,,[],model_primary,pass,
1.0.0,6f461b755c26b227c1454a3f35e6683b7b47185c7e533043f0c09e9db5ab1fa5,d5f12dff622e6a7dc8dab85ad2c48858b5422975b67138c91ede303e08c6574b,archive-audit-dd1ed9cb68dab34b,manual,model_primary,e039dcd49f3390d34dc979490dcf46a6ecc43d9e6a2aec08e4952acc14b5006a,Manual Calibration/ROI 7/2026-08-08_163837_086088_1_R7_TEST3,2026-08-08,2026-08-08_163837_086088_1_R7_TEST3,TEST3,7,contact,,,,,,,roi-9fbc67c50ee3bc7145fa,e8b27fb48d15f2792633048d225ae113ba592743aa40276ddd19af79b5ef8b60,baseline-51658c86a67b4547bb12c9bc8fb3efd3,3437d8b0f306156e464b5e4c2ebd9b9ea1b1b298cd69783868f7246fdaeb7714,Manual Calibration/ROI 7/2026-08-08_163837_086088_1_R7_TEST3/session_video.mp4,Manual Calibration/ROI 7/2026-08-08_163837_086088_1_R7_TEST3/master_synchronized.csv,5741248,5515360,f6566088,1123479,c7d15dd0,303,session_status.json,303,303,303,-0.014242206383277996,7.305914817076632,640,480,480,640,DirectShow,0,-2.0,False,0.0,228.0,130.0,54.0,38.0,110.0,4600.0,True,0.0,True,128.0,4.0,included,,[],model_primary,pass,
1.0.0,6f461b755c26b227c1454a3f35e6683b7b47185c7e533043f0c09e9db5ab1fa5,d5f12dff622e6a7dc8dab85ad2c48858b5422975b67138c91ede303e08c6574b,archive-audit-dd1ed9cb68dab34b,manual,model_primary,e039dcd49f3390d34dc979490dcf46a6ecc43d9e6a2aec08e4952acc14b5006a,Manual Calibration/ROI 7/2026-08-08_163931_866280_1_R7_TEST4,2026-08-08,2026-08-08_163931_866280_1_R7_TEST4,TEST4,7,contact,,,,,,,roi-9fbc67c50ee3bc7145fa,e8b27fb48d15f2792633048d225ae113ba592743aa40276ddd19af79b5ef8b60,baseline-51658c86a67b4547bb12c9bc8fb3efd3,3437d8b0f306156e464b5e4c2ebd9b9ea1b1b298cd69783868f7246fdaeb7714,Manual Calibration/ROI 7/2026-08-08_163931_866280_1_R7_TEST4/session_video.mp4,Manual Calibration/ROI 7/2026-08-08_163931_866280_1_R7_TEST4/master_synchronized.csv,6710295,6448276,c615d942,1311972,c8fce980,354,session_status.json,354,354,354,-0.004453157717335271,7.797289265539243,640,480,480,640,DirectShow,0,-2.0,False,0.0,228.0,130.0,54.0,38.0,110.0,4600.0,True,0.0,True,128.0,4.0,included,,[],model_primary,pass,
1.0.0,6f461b755c26b227c1454a3f35e6683b7b47185c7e533043f0c09e9db5ab1fa5,d5f12dff622e6a7dc8dab85ad2c48858b5422975b67138c91ede303e08c6574b,archive-audit-dd1ed9cb68dab34b,manual,model_primary,e039dcd49f3390d34dc979490dcf46a6ecc43d9e6a2aec08e4952acc14b5006a,Manual Calibration/ROI 7/2026-08-08_164047_397752_1_R7_TEST5,2026-08-08,2026-08-08_164047_397752_1_R7_TEST5,TEST5,7,contact,,,,,,,roi-9fbc67c50ee3bc7145fa,e8b27fb48d15f2792633048d225ae113ba592743aa40276ddd19af79b5ef8b60,baseline-51658c86a67b4547bb12c9bc8fb3efd3,3437d8b0f306156e464b5e4c2ebd9b9ea1b1b298cd69783868f7246fdaeb7714,Manual Calibration/ROI 7/2026-08-08_164047_397752_1_R7_TEST5/session_video.mp4,Manual Calibration/ROI 7/2026-08-08_164047_397752_1_R7_TEST5/master_synchronized.csv,6731046,6467334,0df93796,1315912,87c5eb8c,355,session_status.json,355,355,355,-0.004591111255293908,8.001323585726812,640,480,480,640,DirectShow,0,-2.0,False,0.0,228.0,130.0,54.0,38.0,110.0,4600.0,True,0.0,True,128.0,4.0,included,,[],model_primary,pass,
1.0.0,6f461b755c26b227c1454a3f35e6683b7b47185c7e533043f0c09e9db5ab1fa5,d5f12dff622e6a7dc8dab85ad2c48858b5422975b67138c91ede303e08c6574b,archive-audit-dd1ed9cb68dab34b,manual,model_primary,e039dcd49f3390d34dc979490dcf46a6ecc43d9e6a2aec08e4952acc14b5006a,Manual Calibration/ROI 7/2026-08-08_164148_938417_1_R7_TEST6,2026-08-08,2026-08-08_164148_938417_1_R7_TEST6,TEST6,7,contact,,,,,,,roi-9fbc67c50ee3bc7145fa,e8b27fb48d15f2792633048d225ae113ba592743aa40276ddd19af79b5ef8b60,baseline-51658c86a67b4547bb12c9bc8fb3efd3,3437d8b0f306156e464b5e4c2ebd9b9ea1b1b298cd69783868f7246fdaeb7714,Manual Calibration/ROI 7/2026-08-08_164148_938417_1_R7_TEST6/session_video.mp4,Manual Calibration/ROI 7/2026-08-08_164148_938417_1_R7_TEST6/master_synchronized.csv,7075163,6798256,50dd6848,1381408,1bb5c009,373,session_status.json,373,373,373,-0.009998143780523473,9.497391755263786,640,480,480,640,DirectShow,0,-2.0,False,0.0,228.0,130.0,54.0,38.0,110.0,4600.0,True,0.0,True,128.0,4.0,included,,[],model_primary,pass,
1.0.0,6f461b755c26b227c1454a3f35e6683b7b47185c7e533043f0c09e9db5ab1fa5,d5f12dff622e6a7dc8dab85ad2c48858b5422975b67138c91ede303e08c6574b,archive-audit-dd1ed9cb68dab34b,manual,model_primary,e039dcd49f3390d34dc979490dcf46a6ecc43d9e6a2aec08e4952acc14b5006a,Manual Calibration/ROI 7/2026-08-08_170110_241265_1_R7_NOCONTACT,2026-08-08,2026-08-08_170110_241265_1_R7_NOCONTACT,,7,no_contact,,,,,,,roi-9fbc67c50ee3bc7145fa,e8b27fb48d15f2792633048d225ae113ba592743aa40276ddd19af79b5ef8b60,baseline-c342b333520d438d9221602432ae6aa6,473f96548b8b038da641abdedd3e77857035eeb10cfa4e4508d2898ff5217ff9,Manual Calibration/ROI 7/2026-08-08_170110_241265_1_R7_NOCONTACT/session_video.mp4,Manual Calibration/ROI 7/2026-08-08_170110_241265_1_R7_NOCONTACT/master_synchronized.csv,2365440,2271677,8b43bb09,466788,b101e382,125,session_status.json,125,125,125,-0.007903006491261102,-0.005856513617890193,640,480,480,640,DirectShow,0,-2.0,False,0.0,228.0,130.0,54.0,255.0,110.0,4600.0,True,0.0,True,128.0,4.0,included,,[],no_contact,pass,
1.0.0,6f461b755c26b227c1454a3f35e6683b7b47185c7e533043f0c09e9db5ab1fa5,d5f12dff622e6a7dc8dab85ad2c48858b5422975b67138c91ede303e08c6574b,archive-audit-dd1ed9cb68dab34b,manual,model_primary,e039dcd49f3390d34dc979490dcf46a6ecc43d9e6a2aec08e4952acc14b5006a,Manual Calibration/ROI 7/2026-08-08_171119_484903_1_R7_TEST7,2026-08-08,2026-08-08_171119_484903_1_R7_TEST7,TEST7,7,contact,,,,,,,roi-9fbc67c50ee3bc7145fa,e8b27fb48d15f2792633048d225ae113ba592743aa40276ddd19af79b5ef8b60,baseline-c342b333520d438d9221602432ae6aa6,473f96548b8b038da641abdedd3e77857035eeb10cfa4e4508d2898ff5217ff9,Manual Calibration/ROI 7/2026-08-08_171119_484903_1_R7_TEST7/session_video.mp4,Manual Calibration/ROI 7/2026-08-08_171119_484903_1_R7_TEST7/master_synchronized.csv,2593699,2491765,f104ca4c,510326,fb90e81d,137,session_status.json,137,137,137,-0.0034370792289837187,4.129284245269195,640,480,480,640,DirectShow,0,-2.0,False,0.0,228.0,130.0,54.0,255.0,110.0,4600.0,True,0.0,True,128.0,4.0,included,outside_primary_test1_6,[],replay_only,pass,
1.0.0,6f461b755c26b227c1454a3f35e6683b7b47185c7e533043f0c09e9db5ab1fa5,d5f12dff622e6a7dc8dab85ad2c48858b5422975b67138c91ede303e08c6574b,archive-audit-dd1ed9cb68dab34b,manual,model_primary,e039dcd49f3390d34dc979490dcf46a6ecc43d9e6a2aec08e4952acc14b5006a,Manual Calibration/ROI 7/2026-08-08_175002_082760_1_R7_TEST1_v2,2026-08-08,2026-08-08_175002_082760_1_R7_TEST1_v2,TEST1,7,contact,,,,,,,roi-9fbc67c50ee3bc7145fa,e8b27fb48d15f2792633048d225ae113ba592743aa40276ddd19af79b5ef8b60,baseline-73cfb3c3e0794019ad697f9a5acae3d3,3c972515e7f4a1ba3db364b7f3e0a4fbc2d99b1cfdfd8cc9e74b07a6fa32d4a9,Manual Calibration/ROI 7/2026-08-08_175002_082760_1_R7_TEST1_v2/session_video.mp4,Manual Calibration/ROI 7/2026-08-08_175002_082760_1_R7_TEST1_v2/master_synchronized.csv,1839706,1777069,97d03b25,678650,bf129728,183,session_status.json,183,183,183,0.0009937442324876452,4.400874396089516,640,480,480,640,DirectShow,0,-2.0,False,0.0,228.0,130.0,54.0,38.0,110.0,4600.0,True,0.0,True,128.0,4.0,included,outside_primary_test1_6,[],replay_only,pass,
1.0.0,6f461b755c26b227c1454a3f35e6683b7b47185c7e533043f0c09e9db5ab1fa5,d5f12dff622e6a7dc8dab85ad2c48858b5422975b67138c91ede303e08c6574b,archive-audit-dd1ed9cb68dab34b,manual,model_primary,e039dcd49f3390d34dc979490dcf46a6ecc43d9e6a2aec08e4952acc14b5006a,Manual Calibration/ROI 8/2026-08-08_145956_684487_1_R8_TEST1,2026-08-08,2026-08-08_145956_684487_1_R8_TEST1,TEST1,8,contact,,,,,,,roi-9fbc67c50ee3bc7145fa,e8b27fb48d15f2792633048d225ae113ba592743aa40276ddd19af79b5ef8b60,baseline-94bc554616954e3e994c1b9ae607805d,47fcfe5d93c1edb6ee745cbb182c11e501f9cb06314b690b36e65488e7adce72,Manual Calibration/ROI 8/2026-08-08_145956_684487_1_R8_TEST1/session_video.mp4,Manual Calibration/ROI 8/2026-08-08_145956_684487_1_R8_TEST1/master_synchronized.csv,13170440,12797243,04d71b57,2982308,4c6c7188,804,session_status.json,804,804,804,-0.004305267083882558,17.24270584237026,640,480,480,640,DirectShow,0,-2.0,False,0.0,228.0,130.0,165.0,255.0,110.0,4600.0,True,0.0,True,128.0,4.0,included,,[],model_primary,pass,
1.0.0,6f461b755c26b227c1454a3f35e6683b7b47185c7e533043f0c09e9db5ab1fa5,d5f12dff622e6a7dc8dab85ad2c48858b5422975b67138c91ede303e08c6574b,archive-audit-dd1ed9cb68dab34b,manual,model_primary,e039dcd49f3390d34dc979490dcf46a6ecc43d9e6a2aec08e4952acc14b5006a,Manual Calibration/ROI 8/2026-08-08_164447_078602_1_R8_TEST2,2026-08-08,2026-08-08_164447_078602_1_R8_TEST2,TEST2,8,contact,,,,,,,roi-9fbc67c50ee3bc7145fa,e8b27fb48d15f2792633048d225ae113ba592743aa40276ddd19af79b5ef8b60,baseline-51658c86a67b4547bb12c9bc8fb3efd3,3437d8b0f306156e464b5e4c2ebd9b9ea1b1b298cd69783868f7246fdaeb7714,Manual Calibration/ROI 8/2026-08-08_164447_078602_1_R8_TEST2/session_video.mp4,Manual Calibration/ROI 8/2026-08-08_164447_078602_1_R8_TEST2/master_synchronized.csv,8464441,8132294,86e2f134,1650864,02501efd,446,session_status.json,446,446,446,-0.004377698252710811,9.603607466036276,640,480,480,640,DirectShow,0,-2.0,False,0.0,228.0,130.0,54.0,38.0,110.0,4600.0,True,0.0,True,128.0,4.0,included,,[],model_primary,pass,
1.0.0,6f461b755c26b227c1454a3f35e6683b7b47185c7e533043f0c09e9db5ab1fa5,d5f12dff622e6a7dc8dab85ad2c48858b5422975b67138c91ede303e08c6574b,archive-audit-dd1ed9cb68dab34b,manual,model_primary,e039dcd49f3390d34dc979490dcf46a6ecc43d9e6a2aec08e4952acc14b5006a,Manual Calibration/ROI 8/2026-08-08_164601_437352_1_R8_TEST3,2026-08-08,2026-08-08_164601_437352_1_R8_TEST3,TEST3,8,contact,,,,,,,roi-9fbc67c50ee3bc7145fa,e8b27fb48d15f2792633048d225ae113ba592743aa40276ddd19af79b5ef8b60,baseline-51658c86a67b4547bb12c9bc8fb3efd3,3437d8b0f306156e464b5e4c2ebd9b9ea1b1b298cd69783868f7246fdaeb7714,Manual Calibration/ROI 8/2026-08-08_164601_437352_1_R8_TEST3/session_video.mp4,Manual Calibration/ROI 8/2026-08-08_164601_437352_1_R8_TEST3/master_synchronized.csv,4939541,4746015,5860fe1c,965964,54f86a27,260,session_status.json,260,260,260,-0.0059288453685384605,9.646159334817415,640,480,480,640,DirectShow,0,-2.0,False,0.0,228.0,130.0,54.0,38.0,110.0,4600.0,True,0.0,True,128.0,4.0,included,,[],model_primary,pass,
1.0.0,6f461b755c26b227c1454a3f35e6683b7b47185c7e533043f0c09e9db5ab1fa5,d5f12dff622e6a7dc8dab85ad2c48858b5422975b67138c91ede303e08c6574b,archive-audit-dd1ed9cb68dab34b,manual,model_primary,e039dcd49f3390d34dc979490dcf46a6ecc43d9e6a2aec08e4952acc14b5006a,Manual Calibration/ROI 8/2026-08-08_164959_888615_1_R8_TEST4,2026-08-08,2026-08-08_164959_888615_1_R8_TEST4,TEST4,8,contact,,,,,,,roi-9fbc67c50ee3bc7145fa,e8b27fb48d15f2792633048d225ae113ba592743aa40276ddd19af79b5ef8b60,baseline-c342b333520d438d9221602432ae6aa6,473f96548b8b038da641abdedd3e77857035eeb10cfa4e4508d2898ff5217ff9,Manual Calibration/ROI 8/2026-08-08_164959_888615_1_R8_TEST4/session_video.mp4,Manual Calibration/ROI 8/2026-08-08_164959_888615_1_R8_TEST4/master_synchronized.csv,5628611,5408122,86b88608,1100270,b0b98dd6,297,session_status.json,297,297,297,-0.006735254291632529,11.46512976671077,640,480,480,640,DirectShow,0,-2.0,False,0.0,228.0,130.0,54.0,255.0,110.0,4600.0,True,0.0,True,128.0,4.0,included,,[],model_primary,pass,
1.0.0,6f461b755c26b227c1454a3f35e6683b7b47185c7e533043f0c09e9db5ab1fa5,d5f12dff622e6a7dc8dab85ad2c48858b5422975b67138c91ede303e08c6574b,archive-audit-dd1ed9cb68dab34b,manual,model_primary,e039dcd49f3390d34dc979490dcf46a6ecc43d9e6a2aec08e4952acc14b5006a,Manual Calibration/ROI 8/2026-08-08_165117_429951_1_R8_TEST5,2026-08-08,2026-08-08_165117_429951_1_R8_TEST5,TEST5,8,contact,,,,,,,roi-9fbc67c50ee3bc7145fa,e8b27fb48d15f2792633048d225ae113ba592743aa40276ddd19af79b5ef8b60,baseline-c342b333520d438d9221602432ae6aa6,473f96548b8b038da641abdedd3e77857035eeb10cfa4e4508d2898ff5217ff9,Manual Calibration/ROI 8/2026-08-08_165117_429951_1_R8_TEST5/session_video.mp4,Manual Calibration/ROI 8/2026-08-08_165117_429951_1_R8_TEST5/master_synchronized.csv,5725131,5501166,1275df2d,1120078,01952cac,302,session_status.json,302,302,302,-0.012732914356378053,10.15289308431581,640,480,480,640,DirectShow,0,-2.0,False,0.0,228.0,130.0,54.0,255.0,110.0,4600.0,True,0.0,True,128.0,4.0,included,,[],model_primary,pass,
1.0.0,6f461b755c26b227c1454a3f35e6683b7b47185c7e533043f0c09e9db5ab1fa5,d5f12dff622e6a7dc8dab85ad2c48858b5422975b67138c91ede303e08c6574b,archive-audit-dd1ed9cb68dab34b,manual,model_primary,e039dcd49f3390d34dc979490dcf46a6ecc43d9e6a2aec08e4952acc14b5006a,Manual Calibration/ROI 8/2026-08-08_165208_088150_1_R8_TEST6,2026-08-08,2026-08-08_165208_088150_1_R8_TEST6,TEST6,8,contact,,,,,,,roi-9fbc67c50ee3bc7145fa,e8b27fb48d15f2792633048d225ae113ba592743aa40276ddd19af79b5ef8b60,baseline-c342b333520d438d9221602432ae6aa6,473f96548b8b038da641abdedd3e77857035eeb10cfa4e4508d2898ff5217ff9,Manual Calibration/ROI 8/2026-08-08_165208_088150_1_R8_TEST6/session_video.mp4,Manual Calibration/ROI 8/2026-08-08_165208_088150_1_R8_TEST6/master_synchronized.csv,5018680,4821336,a9a9fa2e,984228,ef0991cc,265,session_status.json,265,265,265,-0.005690426318849815,7.624767032836428,640,480,480,640,DirectShow,0,-2.0,False,0.0,228.0,130.0,54.0,255.0,110.0,4600.0,True,0.0,True,128.0,4.0,included,,[],model_primary,pass,
1.0.0,6f461b755c26b227c1454a3f35e6683b7b47185c7e533043f0c09e9db5ab1fa5,d5f12dff622e6a7dc8dab85ad2c48858b5422975b67138c91ede303e08c6574b,archive-audit-dd1ed9cb68dab34b,manual,model_primary,e039dcd49f3390d34dc979490dcf46a6ecc43d9e6a2aec08e4952acc14b5006a,Manual Calibration/ROI 8/2026-08-08_170033_095779_1_R8_NOCONTACT,2026-08-08,2026-08-08_170033_095779_1_R8_NOCONTACT,,8,no_contact,,,,,,,roi-9fbc67c50ee3bc7145fa,e8b27fb48d15f2792633048d225ae113ba592743aa40276ddd19af79b5ef8b60,baseline-c342b333520d438d9221602432ae6aa6,473f96548b8b038da641abdedd3e77857035eeb10cfa4e4508d2898ff5217ff9,Manual Calibration/ROI 8/2026-08-08_170033_095779_1_R8_NOCONTACT/session_video.mp4,Manual Calibration/ROI 8/2026-08-08_170033_095779_1_R8_NOCONTACT/master_synchronized.csv,2267398,2177708,678265c9,448252,3fec5d4e,120,session_status.json,120,120,120,-0.007963979734710995,-0.005594552976173145,640,480,480,640,DirectShow,0,-2.0,False,0.0,228.0,130.0,54.0,255.0,110.0,4600.0,True,0.0,True,128.0,4.0,included,,[],no_contact,pass,
1.0.0,6f461b755c26b227c1454a3f35e6683b7b47185c7e533043f0c09e9db5ab1fa5,d5f12dff622e6a7dc8dab85ad2c48858b5422975b67138c91ede303e08c6574b,archive-audit-dd1ed9cb68dab34b,manual,model_primary,e039dcd49f3390d34dc979490dcf46a6ecc43d9e6a2aec08e4952acc14b5006a,Manual Calibration/ROI 8/2026-08-08_171224_677409_1_R8_TEST7,2026-08-08,2026-08-08_171224_677409_1_R8_TEST7,TEST7,8,contact,,,,,,,roi-9fbc67c50ee3bc7145fa,e8b27fb48d15f2792633048d225ae113ba592743aa40276ddd19af79b5ef8b60,baseline-c342b333520d438d9221602432ae6aa6,473f96548b8b038da641abdedd3e77857035eeb10cfa4e4508d2898ff5217ff9,Manual Calibration/ROI 8/2026-08-08_171224_677409_1_R8_TEST7/session_video.mp4,Manual Calibration/ROI 8/2026-08-08_171224_677409_1_R8_TEST7/master_synchronized.csv,3124518,3001166,e534b84f,613893,1923337a,165,session_status.json,165,165,165,-0.005079978793564142,5.0426121846416105,640,480,480,640,DirectShow,0,-2.0,False,0.0,228.0,130.0,54.0,255.0,110.0,4600.0,True,0.0,True,128.0,4.0,included,outside_primary_test1_6,[],replay_only,pass,
1.0.0,6f461b755c26b227c1454a3f35e6683b7b47185c7e533043f0c09e9db5ab1fa5,d5f12dff622e6a7dc8dab85ad2c48858b5422975b67138c91ede303e08c6574b,archive-audit-dd1ed9cb68dab34b,manual,model_primary,e039dcd49f3390d34dc979490dcf46a6ecc43d9e6a2aec08e4952acc14b5006a,Manual Calibration/ROI 8/2026-08-08_175043_606100_1_R8_TEST1_v2,2026-08-08,2026-08-08_175043_606100_1_R8_TEST1_v2,TEST1,8,contact,,,,,,,roi-9fbc67c50ee3bc7145fa,e8b27fb48d15f2792633048d225ae113ba592743aa40276ddd19af79b5ef8b60,baseline-73cfb3c3e0794019ad697f9a5acae3d3,3c972515e7f4a1ba3db364b7f3e0a4fbc2d99b1cfdfd8cc9e74b07a6fa32d4a9,Manual Calibration/ROI 8/2026-08-08_175043_606100_1_R8_TEST1_v2/session_video.mp4,Manual Calibration/ROI 8/2026-08-08_175043_606100_1_R8_TEST1_v2/master_synchronized.csv,2252722,2177248,11627efa,830121,90f4c675,224,session_status.json,224,224,224,0.004594199598720364,3.859424809830552,640,480,480,640,DirectShow,0,-2.0,False,0.0,228.0,130.0,54.0,38.0,110.0,4600.0,True,0.0,True,128.0,4.0,included,outside_primary_test1_6,[],replay_only,pass,
1.0.0,6f461b755c26b227c1454a3f35e6683b7b47185c7e533043f0c09e9db5ab1fa5,d5f12dff622e6a7dc8dab85ad2c48858b5422975b67138c91ede303e08c6574b,archive-audit-dd1ed9cb68dab34b,manual,model_primary,e039dcd49f3390d34dc979490dcf46a6ecc43d9e6a2aec08e4952acc14b5006a,Manual Calibration/ROI 9/2026-08-08_150408_799581_1_R9_TEST1,2026-08-08,2026-08-08_150408_799581_1_R9_TEST1,TEST1,9,contact,,,,,,,roi-9fbc67c50ee3bc7145fa,e8b27fb48d15f2792633048d225ae113ba592743aa40276ddd19af79b5ef8b60,baseline-94bc554616954e3e994c1b9ae607805d,47fcfe5d93c1edb6ee745cbb182c11e501f9cb06314b690b36e65488e7adce72,Manual Calibration/ROI 9/2026-08-08_150408_799581_1_R9_TEST1/session_video.mp4,Manual Calibration/ROI 9/2026-08-08_150408_799581_1_R9_TEST1/master_synchronized.csv,13120267,12746995,084c985d,2960919,36e3721d,798,session_status.json,798,798,798,-0.004635082612890529,15.343633985320844,640,480,480,640,DirectShow,0,-2.0,False,0.0,228.0,130.0,165.0,255.0,110.0,4600.0,True,0.0,True,128.0,4.0,included,,[],model_primary,pass,
1.0.0,6f461b755c26b227c1454a3f35e6683b7b47185c7e533043f0c09e9db5ab1fa5,d5f12dff622e6a7dc8dab85ad2c48858b5422975b67138c91ede303e08c6574b,archive-audit-dd1ed9cb68dab34b,manual,model_primary,e039dcd49f3390d34dc979490dcf46a6ecc43d9e6a2aec08e4952acc14b5006a,Manual Calibration/ROI 9/2026-08-08_165304_567552_1_R9_TEST2,2026-08-08,2026-08-08_165304_567552_1_R9_TEST2,TEST2,9,contact,,,,,,,roi-9fbc67c50ee3bc7145fa,e8b27fb48d15f2792633048d225ae113ba592743aa40276ddd19af79b5ef8b60,baseline-c342b333520d438d9221602432ae6aa6,473f96548b8b038da641abdedd3e77857035eeb10cfa4e4508d2898ff5217ff9,Manual Calibration/ROI 9/2026-08-08_165304_567552_1_R9_TEST2/session_video.mp4,Manual Calibration/ROI 9/2026-08-08_165304_567552_1_R9_TEST2/master_synchronized.csv,5683630,5459837,226c5f1d,1111762,4deb1747,300,session_status.json,300,300,300,-0.0044651445316988845,10.0524855934329,640,480,480,640,DirectShow,0,-2.0,False,0.0,228.0,130.0,54.0,255.0,110.0,4600.0,True,0.0,True,128.0,4.0,included,,[],model_primary,pass,
1.0.0,6f461b755c26b227c1454a3f35e6683b7b47185c7e533043f0c09e9db5ab1fa5,d5f12dff622e6a7dc8dab85ad2c48858b5422975b67138c91ede303e08c6574b,archive-audit-dd1ed9cb68dab34b,manual,model_primary,e039dcd49f3390d34dc979490dcf46a6ecc43d9e6a2aec08e4952acc14b5006a,Manual Calibration/ROI 9/2026-08-08_165433_326903_1_R9_TEST3,2026-08-08,2026-08-08_165433_326903_1_R9_TEST3,TEST3,9,contact,,,,,,,roi-9fbc67c50ee3bc7145fa,e8b27fb48d15f2792633048d225ae113ba592743aa40276ddd19af79b5ef8b60,baseline-c342b333520d438d9221602432ae6aa6,473f96548b8b038da641abdedd3e77857035eeb10cfa4e4508d2898ff5217ff9,Manual Calibration/ROI 9/2026-08-08_165433_326903_1_R9_TEST3/session_video.mp4,Manual Calibration/ROI 9/2026-08-08_165433_326903_1_R9_TEST3/master_synchronized.csv,5191557,4986260,03ac68d2,1016345,25dbcbc1,274,session_status.json,274,274,274,-0.008475013749062125,7.910744236210788,640,480,480,640,DirectShow,0,-2.0,False,0.0,228.0,130.0,54.0,255.0,110.0,4600.0,True,0.0,True,128.0,4.0,included,,[],model_primary,pass,
1.0.0,6f461b755c26b227c1454a3f35e6683b7b47185c7e533043f0c09e9db5ab1fa5,d5f12dff622e6a7dc8dab85ad2c48858b5422975b67138c91ede303e08c6574b,archive-audit-dd1ed9cb68dab34b,manual,model_primary,e039dcd49f3390d34dc979490dcf46a6ecc43d9e6a2aec08e4952acc14b5006a,Manual Calibration/ROI 9/2026-08-08_165519_988311_1_R9_TEST4,2026-08-08,2026-08-08_165519_988311_1_R9_TEST4,TEST4,9,contact,,,,,,,roi-9fbc67c50ee3bc7145fa,e8b27fb48d15f2792633048d225ae113ba592743aa40276ddd19af79b5ef8b60,baseline-c342b333520d438d9221602432ae6aa6,473f96548b8b038da641abdedd3e77857035eeb10cfa4e4508d2898ff5217ff9,Manual Calibration/ROI 9/2026-08-08_165519_988311_1_R9_TEST4/session_video.mp4,Manual Calibration/ROI 9/2026-08-08_165519_988311_1_R9_TEST4/master_synchronized.csv,5405492,5192720,c6d86f2f,1060075,f083cda4,286,session_status.json,286,286,286,-0.004847969936996648,9.073518295020417,640,480,480,640,DirectShow,0,-2.0,False,0.0,228.0,130.0,54.0,255.0,110.0,4600.0,True,0.0,True,128.0,4.0,included,,[],model_primary,pass,
1.0.0,6f461b755c26b227c1454a3f35e6683b7b47185c7e533043f0c09e9db5ab1fa5,d5f12dff622e6a7dc8dab85ad2c48858b5422975b67138c91ede303e08c6574b,archive-audit-dd1ed9cb68dab34b,manual,model_primary,e039dcd49f3390d34dc979490dcf46a6ecc43d9e6a2aec08e4952acc14b5006a,Manual Calibration/ROI 9/2026-08-08_165607_836382_1_R9_TEST5,2026-08-08,2026-08-08_165607_836382_1_R9_TEST5,TEST5,9,contact,,,,,,,roi-9fbc67c50ee3bc7145fa,e8b27fb48d15f2792633048d225ae113ba592743aa40276ddd19af79b5ef8b60,baseline-c342b333520d438d9221602432ae6aa6,473f96548b8b038da641abdedd3e77857035eeb10cfa4e4508d2898ff5217ff9,Manual Calibration/ROI 9/2026-08-08_165607_836382_1_R9_TEST5/session_video.mp4,Manual Calibration/ROI 9/2026-08-08_165607_836382_1_R9_TEST5/master_synchronized.csv,6263493,6017205,fb677e08,1226531,c4f3b6c3,331,session_status.json,331,331,331,-0.00037722964422782265,8.398043155829034,640,480,480,640,DirectShow,0,-2.0,False,0.0,228.0,130.0,54.0,255.0,110.0,4600.0,True,0.0,True,128.0,4.0,included,,[],model_primary,pass,
1.0.0,6f461b755c26b227c1454a3f35e6683b7b47185c7e533043f0c09e9db5ab1fa5,d5f12dff622e6a7dc8dab85ad2c48858b5422975b67138c91ede303e08c6574b,archive-audit-dd1ed9cb68dab34b,manual,model_primary,e039dcd49f3390d34dc979490dcf46a6ecc43d9e6a2aec08e4952acc14b5006a,Manual Calibration/ROI 9/2026-08-08_165709_643597_1_R9_TEST6,2026-08-08,2026-08-08_165709_643597_1_R9_TEST6,TEST6,9,contact,,,,,,,roi-9fbc67c50ee3bc7145fa,e8b27fb48d15f2792633048d225ae113ba592743aa40276ddd19af79b5ef8b60,baseline-c342b333520d438d9221602432ae6aa6,473f96548b8b038da641abdedd3e77857035eeb10cfa4e4508d2898ff5217ff9,Manual Calibration/ROI 9/2026-08-08_165709_643597_1_R9_TEST6/session_video.mp4,Manual Calibration/ROI 9/2026-08-08_165709_643597_1_R9_TEST6/master_synchronized.csv,6790707,6522645,8b8f9967,1330511,2c6c3547,359,session_status.json,359,359,359,-0.005149109631361177,8.219388721904291,640,480,480,640,DirectShow,0,-2.0,False,0.0,228.0,130.0,54.0,255.0,110.0,4600.0,True,0.0,True,128.0,4.0,included,,[],model_primary,pass,
1.0.0,6f461b755c26b227c1454a3f35e6683b7b47185c7e533043f0c09e9db5ab1fa5,d5f12dff622e6a7dc8dab85ad2c48858b5422975b67138c91ede303e08c6574b,archive-audit-dd1ed9cb68dab34b,manual,model_primary,e039dcd49f3390d34dc979490dcf46a6ecc43d9e6a2aec08e4952acc14b5006a,Manual Calibration/ROI 9/2026-08-08_165945_733163_1_R9_NOCONTACT,2026-08-08,2026-08-08_165945_733163_1_R9_NOCONTACT,,9,no_contact,,,,,,,roi-9fbc67c50ee3bc7145fa,e8b27fb48d15f2792633048d225ae113ba592743aa40276ddd19af79b5ef8b60,baseline-c342b333520d438d9221602432ae6aa6,473f96548b8b038da641abdedd3e77857035eeb10cfa4e4508d2898ff5217ff9,Manual Calibration/ROI 9/2026-08-08_165945_733163_1_R9_NOCONTACT/session_video.mp4,Manual Calibration/ROI 9/2026-08-08_165945_733163_1_R9_NOCONTACT/master_synchronized.csv,2270659,2181338,0d3f4317,448299,d4118a65,120,session_status.json,120,120,120,-0.008877601560824845,-0.006630031177165615,640,480,480,640,DirectShow,0,-2.0,False,0.0,228.0,130.0,54.0,255.0,110.0,4600.0,True,0.0,True,128.0,4.0,included,,[],no_contact,pass,
1.0.0,6f461b755c26b227c1454a3f35e6683b7b47185c7e533043f0c09e9db5ab1fa5,d5f12dff622e6a7dc8dab85ad2c48858b5422975b67138c91ede303e08c6574b,archive-audit-dd1ed9cb68dab34b,manual,model_primary,e039dcd49f3390d34dc979490dcf46a6ecc43d9e6a2aec08e4952acc14b5006a,Manual Calibration/ROI 9/2026-08-08_171310_689179_1_R9_TEST7,2026-08-08,2026-08-08_171310_689179_1_R9_TEST7,TEST7,9,contact,,,,,,,roi-9fbc67c50ee3bc7145fa,e8b27fb48d15f2792633048d225ae113ba592743aa40276ddd19af79b5ef8b60,baseline-c342b333520d438d9221602432ae6aa6,473f96548b8b038da641abdedd3e77857035eeb10cfa4e4508d2898ff5217ff9,Manual Calibration/ROI 9/2026-08-08_171310_689179_1_R9_TEST7/session_video.mp4,Manual Calibration/ROI 9/2026-08-08_171310_689179_1_R9_TEST7/master_synchronized.csv,2630467,2526289,a4cf8a71,517956,0f0015ca,139,session_status.json,139,139,139,-0.004732812372307447,4.844617721617407,640,480,480,640,DirectShow,0,-2.0,False,0.0,228.0,130.0,54.0,255.0,110.0,4600.0,True,0.0,True,128.0,4.0,included,outside_primary_test1_6,[],replay_only,pass,
1.0.0,6f461b755c26b227c1454a3f35e6683b7b47185c7e533043f0c09e9db5ab1fa5,d5f12dff622e6a7dc8dab85ad2c48858b5422975b67138c91ede303e08c6574b,archive-audit-dd1ed9cb68dab34b,manual,model_primary,e039dcd49f3390d34dc979490dcf46a6ecc43d9e6a2aec08e4952acc14b5006a,Manual Calibration/ROI 9/2026-08-08_175136_976213_1_R9_TEST1_v2,2026-08-08,2026-08-08_175136_976213_1_R9_TEST1_v2,TEST1,9,contact,,,,,,,roi-9fbc67c50ee3bc7145fa,e8b27fb48d15f2792633048d225ae113ba592743aa40276ddd19af79b5ef8b60,baseline-73cfb3c3e0794019ad697f9a5acae3d3,3c972515e7f4a1ba3db364b7f3e0a4fbc2d99b1cfdfd8cc9e74b07a6fa32d4a9,Manual Calibration/ROI 9/2026-08-08_175136_976213_1_R9_TEST1_v2/session_video.mp4,Manual Calibration/ROI 9/2026-08-08_175136_976213_1_R9_TEST1_v2/master_synchronized.csv,1932025,1866706,9e9c8fa6,712804,ef3b3fd3,192,session_status.json,192,192,192,0.0041793734915492285,4.315715570938789,640,480,480,640,DirectShow,0,-2.0,False,0.0,228.0,130.0,54.0,38.0,110.0,4600.0,True,0.0,True,128.0,4.0,included,outside_primary_test1_6,[],replay_only,pass,
