outer_fold,condition,lag_ms,conditional_force_mae_N,displayed_force_mae_N,contact_recall,forced_localization_macro_f1,force_spearman_rho,predicted_to_true_sd_ratio
1,zero_lag,0,0.3188846247719572,0.33679471257719235,0.9972305140961857,0.9371030395286566,0.04519359678960485,0.19549154803197066
1,bidirectional_inner_selected,-140,0.320422341645905,0.34083717269100217,0.9967105084892727,0.9472753814248125,0.03156329533713333,0.1293289042280921
2,zero_lag,0,0.31224396027328116,0.4111806681260337,0.9968112497524262,0.6888794540341752,0.06345332475209492,0.16409592529882142
2,bidirectional_inner_selected,-430,0.32790679804201134,0.4328095124256985,0.9954228520017993,0.6869525621907838,0.16825904314455914,0.10998521556094605
3,zero_lag,0,0.3409501104021662,0.4493634542925785,0.9576658250836749,0.9219551182265797,0.20024363498166164,0.10716399111401824
3,bidirectional_inner_selected,240,0.3380159472633578,0.44621401513157366,0.9655855723876342,0.9172606795279425,0.25296939350017594,0.13548533860426434
4,zero_lag,0,0.36156650873311746,0.5579109527714592,0.9306006510485302,0.8257980603410552,0.20781262824778374,0.14910975066848603
4,bidirectional_inner_selected,-430,0.30553158578234296,0.6805161559612336,0.8934761946313312,0.794091106322423,0.19991116136288414,0.1444449009210851
5,zero_lag,0,0.3219887334549798,0.42828632275714157,0.956523385840939,0.9047849181133345,0.11439050394885784,0.154747702307812
5,bidirectional_inner_selected,-430,0.30900334507314486,0.42489239605392964,0.9579531012051543,0.9021872677525626,0.16616804107068622,0.14735551801352814
6,zero_lag,0,0.36919725101796214,0.6591839255112509,0.9987922705314011,0.7562010171685523,0.29621377960653106,0.2062496898765586
6,bidirectional_inner_selected,-160,0.35539219218081847,0.5274233363526244,0.9987515605493135,0.7705368309167971,0.28553980634597886,0.18555428243311714
